Fitter report for top_level_matrix
Wed Apr 02 13:43:49 2025
Quartus Prime Version 18.1.0 Build 625 09/12/2018 SJ Lite Edition


---------------------
; Table of Contents ;
---------------------
  1. Legal Notice
  2. Fitter Summary
  3. Fitter Settings
  4. Parallel Compilation
  5. Fitter Netlist Optimizations
  6. Ignored Assignments
  7. Incremental Compilation Preservation Summary
  8. Incremental Compilation Partition Settings
  9. Incremental Compilation Placement Preservation
 10. Pin-Out File
 11. Fitter Resource Usage Summary
 12. Fitter Partition Statistics
 13. Input Pins
 14. Output Pins
 15. I/O Bank Usage
 16. All Package Pins
 17. I/O Assignment Warnings
 18. Fitter Resource Utilization by Entity
 19. Delay Chain Summary
 20. Pad To Core Delay Chain Fanout
 21. Control Signals
 22. Global & Other Fast Signals
 23. Non-Global High Fan-Out Signals
 24. Routing Usage Summary
 25. I/O Rules Summary
 26. I/O Rules Details
 27. I/O Rules Matrix
 28. Fitter Device Options
 29. Operating Settings and Conditions
 30. Estimated Delay Added for Hold Timing Summary
 31. Estimated Delay Added for Hold Timing Details
 32. Fitter Messages
 33. Fitter Suppressed Messages



----------------
; Legal Notice ;
----------------
Copyright (C) 2018  Intel Corporation. All rights reserved.
Your use of Intel Corporation's design tools, logic functions 
and other software and tools, and its AMPP partner logic 
functions, and any output files from any of the foregoing 
(including device programming or simulation files), and any 
associated documentation or information are expressly subject 
to the terms and conditions of the Intel Program License 
Subscription Agreement, the Intel Quartus Prime License Agreement,
the Intel FPGA IP License Agreement, or other applicable license
agreement, including, without limitation, that your use is for
the sole purpose of programming logic devices manufactured by
Intel and sold by Intel or its authorized distributors.  Please
refer to the applicable agreement for further details.



+-------------------------------------------------------------------------------+
; Fitter Summary                                                                ;
+---------------------------------+---------------------------------------------+
; Fitter Status                   ; Successful - Wed Apr 02 13:43:49 2025       ;
; Quartus Prime Version           ; 18.1.0 Build 625 09/12/2018 SJ Lite Edition ;
; Revision Name                   ; top_level_matrix                            ;
; Top-level Entity Name           ; top_level_matrix                            ;
; Family                          ; Cyclone V                                   ;
; Device                          ; 5CSEMA4U23C6                                ;
; Timing Models                   ; Final                                       ;
; Logic utilization (in ALMs)     ; 2,973 / 15,880 ( 19 % )                     ;
; Total registers                 ; 3317                                        ;
; Total pins                      ; 28 / 314 ( 9 % )                            ;
; Total virtual pins              ; 0                                           ;
; Total block memory bits         ; 0 / 2,764,800 ( 0 % )                       ;
; Total RAM Blocks                ; 0 / 270 ( 0 % )                             ;
; Total DSP Blocks                ; 0 / 84 ( 0 % )                              ;
; Total HSSI RX PCSs              ; 0                                           ;
; Total HSSI PMA RX Deserializers ; 0                                           ;
; Total HSSI TX PCSs              ; 0                                           ;
; Total HSSI PMA TX Serializers   ; 0                                           ;
; Total PLLs                      ; 0 / 5 ( 0 % )                               ;
; Total DLLs                      ; 0 / 4 ( 0 % )                               ;
+---------------------------------+---------------------------------------------+


+----------------------------------------------------------------------------------------------------------------------------------------------------+
; Fitter Settings                                                                                                                                    ;
+--------------------------------------------------------------------+---------------------------------------+---------------------------------------+
; Option                                                             ; Setting                               ; Default Value                         ;
+--------------------------------------------------------------------+---------------------------------------+---------------------------------------+
; Device                                                             ; 5CSEMA4U23C6                          ;                                       ;
; Minimum Core Junction Temperature                                  ; 0                                     ;                                       ;
; Maximum Core Junction Temperature                                  ; 85                                    ;                                       ;
; Use smart compilation                                              ; Off                                   ; Off                                   ;
; Enable parallel Assembler and Timing Analyzer during compilation   ; On                                    ; On                                    ;
; Enable compact report table                                        ; Off                                   ; Off                                   ;
; Router Timing Optimization Level                                   ; Normal                                ; Normal                                ;
; Perform Clocking Topology Analysis During Routing                  ; Off                                   ; Off                                   ;
; Placement Effort Multiplier                                        ; 1.0                                   ; 1.0                                   ;
; Device initialization clock source                                 ; INIT_INTOSC                           ; INIT_INTOSC                           ;
; Optimize Hold Timing                                               ; All Paths                             ; All Paths                             ;
; Optimize Multi-Corner Timing                                       ; On                                    ; On                                    ;
; Auto RAM to MLAB Conversion                                        ; On                                    ; On                                    ;
; Equivalent RAM and MLAB Power Up                                   ; Auto                                  ; Auto                                  ;
; Equivalent RAM and MLAB Paused Read Capabilities                   ; Care                                  ; Care                                  ;
; Power Optimization During Fitting                                  ; Normal compilation                    ; Normal compilation                    ;
; SSN Optimization                                                   ; Off                                   ; Off                                   ;
; Optimize Timing                                                    ; Normal compilation                    ; Normal compilation                    ;
; Optimize Timing for ECOs                                           ; Off                                   ; Off                                   ;
; Regenerate Full Fit Report During ECO Compiles                     ; Off                                   ; Off                                   ;
; Optimize IOC Register Placement for Timing                         ; Normal                                ; Normal                                ;
; Final Placement Optimizations                                      ; Automatically                         ; Automatically                         ;
; Fitter Aggressive Routability Optimizations                        ; Automatically                         ; Automatically                         ;
; Fitter Initial Placement Seed                                      ; 1                                     ; 1                                     ;
; Periphery to Core Placement and Routing Optimization               ; Off                                   ; Off                                   ;
; Weak Pull-Up Resistor                                              ; Off                                   ; Off                                   ;
; Enable Bus-Hold Circuitry                                          ; Off                                   ; Off                                   ;
; Auto Packed Registers                                              ; Auto                                  ; Auto                                  ;
; Auto Delay Chains                                                  ; On                                    ; On                                    ;
; Auto Delay Chains for High Fanout Input Pins                       ; Off                                   ; Off                                   ;
; Treat Bidirectional Pin as Output Pin                              ; Off                                   ; Off                                   ;
; Perform Physical Synthesis for Combinational Logic for Fitting     ; Off                                   ; Off                                   ;
; Perform Physical Synthesis for Combinational Logic for Performance ; Off                                   ; Off                                   ;
; Perform Register Duplication for Performance                       ; Off                                   ; Off                                   ;
; Perform Register Retiming for Performance                          ; Off                                   ; Off                                   ;
; Perform Asynchronous Signal Pipelining                             ; Off                                   ; Off                                   ;
; Fitter Effort                                                      ; Auto Fit                              ; Auto Fit                              ;
; Physical Synthesis Effort Level                                    ; Normal                                ; Normal                                ;
; Logic Cell Insertion - Logic Duplication                           ; Auto                                  ; Auto                                  ;
; Auto Register Duplication                                          ; Auto                                  ; Auto                                  ;
; Auto Global Clock                                                  ; On                                    ; On                                    ;
; Auto Global Register Control Signals                               ; On                                    ; On                                    ;
; Reserve all unused pins                                            ; As input tri-stated with weak pull-up ; As input tri-stated with weak pull-up ;
; Synchronizer Identification                                        ; Auto                                  ; Auto                                  ;
; Enable Beneficial Skew Optimization                                ; On                                    ; On                                    ;
; Optimize Design for Metastability                                  ; On                                    ; On                                    ;
; Active Serial clock source                                         ; FREQ_100MHz                           ; FREQ_100MHz                           ;
; Force Fitter to Avoid Periphery Placement Warnings                 ; Off                                   ; Off                                   ;
; Clamping Diode                                                     ; Off                                   ; Off                                   ;
; Enable input tri-state on active configuration pins in user mode   ; Off                                   ; Off                                   ;
; Advanced Physical Optimization                                     ; On                                    ; On                                    ;
+--------------------------------------------------------------------+---------------------------------------+---------------------------------------+


+------------------------------------------+
; Parallel Compilation                     ;
+----------------------------+-------------+
; Processors                 ; Number      ;
+----------------------------+-------------+
; Number detected on machine ; 12          ;
; Maximum allowed            ; 10          ;
;                            ;             ;
; Average used               ; 1.15        ;
; Maximum used               ; 10          ;
;                            ;             ;
; Usage by Processor         ; % Time Used ;
;     Processor 1            ; 100.0%      ;
;     Processor 2            ;   2.1%      ;
;     Processor 3            ;   1.8%      ;
;     Processor 4            ;   1.7%      ;
;     Processor 5            ;   1.6%      ;
;     Processor 6            ;   1.6%      ;
;     Processor 7            ;   1.6%      ;
;     Processor 8            ;   1.6%      ;
;     Processor 9            ;   1.5%      ;
;     Processor 10           ;   1.5%      ;
+----------------------------+-------------+


+---------------------------------------------------------------------------------------------------------------------------------------------------------------------------------------------------------------------------------------------------------------------------------------------+
; Fitter Netlist Optimizations                                                                                                                                                                                                                                                                ;
+------------------------------------------------------+------------+---------------------------------------------------+----------------------------+-----------+----------------+----------------------------------------------------------------+------------------+-----------------------+
; Node                                                 ; Action     ; Operation                                         ; Reason                     ; Node Port ; Node Port Name ; Destination Node                                               ; Destination Port ; Destination Port Name ;
+------------------------------------------------------+------------+---------------------------------------------------+----------------------------+-----------+----------------+----------------------------------------------------------------+------------------+-----------------------+
; CLK~inputCLKENA0                                     ; Created    ; Placement                                         ; Fitter Periphery Placement ;           ;                ;                                                                ;                  ;                       ;
; counter[2]~CLKENA0                                   ; Created    ; Placement                                         ; Fitter Periphery Placement ;           ;                ;                                                                ;                  ;                       ;
; s1~inputCLKENA0                                      ; Created    ; Placement                                         ; Fitter Periphery Placement ;           ;                ;                                                                ;                  ;                       ;
; adcinterface:adcinterface_0|sck_count[1]             ; Duplicated ; Router Logic Cell Insertion and Logic Duplication ; Routability optimization   ;           ;                ; adcinterface:adcinterface_0|sck_count[1]~DUPLICATE             ;                  ;                       ;
; adcinterface:adcinterface_0|sck_count[2]             ; Duplicated ; Router Logic Cell Insertion and Logic Duplication ; Routability optimization   ;           ;                ; adcinterface:adcinterface_0|sck_count[2]~DUPLICATE             ;                  ;                       ;
; adcinterface:adcinterface_0|state.STATE_CAPTURE_DATA ; Duplicated ; Router Logic Cell Insertion and Logic Duplication ; Routability optimization   ;           ;                ; adcinterface:adcinterface_0|state.STATE_CAPTURE_DATA~DUPLICATE ;                  ;                       ;
; adcinterface:adcinterface_0|state.STATE_IDLE         ; Duplicated ; Router Logic Cell Insertion and Logic Duplication ; Routability optimization   ;           ;                ; adcinterface:adcinterface_0|state.STATE_IDLE~DUPLICATE         ;                  ;                       ;
; adcinterface:adcinterface_0|temp_result[10]          ; Duplicated ; Router Logic Cell Insertion and Logic Duplication ; Routability optimization   ;           ;                ; adcinterface:adcinterface_0|temp_result[10]~DUPLICATE          ;                  ;                       ;
; encoder:encoder_1|a_stable                           ; Duplicated ; Router Logic Cell Insertion and Logic Duplication ; Routability optimization   ;           ;                ; encoder:encoder_1|a_stable~DUPLICATE                           ;                  ;                       ;
; encoder:encoder_1|b_stable                           ; Duplicated ; Router Logic Cell Insertion and Logic Duplication ; Routability optimization   ;           ;                ; encoder:encoder_1|b_stable~DUPLICATE                           ;                  ;                       ;
; encoder:encoder_1|prev_a                             ; Duplicated ; Router Logic Cell Insertion and Logic Duplication ; Routability optimization   ;           ;                ; encoder:encoder_1|prev_a~DUPLICATE                             ;                  ;                       ;
; encoder:encoder_2|a_stable                           ; Duplicated ; Router Logic Cell Insertion and Logic Duplication ; Routability optimization   ;           ;                ; encoder:encoder_2|a_stable~DUPLICATE                           ;                  ;                       ;
; encoder:encoder_2|b_stable                           ; Duplicated ; Router Logic Cell Insertion and Logic Duplication ; Routability optimization   ;           ;                ; encoder:encoder_2|b_stable~DUPLICATE                           ;                  ;                       ;
; encoder:encoder_2|prev_a                             ; Duplicated ; Router Logic Cell Insertion and Logic Duplication ; Routability optimization   ;           ;                ; encoder:encoder_2|prev_a~DUPLICATE                             ;                  ;                       ;
; encoder:encoder_2|prev_b                             ; Duplicated ; Router Logic Cell Insertion and Logic Duplication ; Routability optimization   ;           ;                ; encoder:encoder_2|prev_b~DUPLICATE                             ;                  ;                       ;
; etch_a_sketch:game_logic|cursor_pos[0]               ; Duplicated ; Router Logic Cell Insertion and Logic Duplication ; Routability optimization   ;           ;                ; etch_a_sketch:game_logic|cursor_pos[0]~DUPLICATE               ;                  ;                       ;
; etch_a_sketch:game_logic|cursor_pos[3]               ; Duplicated ; Router Logic Cell Insertion and Logic Duplication ; Routability optimization   ;           ;                ; etch_a_sketch:game_logic|cursor_pos[3]~DUPLICATE               ;                  ;                       ;
; etch_a_sketch:game_logic|cursor_pos[4]               ; Duplicated ; Router Logic Cell Insertion and Logic Duplication ; Routability optimization   ;           ;                ; etch_a_sketch:game_logic|cursor_pos[4]~DUPLICATE               ;                  ;                       ;
; etch_a_sketch:game_logic|cursor_pos[5]               ; Duplicated ; Router Logic Cell Insertion and Logic Duplication ; Routability optimization   ;           ;                ; etch_a_sketch:game_logic|cursor_pos[5]~DUPLICATE               ;                  ;                       ;
; etch_a_sketch:game_logic|cursor_pos[6]               ; Duplicated ; Router Logic Cell Insertion and Logic Duplication ; Routability optimization   ;           ;                ; etch_a_sketch:game_logic|cursor_pos[6]~DUPLICATE               ;                  ;                       ;
; etch_a_sketch:game_logic|cursor_pos[7]               ; Duplicated ; Router Logic Cell Insertion and Logic Duplication ; Routability optimization   ;           ;                ; etch_a_sketch:game_logic|cursor_pos[7]~DUPLICATE               ;                  ;                       ;
; etch_a_sketch:game_logic|cursor_pos[8]               ; Duplicated ; Router Logic Cell Insertion and Logic Duplication ; Routability optimization   ;           ;                ; etch_a_sketch:game_logic|cursor_pos[8]~DUPLICATE               ;                  ;                       ;
; etch_a_sketch:game_logic|shake_counter[0]            ; Duplicated ; Router Logic Cell Insertion and Logic Duplication ; Routability optimization   ;           ;                ; etch_a_sketch:game_logic|shake_counter[0]~DUPLICATE            ;                  ;                       ;
; led_matrix_ctrl_path:ctrl_path|cycle_count[9]        ; Duplicated ; Router Logic Cell Insertion and Logic Duplication ; Routability optimization   ;           ;                ; led_matrix_ctrl_path:ctrl_path|cycle_count[9]~DUPLICATE        ;                  ;                       ;
; led_matrix_ctrl_path:ctrl_path|state.DATA            ; Duplicated ; Router Logic Cell Insertion and Logic Duplication ; Routability optimization   ;           ;                ; led_matrix_ctrl_path:ctrl_path|state.DATA~DUPLICATE            ;                  ;                       ;
; led_matrix_ctrl_path:ctrl_path|state.DEAD            ; Duplicated ; Router Logic Cell Insertion and Logic Duplication ; Routability optimization   ;           ;                ; led_matrix_ctrl_path:ctrl_path|state.DEAD~DUPLICATE            ;                  ;                       ;
; led_matrix_data_path:data_path|addr[0]               ; Duplicated ; Router Logic Cell Insertion and Logic Duplication ; Routability optimization   ;           ;                ; led_matrix_data_path:data_path|addr[0]~DUPLICATE               ;                  ;                       ;
; led_matrix_data_path:data_path|addr[1]               ; Duplicated ; Router Logic Cell Insertion and Logic Duplication ; Routability optimization   ;           ;                ; led_matrix_data_path:data_path|addr[1]~DUPLICATE               ;                  ;                       ;
; led_matrix_data_path:data_path|addr[2]               ; Duplicated ; Router Logic Cell Insertion and Logic Duplication ; Routability optimization   ;           ;                ; led_matrix_data_path:data_path|addr[2]~DUPLICATE               ;                  ;                       ;
; led_matrix_data_path:data_path|addr[3]               ; Duplicated ; Router Logic Cell Insertion and Logic Duplication ; Routability optimization   ;           ;                ; led_matrix_data_path:data_path|addr[3]~DUPLICATE               ;                  ;                       ;
; led_matrix_data_path:data_path|addr[5]               ; Duplicated ; Router Logic Cell Insertion and Logic Duplication ; Routability optimization   ;           ;                ; led_matrix_data_path:data_path|addr[5]~DUPLICATE               ;                  ;                       ;
; led_matrix_data_path:data_path|addr[6]               ; Duplicated ; Router Logic Cell Insertion and Logic Duplication ; Routability optimization   ;           ;                ; led_matrix_data_path:data_path|addr[6]~DUPLICATE               ;                  ;                       ;
; led_matrix_data_path:data_path|addr[7]               ; Duplicated ; Router Logic Cell Insertion and Logic Duplication ; Routability optimization   ;           ;                ; led_matrix_data_path:data_path|addr[7]~DUPLICATE               ;                  ;                       ;
; led_matrix_data_path:data_path|write_addr[0]         ; Duplicated ; Router Logic Cell Insertion and Logic Duplication ; Routability optimization   ;           ;                ; led_matrix_data_path:data_path|write_addr[0]~DUPLICATE         ;                  ;                       ;
; led_matrix_data_path:data_path|write_addr[1]         ; Duplicated ; Router Logic Cell Insertion and Logic Duplication ; Routability optimization   ;           ;                ; led_matrix_data_path:data_path|write_addr[1]~DUPLICATE         ;                  ;                       ;
; led_matrix_data_path:data_path|write_addr[2]         ; Duplicated ; Router Logic Cell Insertion and Logic Duplication ; Routability optimization   ;           ;                ; led_matrix_data_path:data_path|write_addr[2]~DUPLICATE         ;                  ;                       ;
; led_matrix_data_path:data_path|write_addr[3]         ; Duplicated ; Router Logic Cell Insertion and Logic Duplication ; Routability optimization   ;           ;                ; led_matrix_data_path:data_path|write_addr[3]~DUPLICATE         ;                  ;                       ;
; led_matrix_data_path:data_path|write_addr[4]         ; Duplicated ; Router Logic Cell Insertion and Logic Duplication ; Routability optimization   ;           ;                ; led_matrix_data_path:data_path|write_addr[4]~DUPLICATE         ;                  ;                       ;
; led_matrix_data_path:data_path|write_addr[5]         ; Duplicated ; Router Logic Cell Insertion and Logic Duplication ; Routability optimization   ;           ;                ; led_matrix_data_path:data_path|write_addr[5]~DUPLICATE         ;                  ;                       ;
; led_matrix_data_path:data_path|write_addr[6]         ; Duplicated ; Router Logic Cell Insertion and Logic Duplication ; Routability optimization   ;           ;                ; led_matrix_data_path:data_path|write_addr[6]~DUPLICATE         ;                  ;                       ;
; led_matrix_data_path:data_path|write_addr[7]         ; Duplicated ; Router Logic Cell Insertion and Logic Duplication ; Routability optimization   ;           ;                ; led_matrix_data_path:data_path|write_addr[7]~DUPLICATE         ;                  ;                       ;
; led_matrix_data_path:data_path|write_addr[8]         ; Duplicated ; Router Logic Cell Insertion and Logic Duplication ; Routability optimization   ;           ;                ; led_matrix_data_path:data_path|write_addr[8]~DUPLICATE         ;                  ;                       ;
+------------------------------------------------------+------------+---------------------------------------------------+----------------------------+-----------+----------------+----------------------------------------------------------------+------------------+-----------------------+


+---------------------------------------------------------------------------------------------+
; Ignored Assignments                                                                         ;
+----------+----------------+--------------+-----------------+---------------+----------------+
; Name     ; Ignored Entity ; Ignored From ; Ignored To      ; Ignored Value ; Ignored Source ;
+----------+----------------+--------------+-----------------+---------------+----------------+
; Location ;                ;              ; ARDUINO_IO[0]   ; PIN_AG13      ; QSF Assignment ;
; Location ;                ;              ; ARDUINO_IO[10]  ; PIN_AF15      ; QSF Assignment ;
; Location ;                ;              ; ARDUINO_IO[11]  ; PIN_AG16      ; QSF Assignment ;
; Location ;                ;              ; ARDUINO_IO[12]  ; PIN_AH11      ; QSF Assignment ;
; Location ;                ;              ; ARDUINO_IO[13]  ; PIN_AH12      ; QSF Assignment ;
; Location ;                ;              ; ARDUINO_IO[14]  ; PIN_AH9       ; QSF Assignment ;
; Location ;                ;              ; ARDUINO_IO[15]  ; PIN_AG11      ; QSF Assignment ;
; Location ;                ;              ; ARDUINO_IO[1]   ; PIN_AF13      ; QSF Assignment ;
; Location ;                ;              ; ARDUINO_IO[2]   ; PIN_AG10      ; QSF Assignment ;
; Location ;                ;              ; ARDUINO_IO[3]   ; PIN_AG9       ; QSF Assignment ;
; Location ;                ;              ; ARDUINO_IO[4]   ; PIN_U14       ; QSF Assignment ;
; Location ;                ;              ; ARDUINO_IO[5]   ; PIN_U13       ; QSF Assignment ;
; Location ;                ;              ; ARDUINO_IO[6]   ; PIN_AG8       ; QSF Assignment ;
; Location ;                ;              ; ARDUINO_IO[7]   ; PIN_AH8       ; QSF Assignment ;
; Location ;                ;              ; ARDUINO_IO[8]   ; PIN_AF17      ; QSF Assignment ;
; Location ;                ;              ; ARDUINO_IO[9]   ; PIN_AE15      ; QSF Assignment ;
; Location ;                ;              ; ARDUINO_RESET_N ; PIN_AH7       ; QSF Assignment ;
; Location ;                ;              ; FPGA_CLK1_50    ; PIN_V11       ; QSF Assignment ;
; Location ;                ;              ; FPGA_CLK2_50    ; PIN_Y13       ; QSF Assignment ;
; Location ;                ;              ; FPGA_CLK3_50    ; PIN_E11       ; QSF Assignment ;
; Location ;                ;              ; GPIO_0[0]       ; PIN_V12       ; QSF Assignment ;
; Location ;                ;              ; GPIO_0[10]      ; PIN_T8        ; QSF Assignment ;
; Location ;                ;              ; GPIO_0[11]      ; PIN_T12       ; QSF Assignment ;
; Location ;                ;              ; GPIO_0[12]      ; PIN_AH5       ; QSF Assignment ;
; Location ;                ;              ; GPIO_0[13]      ; PIN_AH6       ; QSF Assignment ;
; Location ;                ;              ; GPIO_0[14]      ; PIN_AH4       ; QSF Assignment ;
; Location ;                ;              ; GPIO_0[15]      ; PIN_AG5       ; QSF Assignment ;
; Location ;                ;              ; GPIO_0[16]      ; PIN_AH3       ; QSF Assignment ;
; Location ;                ;              ; GPIO_0[17]      ; PIN_AH2       ; QSF Assignment ;
; Location ;                ;              ; GPIO_0[18]      ; PIN_AF4       ; QSF Assignment ;
; Location ;                ;              ; GPIO_0[19]      ; PIN_AG6       ; QSF Assignment ;
; Location ;                ;              ; GPIO_0[1]       ; PIN_AF7       ; QSF Assignment ;
; Location ;                ;              ; GPIO_0[20]      ; PIN_AF5       ; QSF Assignment ;
; Location ;                ;              ; GPIO_0[21]      ; PIN_AE4       ; QSF Assignment ;
; Location ;                ;              ; GPIO_0[22]      ; PIN_T13       ; QSF Assignment ;
; Location ;                ;              ; GPIO_0[23]      ; PIN_T11       ; QSF Assignment ;
; Location ;                ;              ; GPIO_0[24]      ; PIN_AE7       ; QSF Assignment ;
; Location ;                ;              ; GPIO_0[25]      ; PIN_AF6       ; QSF Assignment ;
; Location ;                ;              ; GPIO_0[26]      ; PIN_AF9       ; QSF Assignment ;
; Location ;                ;              ; GPIO_0[27]      ; PIN_AE8       ; QSF Assignment ;
; Location ;                ;              ; GPIO_0[28]      ; PIN_AD10      ; QSF Assignment ;
; Location ;                ;              ; GPIO_0[29]      ; PIN_AE9       ; QSF Assignment ;
; Location ;                ;              ; GPIO_0[2]       ; PIN_W12       ; QSF Assignment ;
; Location ;                ;              ; GPIO_0[30]      ; PIN_AD11      ; QSF Assignment ;
; Location ;                ;              ; GPIO_0[31]      ; PIN_AF10      ; QSF Assignment ;
; Location ;                ;              ; GPIO_0[32]      ; PIN_AD12      ; QSF Assignment ;
; Location ;                ;              ; GPIO_0[33]      ; PIN_AE11      ; QSF Assignment ;
; Location ;                ;              ; GPIO_0[34]      ; PIN_AF11      ; QSF Assignment ;
; Location ;                ;              ; GPIO_0[35]      ; PIN_AE12      ; QSF Assignment ;
; Location ;                ;              ; GPIO_0[3]       ; PIN_AF8       ; QSF Assignment ;
; Location ;                ;              ; GPIO_0[4]       ; PIN_Y8        ; QSF Assignment ;
; Location ;                ;              ; GPIO_0[5]       ; PIN_AB4       ; QSF Assignment ;
; Location ;                ;              ; GPIO_0[6]       ; PIN_W8        ; QSF Assignment ;
; Location ;                ;              ; GPIO_0[7]       ; PIN_Y4        ; QSF Assignment ;
; Location ;                ;              ; GPIO_0[8]       ; PIN_Y5        ; QSF Assignment ;
; Location ;                ;              ; GPIO_0[9]       ; PIN_U11       ; QSF Assignment ;
; Location ;                ;              ; GPIO_1[0]       ; PIN_Y15       ; QSF Assignment ;
; Location ;                ;              ; GPIO_1[10]      ; PIN_AG19      ; QSF Assignment ;
; Location ;                ;              ; GPIO_1[11]      ; PIN_AF20      ; QSF Assignment ;
; Location ;                ;              ; GPIO_1[12]      ; PIN_AC23      ; QSF Assignment ;
; Location ;                ;              ; GPIO_1[13]      ; PIN_AG18      ; QSF Assignment ;
; Location ;                ;              ; GPIO_1[14]      ; PIN_AH26      ; QSF Assignment ;
; Location ;                ;              ; GPIO_1[15]      ; PIN_AA19      ; QSF Assignment ;
; Location ;                ;              ; GPIO_1[16]      ; PIN_AG24      ; QSF Assignment ;
; Location ;                ;              ; GPIO_1[17]      ; PIN_AF25      ; QSF Assignment ;
; Location ;                ;              ; GPIO_1[18]      ; PIN_AH23      ; QSF Assignment ;
; Location ;                ;              ; GPIO_1[19]      ; PIN_AG23      ; QSF Assignment ;
; Location ;                ;              ; GPIO_1[1]       ; PIN_AG28      ; QSF Assignment ;
; Location ;                ;              ; GPIO_1[20]      ; PIN_AE19      ; QSF Assignment ;
; Location ;                ;              ; GPIO_1[21]      ; PIN_AF18      ; QSF Assignment ;
; Location ;                ;              ; GPIO_1[22]      ; PIN_AD19      ; QSF Assignment ;
; Location ;                ;              ; GPIO_1[23]      ; PIN_AE20      ; QSF Assignment ;
; Location ;                ;              ; GPIO_1[24]      ; PIN_AE24      ; QSF Assignment ;
; Location ;                ;              ; GPIO_1[25]      ; PIN_AD20      ; QSF Assignment ;
; Location ;                ;              ; GPIO_1[26]      ; PIN_AF22      ; QSF Assignment ;
; Location ;                ;              ; GPIO_1[27]      ; PIN_AH22      ; QSF Assignment ;
; Location ;                ;              ; GPIO_1[28]      ; PIN_AH19      ; QSF Assignment ;
; Location ;                ;              ; GPIO_1[29]      ; PIN_AH21      ; QSF Assignment ;
; Location ;                ;              ; GPIO_1[2]       ; PIN_AA15      ; QSF Assignment ;
; Location ;                ;              ; GPIO_1[30]      ; PIN_AG21      ; QSF Assignment ;
; Location ;                ;              ; GPIO_1[31]      ; PIN_AH18      ; QSF Assignment ;
; Location ;                ;              ; GPIO_1[32]      ; PIN_AD23      ; QSF Assignment ;
; Location ;                ;              ; GPIO_1[33]      ; PIN_AE23      ; QSF Assignment ;
; Location ;                ;              ; GPIO_1[34]      ; PIN_AA18      ; QSF Assignment ;
; Location ;                ;              ; GPIO_1[35]      ; PIN_AC22      ; QSF Assignment ;
; Location ;                ;              ; GPIO_1[3]       ; PIN_AH27      ; QSF Assignment ;
; Location ;                ;              ; GPIO_1[4]       ; PIN_AG26      ; QSF Assignment ;
; Location ;                ;              ; GPIO_1[5]       ; PIN_AH24      ; QSF Assignment ;
; Location ;                ;              ; GPIO_1[6]       ; PIN_AF23      ; QSF Assignment ;
; Location ;                ;              ; GPIO_1[7]       ; PIN_AE22      ; QSF Assignment ;
; Location ;                ;              ; GPIO_1[8]       ; PIN_AF21      ; QSF Assignment ;
; Location ;                ;              ; GPIO_1[9]       ; PIN_AG20      ; QSF Assignment ;
; Location ;                ;              ; KEY[0]          ; PIN_AH17      ; QSF Assignment ;
; Location ;                ;              ; KEY[1]          ; PIN_AH16      ; QSF Assignment ;
; Location ;                ;              ; LED[0]          ; PIN_W15       ; QSF Assignment ;
; Location ;                ;              ; LED[1]          ; PIN_AA24      ; QSF Assignment ;
; Location ;                ;              ; LED[2]          ; PIN_V16       ; QSF Assignment ;
; Location ;                ;              ; LED[3]          ; PIN_V15       ; QSF Assignment ;
; Location ;                ;              ; LED[4]          ; PIN_AF26      ; QSF Assignment ;
; Location ;                ;              ; LED[5]          ; PIN_AE26      ; QSF Assignment ;
; Location ;                ;              ; LED[6]          ; PIN_Y16       ; QSF Assignment ;
; Location ;                ;              ; LED[7]          ; PIN_AA23      ; QSF Assignment ;
; Location ;                ;              ; SW[0]           ; PIN_L10       ; QSF Assignment ;
; Location ;                ;              ; SW[1]           ; PIN_L9        ; QSF Assignment ;
; Location ;                ;              ; SW[2]           ; PIN_H6        ; QSF Assignment ;
; Location ;                ;              ; SW[3]           ; PIN_H5        ; QSF Assignment ;
; Location ;                ;              ; blue            ; PIN_AH26      ; QSF Assignment ;
; Location ;                ;              ; green           ; PIN_AC23      ; QSF Assignment ;
; Location ;                ;              ; lcd_cs          ; PIN_Y15       ; QSF Assignment ;
; Location ;                ;              ; lcd_rs          ; PIN_AD19      ; QSF Assignment ;
; Location ;                ;              ; lcd_rst         ; PIN_AG26      ; QSF Assignment ;
; Location ;                ;              ; lcd_scl         ; PIN_AF22      ; QSF Assignment ;
; Location ;                ;              ; lcd_sda         ; PIN_AA15      ; QSF Assignment ;
; Location ;                ;              ; point           ; PIN_AF11      ; QSF Assignment ;
; Location ;                ;              ; red             ; PIN_AG19      ; QSF Assignment ;
; Location ;                ;              ; spkr            ; PIN_AF21      ; QSF Assignment ;
+----------+----------------+--------------+-----------------+---------------+----------------+


+---------------------------------------------------------------------------------------------------+
; Incremental Compilation Preservation Summary                                                      ;
+---------------------+---------------------+----------------------------+--------------------------+
; Type                ; Total [A + B]       ; From Design Partitions [A] ; From Rapid Recompile [B] ;
+---------------------+---------------------+----------------------------+--------------------------+
; Placement (by node) ;                     ;                            ;                          ;
;     -- Requested    ; 0.00 % ( 0 / 7434 ) ; 0.00 % ( 0 / 7434 )        ; 0.00 % ( 0 / 7434 )      ;
;     -- Achieved     ; 0.00 % ( 0 / 7434 ) ; 0.00 % ( 0 / 7434 )        ; 0.00 % ( 0 / 7434 )      ;
;                     ;                     ;                            ;                          ;
; Routing (by net)    ;                     ;                            ;                          ;
;     -- Requested    ; 0.00 % ( 0 / 0 )    ; 0.00 % ( 0 / 0 )           ; 0.00 % ( 0 / 0 )         ;
;     -- Achieved     ; 0.00 % ( 0 / 0 )    ; 0.00 % ( 0 / 0 )           ; 0.00 % ( 0 / 0 )         ;
+---------------------+---------------------+----------------------------+--------------------------+


+----------------------------------------------------------------------------------------------------------------------------------------------------------------------------------------+
; Incremental Compilation Partition Settings                                                                                                                                             ;
+--------------------------------+----------------+-------------------+-------------------------+------------------------+------------------------------+--------------------------------+
; Partition Name                 ; Partition Type ; Netlist Type Used ; Preservation Level Used ; Netlist Type Requested ; Preservation Level Requested ; Contents                       ;
+--------------------------------+----------------+-------------------+-------------------------+------------------------+------------------------------+--------------------------------+
; Top                            ; User-created   ; Source File       ; N/A                     ; Source File            ; N/A                          ;                                ;
; hard_block:auto_generated_inst ; Auto-generated ; Source File       ; N/A                     ; Source File            ; N/A                          ; hard_block:auto_generated_inst ;
+--------------------------------+----------------+-------------------+-------------------------+------------------------+------------------------------+--------------------------------+


+------------------------------------------------------------------------------------------------------------------------------------+
; Incremental Compilation Placement Preservation                                                                                     ;
+--------------------------------+-----------------------+-------------------------+-------------------+---------------------+-------+
; Partition Name                 ; Preservation Achieved ; Preservation Level Used ; Netlist Type Used ; Preservation Method ; Notes ;
+--------------------------------+-----------------------+-------------------------+-------------------+---------------------+-------+
; Top                            ; 0.00 % ( 0 / 7434 )   ; N/A                     ; Source File       ; N/A                 ;       ;
; hard_block:auto_generated_inst ; 0.00 % ( 0 / 0 )      ; N/A                     ; Source File       ; N/A                 ;       ;
+--------------------------------+-----------------------+-------------------------+-------------------+---------------------+-------+


+--------------+
; Pin-Out File ;
+--------------+
The pin-out file can be found in C:/Users/teylo/Documents/GitHub/Tetris_LED_Matrix_FPGA/Quartus/output_files/top_level_matrix.pin.


+---------------------------------------------------------------------------------------------+
; Fitter Resource Usage Summary                                                               ;
+-------------------------------------------------------------+-----------------------+-------+
; Resource                                                    ; Usage                 ; %     ;
+-------------------------------------------------------------+-----------------------+-------+
; Logic utilization (ALMs needed / total ALMs on device)      ; 2,973 / 15,880        ; 19 %  ;
; ALMs needed [=A-B+C]                                        ; 2,973                 ;       ;
;     [A] ALMs used in final placement [=a+b+c+d]             ; 3,071 / 15,880        ; 19 %  ;
;         [a] ALMs used for LUT logic and registers           ; 1,204                 ;       ;
;         [b] ALMs used for LUT logic                         ; 1,432                 ;       ;
;         [c] ALMs used for registers                         ; 435                   ;       ;
;         [d] ALMs used for memory (up to half of total ALMs) ; 0                     ;       ;
;     [B] Estimate of ALMs recoverable by dense packing       ; 484 / 15,880          ; 3 %   ;
;     [C] Estimate of ALMs unavailable [=a+b+c+d]             ; 386 / 15,880          ; 2 %   ;
;         [a] Due to location constrained logic               ; 0                     ;       ;
;         [b] Due to LAB-wide signal conflicts                ; 384                   ;       ;
;         [c] Due to LAB input limits                         ; 2                     ;       ;
;         [d] Due to virtual I/Os                             ; 0                     ;       ;
;                                                             ;                       ;       ;
; Difficulty packing design                                   ; Low                   ;       ;
;                                                             ;                       ;       ;
; Total LABs:  partially or completely used                   ; 478 / 1,588           ; 30 %  ;
;     -- Logic LABs                                           ; 478                   ;       ;
;     -- Memory LABs (up to half of total LABs)               ; 0                     ;       ;
;                                                             ;                       ;       ;
; Combinational ALUT usage for logic                          ; 4,098                 ;       ;
;     -- 7 input functions                                    ; 2                     ;       ;
;     -- 6 input functions                                    ; 1,530                 ;       ;
;     -- 5 input functions                                    ; 156                   ;       ;
;     -- 4 input functions                                    ; 49                    ;       ;
;     -- <=3 input functions                                  ; 2,361                 ;       ;
; Combinational ALUT usage for route-throughs                 ; 226                   ;       ;
;                                                             ;                       ;       ;
; Dedicated logic registers                                   ; 3,317                 ;       ;
;     -- By type:                                             ;                       ;       ;
;         -- Primary logic registers                          ; 3,276 / 31,760        ; 10 %  ;
;         -- Secondary logic registers                        ; 41 / 31,760           ; < 1 % ;
;     -- By function:                                         ;                       ;       ;
;         -- Design implementation registers                  ; 3,278                 ;       ;
;         -- Routing optimization registers                   ; 39                    ;       ;
;                                                             ;                       ;       ;
; Virtual pins                                                ; 0                     ;       ;
; I/O pins                                                    ; 28 / 314              ; 9 %   ;
;     -- Clock pins                                           ; 1 / 6                 ; 17 %  ;
;     -- Dedicated input pins                                 ; 0 / 21                ; 0 %   ;
;                                                             ;                       ;       ;
; Hard processor system peripheral utilization                ;                       ;       ;
;     -- Boot from FPGA                                       ; 0 / 1 ( 0 % )         ;       ;
;     -- Clock resets                                         ; 0 / 1 ( 0 % )         ;       ;
;     -- Cross trigger                                        ; 0 / 1 ( 0 % )         ;       ;
;     -- S2F AXI                                              ; 0 / 1 ( 0 % )         ;       ;
;     -- F2S AXI                                              ; 0 / 1 ( 0 % )         ;       ;
;     -- AXI Lightweight                                      ; 0 / 1 ( 0 % )         ;       ;
;     -- SDRAM                                                ; 0 / 1 ( 0 % )         ;       ;
;     -- Interrupts                                           ; 0 / 1 ( 0 % )         ;       ;
;     -- JTAG                                                 ; 0 / 1 ( 0 % )         ;       ;
;     -- Loan I/O                                             ; 0 / 1 ( 0 % )         ;       ;
;     -- MPU event standby                                    ; 0 / 1 ( 0 % )         ;       ;
;     -- MPU general purpose                                  ; 0 / 1 ( 0 % )         ;       ;
;     -- STM event                                            ; 0 / 1 ( 0 % )         ;       ;
;     -- TPIU trace                                           ; 0 / 1 ( 0 % )         ;       ;
;     -- DMA                                                  ; 0 / 1 ( 0 % )         ;       ;
;     -- CAN                                                  ; 0 / 2 ( 0 % )         ;       ;
;     -- EMAC                                                 ; 0 / 2 ( 0 % )         ;       ;
;     -- I2C                                                  ; 0 / 4 ( 0 % )         ;       ;
;     -- NAND Flash                                           ; 0 / 1 ( 0 % )         ;       ;
;     -- QSPI                                                 ; 0 / 1 ( 0 % )         ;       ;
;     -- SDMMC                                                ; 0 / 1 ( 0 % )         ;       ;
;     -- SPI Master                                           ; 0 / 2 ( 0 % )         ;       ;
;     -- SPI Slave                                            ; 0 / 2 ( 0 % )         ;       ;
;     -- UART                                                 ; 0 / 2 ( 0 % )         ;       ;
;     -- USB                                                  ; 0 / 2 ( 0 % )         ;       ;
;                                                             ;                       ;       ;
; M10K blocks                                                 ; 0 / 270               ; 0 %   ;
; Total MLAB memory bits                                      ; 0                     ;       ;
; Total block memory bits                                     ; 0 / 2,764,800         ; 0 %   ;
; Total block memory implementation bits                      ; 0 / 2,764,800         ; 0 %   ;
;                                                             ;                       ;       ;
; Total DSP Blocks                                            ; 0 / 84                ; 0 %   ;
;                                                             ;                       ;       ;
; Fractional PLLs                                             ; 0 / 5                 ; 0 %   ;
; Global signals                                              ; 3                     ;       ;
;     -- Global clocks                                        ; 3 / 16                ; 19 %  ;
;     -- Quadrant clocks                                      ; 0 / 72                ; 0 %   ;
;     -- Horizontal periphery clocks                          ; 0 / 12                ; 0 %   ;
; SERDES Transmitters                                         ; 0 / 76                ; 0 %   ;
; SERDES Receivers                                            ; 0 / 76                ; 0 %   ;
; JTAGs                                                       ; 0 / 1                 ; 0 %   ;
; ASMI blocks                                                 ; 0 / 1                 ; 0 %   ;
; CRC blocks                                                  ; 0 / 1                 ; 0 %   ;
; Remote update blocks                                        ; 0 / 1                 ; 0 %   ;
; Oscillator blocks                                           ; 0 / 1                 ; 0 %   ;
; Impedance control blocks                                    ; 0 / 3                 ; 0 %   ;
; Hard Memory Controllers                                     ; 0 / 2                 ; 0 %   ;
; Average interconnect usage (total/H/V)                      ; 5.3% / 5.6% / 4.5%    ;       ;
; Peak interconnect usage (total/H/V)                         ; 26.8% / 28.3% / 22.4% ;       ;
; Maximum fan-out                                             ; 3270                  ;       ;
; Highest non-global fan-out                                  ; 514                   ;       ;
; Total fan-out                                               ; 27944                 ;       ;
; Average fan-out                                             ; 3.63                  ;       ;
+-------------------------------------------------------------+-----------------------+-------+


+----------------------------------------------------------------------------------------------------------------------+
; Fitter Partition Statistics                                                                                          ;
+-------------------------------------------------------------+-----------------------+--------------------------------+
; Statistic                                                   ; Top                   ; hard_block:auto_generated_inst ;
+-------------------------------------------------------------+-----------------------+--------------------------------+
; Logic utilization (ALMs needed / total ALMs on device)      ; 2973 / 15880 ( 19 % ) ; 0 / 15880 ( 0 % )              ;
; ALMs needed [=A-B+C]                                        ; 2973                  ; 0                              ;
;     [A] ALMs used in final placement [=a+b+c+d]             ; 3071 / 15880 ( 19 % ) ; 0 / 15880 ( 0 % )              ;
;         [a] ALMs used for LUT logic and registers           ; 1204                  ; 0                              ;
;         [b] ALMs used for LUT logic                         ; 1432                  ; 0                              ;
;         [c] ALMs used for registers                         ; 435                   ; 0                              ;
;         [d] ALMs used for memory (up to half of total ALMs) ; 0                     ; 0                              ;
;     [B] Estimate of ALMs recoverable by dense packing       ; 484 / 15880 ( 3 % )   ; 0 / 15880 ( 0 % )              ;
;     [C] Estimate of ALMs unavailable [=a+b+c+d]             ; 386 / 15880 ( 2 % )   ; 0 / 15880 ( 0 % )              ;
;         [a] Due to location constrained logic               ; 0                     ; 0                              ;
;         [b] Due to LAB-wide signal conflicts                ; 384                   ; 0                              ;
;         [c] Due to LAB input limits                         ; 2                     ; 0                              ;
;         [d] Due to virtual I/Os                             ; 0                     ; 0                              ;
;                                                             ;                       ;                                ;
; Difficulty packing design                                   ; Low                   ; Low                            ;
;                                                             ;                       ;                                ;
; Total LABs:  partially or completely used                   ; 478 / 1588 ( 30 % )   ; 0 / 1588 ( 0 % )               ;
;     -- Logic LABs                                           ; 478                   ; 0                              ;
;     -- Memory LABs (up to half of total LABs)               ; 0                     ; 0                              ;
;                                                             ;                       ;                                ;
; Combinational ALUT usage for logic                          ; 4098                  ; 0                              ;
;     -- 7 input functions                                    ; 2                     ; 0                              ;
;     -- 6 input functions                                    ; 1530                  ; 0                              ;
;     -- 5 input functions                                    ; 156                   ; 0                              ;
;     -- 4 input functions                                    ; 49                    ; 0                              ;
;     -- <=3 input functions                                  ; 2361                  ; 0                              ;
; Combinational ALUT usage for route-throughs                 ; 226                   ; 0                              ;
; Memory ALUT usage                                           ; 0                     ; 0                              ;
;     -- 64-address deep                                      ; 0                     ; 0                              ;
;     -- 32-address deep                                      ; 0                     ; 0                              ;
;                                                             ;                       ;                                ;
; Dedicated logic registers                                   ; 0                     ; 0                              ;
;     -- By type:                                             ;                       ;                                ;
;         -- Primary logic registers                          ; 3276 / 31760 ( 10 % ) ; 0 / 31760 ( 0 % )              ;
;         -- Secondary logic registers                        ; 41 / 31760 ( < 1 % )  ; 0 / 31760 ( 0 % )              ;
;     -- By function:                                         ;                       ;                                ;
;         -- Design implementation registers                  ; 3278                  ; 0                              ;
;         -- Routing optimization registers                   ; 39                    ; 0                              ;
;                                                             ;                       ;                                ;
;                                                             ;                       ;                                ;
; Virtual pins                                                ; 0                     ; 0                              ;
; I/O pins                                                    ; 28                    ; 0                              ;
; I/O registers                                               ; 0                     ; 0                              ;
; Total block memory bits                                     ; 0                     ; 0                              ;
; Total block memory implementation bits                      ; 0                     ; 0                              ;
; Clock enable block                                          ; 3 / 110 ( 2 % )       ; 0 / 110 ( 0 % )                ;
;                                                             ;                       ;                                ;
; Connections                                                 ;                       ;                                ;
;     -- Input Connections                                    ; 0                     ; 0                              ;
;     -- Registered Input Connections                         ; 0                     ; 0                              ;
;     -- Output Connections                                   ; 0                     ; 0                              ;
;     -- Registered Output Connections                        ; 0                     ; 0                              ;
;                                                             ;                       ;                                ;
; Internal Connections                                        ;                       ;                                ;
;     -- Total Connections                                    ; 27944                 ; 0                              ;
;     -- Registered Connections                               ; 11071                 ; 0                              ;
;                                                             ;                       ;                                ;
; External Connections                                        ;                       ;                                ;
;     -- Top                                                  ; 0                     ; 0                              ;
;     -- hard_block:auto_generated_inst                       ; 0                     ; 0                              ;
;                                                             ;                       ;                                ;
; Partition Interface                                         ;                       ;                                ;
;     -- Input Ports                                          ; 9                     ; 0                              ;
;     -- Output Ports                                         ; 19                    ; 0                              ;
;     -- Bidir Ports                                          ; 0                     ; 0                              ;
;                                                             ;                       ;                                ;
; Registered Ports                                            ;                       ;                                ;
;     -- Registered Input Ports                               ; 0                     ; 0                              ;
;     -- Registered Output Ports                              ; 0                     ; 0                              ;
;                                                             ;                       ;                                ;
; Port Connectivity                                           ;                       ;                                ;
;     -- Input Ports driven by GND                            ; 0                     ; 0                              ;
;     -- Output Ports driven by GND                           ; 0                     ; 0                              ;
;     -- Input Ports driven by VCC                            ; 0                     ; 0                              ;
;     -- Output Ports driven by VCC                           ; 0                     ; 0                              ;
;     -- Input Ports with no Source                           ; 0                     ; 0                              ;
;     -- Output Ports with no Source                          ; 0                     ; 0                              ;
;     -- Input Ports with no Fanout                           ; 0                     ; 0                              ;
;     -- Output Ports with no Fanout                          ; 0                     ; 0                              ;
+-------------------------------------------------------------+-----------------------+--------------------------------+


+----------------------------------------------------------------------------------------------------------------------------------------------------------------------------------------------------------------------------------------------------------------------------------------+
; Input Pins                                                                                                                                                                                                                                                                             ;
+---------+-------+----------+--------------+--------------+--------------+-----------------------+--------------------+--------+----------------+-----------------+----------+--------------+--------------+-------------+---------------------------+----------------------+-----------+
; Name    ; Pin # ; I/O Bank ; X coordinate ; Y coordinate ; Z coordinate ; Combinational Fan-Out ; Registered Fan-Out ; Global ; Input Register ; PCI I/O Enabled ; Bus Hold ; Weak Pull Up ; I/O Standard ; Termination ; Termination Control Block ; Location assigned by ; Slew Rate ;
+---------+-------+----------+--------------+--------------+--------------+-----------------------+--------------------+--------+----------------+-----------------+----------+--------------+--------------+-------------+---------------------------+----------------------+-----------+
; ADC_SDO ; AD4   ; 3A       ; 6            ; 0            ; 51           ; 1                     ; 0                  ; no     ; no             ; no              ; no       ; Off          ; 2.5 V        ; Off         ; --                        ; User                 ; no        ;
; CLK     ; V11   ; 3B       ; 15           ; 0            ; 0            ; 8                     ; 0                  ; yes    ; no             ; no              ; no       ; Off          ; 2.5 V        ; Off         ; --                        ; User                 ; no        ;
; enc1_a  ; AC22  ; 4A       ; 64           ; 0            ; 0            ; 1                     ; 0                  ; no     ; no             ; no              ; no       ; On           ; 2.5 V        ; Off         ; --                        ; User                 ; no        ;
; enc1_b  ; AE23  ; 4A       ; 62           ; 0            ; 57           ; 1                     ; 0                  ; no     ; no             ; no              ; no       ; On           ; 2.5 V        ; Off         ; --                        ; User                 ; no        ;
; enc2_a  ; AH27  ; 4A       ; 65           ; 0            ; 51           ; 1                     ; 0                  ; no     ; no             ; no              ; no       ; On           ; 2.5 V        ; Off         ; --                        ; User                 ; no        ;
; enc2_b  ; AG28  ; 4A       ; 65           ; 0            ; 34           ; 1                     ; 0                  ; no     ; no             ; no              ; no       ; On           ; 2.5 V        ; Off         ; --                        ; User                 ; no        ;
; reset   ; AH26  ; 4A       ; 64           ; 0            ; 51           ; 0                     ; 0                  ; no     ; no             ; no              ; no       ; Off          ; 2.5 V        ; Off         ; --                        ; Fitter               ; no        ;
; s1      ; AH23  ; 4A       ; 59           ; 0            ; 34           ; 1632                  ; 0                  ; yes    ; no             ; no              ; no       ; Off          ; 2.5 V        ; Off         ; --                        ; User                 ; no        ;
; s2      ; AE19  ; 4A       ; 48           ; 0            ; 40           ; 2                     ; 0                  ; no     ; no             ; no              ; no       ; Off          ; 2.5 V        ; Off         ; --                        ; User                 ; no        ;
+---------+-------+----------+--------------+--------------+--------------+-----------------------+--------------------+--------+----------------+-----------------+----------+--------------+--------------+-------------+---------------------------+----------------------+-----------+


+--------------------------------------------------------------------------------------------------------------------------------------------------------------------------------------------------------------------------------------------------------------------------------------------------------------------------------------------------------------------------------------------------------------------------------------------------------------------------------------------------+
; Output Pins                                                                                                                                                                                                                                                                                                                                                                                                                                                                                      ;
+-------------+-------+----------+--------------+--------------+--------------+-----------------+------------------------+-----------+-----------------+------------+---------------+----------+--------------+--------------+------------------+-----------------------------------+---------------------------+----------------------------+-----------------------------+---------------------+-----------------------------+----------------------+----------------------+---------------------+
; Name        ; Pin # ; I/O Bank ; X coordinate ; Y coordinate ; Z coordinate ; Output Register ; Output Enable Register ; Slew Rate ; PCI I/O Enabled ; Open Drain ; TRI Primitive ; Bus Hold ; Weak Pull Up ; I/O Standard ; Current Strength ; Termination                       ; Termination Control Block ; Output Buffer Pre-emphasis ; Voltage Output Differential ; Output Buffer Delay ; Output Buffer Delay Control ; Location assigned by ; Output Enable Source ; Output Enable Group ;
+-------------+-------+----------+--------------+--------------+--------------+-----------------+------------------------+-----------+-----------------+------------+---------------+----------+--------------+--------------+------------------+-----------------------------------+---------------------------+----------------------------+-----------------------------+---------------------+-----------------------------+----------------------+----------------------+---------------------+
; ADC_CONVST  ; U9    ; 3A       ; 4            ; 0            ; 0            ; no              ; no                     ; 1         ; no              ; no         ; no            ; no       ; Off          ; 2.5 V        ; Default          ; Series 50 Ohm without Calibration ; --                        ; no                         ; no                          ; 0                   ; Off                         ; User                 ; -                    ; -                   ;
; ADC_SCK     ; V10   ; 3A       ; 6            ; 0            ; 17           ; no              ; no                     ; 1         ; no              ; no         ; no            ; no       ; Off          ; 2.5 V        ; Default          ; Series 50 Ohm without Calibration ; --                        ; no                         ; no                          ; 0                   ; Off                         ; User                 ; -                    ; -                   ;
; ADC_SDI     ; AC4   ; 3A       ; 6            ; 0            ; 34           ; no              ; no                     ; 1         ; no              ; no         ; no            ; no       ; Off          ; 2.5 V        ; Default          ; Series 50 Ohm without Calibration ; --                        ; no                         ; no                          ; 0                   ; Off                         ; User                 ; -                    ; -                   ;
; LAT         ; T11   ; 3B       ; 12           ; 0            ; 0            ; no              ; no                     ; 1         ; no              ; no         ; no            ; no       ; Off          ; 2.5 V        ; Default          ; Series 50 Ohm without Calibration ; --                        ; no                         ; no                          ; 0                   ; Off                         ; User                 ; -                    ; -                   ;
; OE          ; AE7   ; 3B       ; 12           ; 0            ; 34           ; no              ; no                     ; 1         ; no              ; no         ; no            ; no       ; Off          ; 2.5 V        ; Default          ; Series 50 Ohm without Calibration ; --                        ; no                         ; no                          ; 0                   ; Off                         ; User                 ; -                    ; -                   ;
; RGB0[0]     ; AH5   ; 3B       ; 21           ; 0            ; 51           ; no              ; no                     ; 1         ; no              ; no         ; no            ; no       ; Off          ; 2.5 V        ; Default          ; Series 50 Ohm without Calibration ; --                        ; no                         ; no                          ; 0                   ; Off                         ; User                 ; -                    ; -                   ;
; RGB0[1]     ; T12   ; 3B       ; 18           ; 0            ; 17           ; no              ; no                     ; 1         ; no              ; no         ; no            ; no       ; Off          ; 2.5 V        ; Default          ; Series 50 Ohm without Calibration ; --                        ; no                         ; no                          ; 0                   ; Off                         ; User                 ; -                    ; -                   ;
; RGB0[2]     ; T8    ; 3A       ; 4            ; 0            ; 17           ; no              ; no                     ; 1         ; no              ; no         ; no            ; no       ; Off          ; 2.5 V        ; Default          ; Series 50 Ohm without Calibration ; --                        ; no                         ; no                          ; 0                   ; Off                         ; User                 ; -                    ; -                   ;
; RGB1[0]     ; AH3   ; 3B       ; 18           ; 0            ; 34           ; no              ; no                     ; 1         ; no              ; no         ; no            ; no       ; Off          ; 2.5 V        ; Default          ; Series 50 Ohm without Calibration ; --                        ; no                         ; no                          ; 0                   ; Off                         ; User                 ; -                    ; -                   ;
; RGB1[1]     ; AG5   ; 3B       ; 19           ; 0            ; 34           ; no              ; no                     ; 1         ; no              ; no         ; no            ; no       ; Off          ; 2.5 V        ; Default          ; Series 50 Ohm without Calibration ; --                        ; no                         ; no                          ; 0                   ; Off                         ; User                 ; -                    ; -                   ;
; RGB1[2]     ; AH4   ; 3B       ; 19           ; 0            ; 51           ; no              ; no                     ; 1         ; no              ; no         ; no            ; no       ; Off          ; 2.5 V        ; Default          ; Series 50 Ohm without Calibration ; --                        ; no                         ; no                          ; 0                   ; Off                         ; User                 ; -                    ; -                   ;
; clk_out     ; T13   ; 3B       ; 18           ; 0            ; 0            ; no              ; no                     ; 1         ; no              ; no         ; no            ; no       ; Off          ; 2.5 V        ; Default          ; Series 50 Ohm without Calibration ; --                        ; no                         ; no                          ; 0                   ; Off                         ; User                 ; -                    ; -                   ;
; gnd[0]      ; AF6   ; 3B       ; 15           ; 0            ; 51           ; no              ; no                     ; 1         ; no              ; no         ; no            ; no       ; Off          ; 2.5 V        ; Default          ; Series 50 Ohm without Calibration ; --                        ; no                         ; no                          ; 0                   ; Off                         ; User                 ; -                    ; -                   ;
; gnd[1]      ; AE4   ; 3B       ; 10           ; 0            ; 74           ; no              ; no                     ; 1         ; no              ; no         ; no            ; no       ; Off          ; 2.5 V        ; Default          ; Series 50 Ohm without Calibration ; --                        ; no                         ; no                          ; 0                   ; Off                         ; User                 ; -                    ; -                   ;
; gnd[2]      ; AH2   ; 3B       ; 18           ; 0            ; 51           ; no              ; no                     ; 1         ; no              ; no         ; no            ; no       ; Off          ; 2.5 V        ; Default          ; Series 50 Ohm without Calibration ; --                        ; no                         ; no                          ; 0                   ; Off                         ; User                 ; -                    ; -                   ;
; gnd[3]      ; AH6   ; 3B       ; 21           ; 0            ; 34           ; no              ; no                     ; 1         ; no              ; no         ; no            ; no       ; Off          ; 2.5 V        ; Default          ; Series 50 Ohm without Calibration ; --                        ; no                         ; no                          ; 0                   ; Off                         ; User                 ; -                    ; -                   ;
; led_addr[0] ; AF4   ; 3B       ; 10           ; 0            ; 91           ; no              ; no                     ; 1         ; no              ; no         ; no            ; no       ; Off          ; 2.5 V        ; Default          ; Series 50 Ohm without Calibration ; --                        ; no                         ; no                          ; 0                   ; Off                         ; User                 ; -                    ; -                   ;
; led_addr[1] ; AG6   ; 3B       ; 17           ; 0            ; 91           ; no              ; no                     ; 1         ; no              ; no         ; no            ; no       ; Off          ; 2.5 V        ; Default          ; Series 50 Ohm without Calibration ; --                        ; no                         ; no                          ; 0                   ; Off                         ; User                 ; -                    ; -                   ;
; led_addr[2] ; AF5   ; 3B       ; 15           ; 0            ; 34           ; no              ; no                     ; 1         ; no              ; no         ; no            ; no       ; Off          ; 2.5 V        ; Default          ; Series 50 Ohm without Calibration ; --                        ; no                         ; no                          ; 0                   ; Off                         ; User                 ; -                    ; -                   ;
+-------------+-------+----------+--------------+--------------+--------------+-----------------+------------------------+-----------+-----------------+------------+---------------+----------+--------------+--------------+------------------+-----------------------------------+---------------------------+----------------------------+-----------------------------+---------------------+-----------------------------+----------------------+----------------------+---------------------+


+----------------------------------------------------------------------------+
; I/O Bank Usage                                                             ;
+----------+------------------+---------------+--------------+---------------+
; I/O Bank ; Usage            ; VCCIO Voltage ; VREF Voltage ; VCCPD Voltage ;
+----------+------------------+---------------+--------------+---------------+
; B1L      ; 0 / 0 ( -- )     ; --            ; --           ; --            ;
; 3A       ; 5 / 16 ( 31 % )  ; 2.5V          ; --           ; 2.5V          ;
; 3B       ; 16 / 32 ( 50 % ) ; 2.5V          ; --           ; 2.5V          ;
; 4A       ; 7 / 68 ( 10 % )  ; 2.5V          ; --           ; 2.5V          ;
; 5A       ; 0 / 16 ( 0 % )   ; 2.5V          ; --           ; 2.5V          ;
; 6B       ; 0 / 44 ( 0 % )   ; 2.5V          ; --           ; 2.5V          ;
; 6A       ; 0 / 56 ( 0 % )   ; 2.5V          ; --           ; 2.5V          ;
; 7A       ; 0 / 19 ( 0 % )   ; 2.5V          ; --           ; 2.5V          ;
; 7B       ; 0 / 22 ( 0 % )   ; 2.5V          ; --           ; 2.5V          ;
; 7C       ; 0 / 12 ( 0 % )   ; 2.5V          ; --           ; 2.5V          ;
; 7D       ; 0 / 14 ( 0 % )   ; 2.5V          ; --           ; 2.5V          ;
; 8A       ; 0 / 13 ( 0 % )   ; 2.5V          ; --           ; 2.5V          ;
+----------+------------------+---------------+--------------+---------------+


+-----------------------------------------------------------------------------------------------------------------------------------------------------------------------------------+
; All Package Pins                                                                                                                                                                  ;
+----------+------------+----------------+---------------------------------+--------+--------------+---------------------+--------------+-----------------+----------+--------------+
; Location ; Pad Number ; I/O Bank       ; Pin Name/Usage                  ; Dir.   ; I/O Standard ; Voltage             ; I/O Type     ; User Assignment ; Bus Hold ; Weak Pull Up ;
+----------+------------+----------------+---------------------------------+--------+--------------+---------------------+--------------+-----------------+----------+--------------+
; A2       ;            ;                ; DNU                             ;        ;              ;                     ; --           ;                 ; --       ; --           ;
; A3       ;            ;                ; GND                             ; gnd    ;              ;                     ; --           ;                 ; --       ; --           ;
; A4       ; 357        ; 7C             ; RESERVED_INPUT_WITH_WEAK_PULLUP ;        ;              ;                     ; Column I/O   ;                 ; no       ; On           ;
; A5       ; 353        ; 7C             ; RESERVED_INPUT_WITH_WEAK_PULLUP ;        ;              ;                     ; Column I/O   ;                 ; no       ; On           ;
; A6       ; 347        ; 7B             ; RESERVED_INPUT_WITH_WEAK_PULLUP ;        ;              ;                     ; Column I/O   ;                 ; no       ; On           ;
; A7       ; 345        ; 7B             ; RESERVED_INPUT_WITH_WEAK_PULLUP ;        ;              ;                     ; Column I/O   ;                 ; no       ; On           ;
; A8       ; 343        ; 7B             ; RESERVED_INPUT_WITH_WEAK_PULLUP ;        ;              ;                     ; Column I/O   ;                 ; no       ; On           ;
; A9       ; 341        ; 7B             ; RESERVED_INPUT_WITH_WEAK_PULLUP ;        ;              ;                     ; Column I/O   ;                 ; no       ; On           ;
; A10      ;            ;                ; GND                             ; gnd    ;              ;                     ; --           ;                 ; --       ; --           ;
; A11      ; 339        ; 7B             ; RESERVED_INPUT_WITH_WEAK_PULLUP ;        ;              ;                     ; Column I/O   ;                 ; no       ; On           ;
; A12      ; 337        ; 7B             ; RESERVED_INPUT_WITH_WEAK_PULLUP ;        ;              ;                     ; Column I/O   ;                 ; no       ; On           ;
; A13      ; 335        ; 7B             ; RESERVED_INPUT_WITH_WEAK_PULLUP ;        ;              ;                     ; Column I/O   ;                 ; no       ; On           ;
; A14      ; 333        ; 7B             ; RESERVED_INPUT_WITH_WEAK_PULLUP ;        ;              ;                     ; Column I/O   ;                 ; no       ; On           ;
; A15      ; 331        ; 7B             ; RESERVED_INPUT_WITH_WEAK_PULLUP ;        ;              ;                     ; Column I/O   ;                 ; no       ; On           ;
; A16      ; 329        ; 7B             ; RESERVED_INPUT_WITH_WEAK_PULLUP ;        ;              ;                     ; Column I/O   ;                 ; no       ; On           ;
; A17      ; 321        ; 7A             ; RESERVED_INPUT_WITH_WEAK_PULLUP ;        ;              ;                     ; Column I/O   ;                 ; no       ; On           ;
; A18      ; 317        ; 7A             ; RESERVED_INPUT_WITH_WEAK_PULLUP ;        ;              ;                     ; Column I/O   ;                 ; no       ; On           ;
; A19      ; 315        ; 7A             ; RESERVED_INPUT_WITH_WEAK_PULLUP ;        ;              ;                     ; Column I/O   ;                 ; no       ; On           ;
; A20      ; 313        ; 7A             ; RESERVED_INPUT_WITH_WEAK_PULLUP ;        ;              ;                     ; Column I/O   ;                 ; no       ; On           ;
; A21      ; 311        ; 7A             ; RESERVED_INPUT_WITH_WEAK_PULLUP ;        ;              ;                     ; Column I/O   ;                 ; no       ; On           ;
; A22      ; 309        ; 7A             ; RESERVED_INPUT_WITH_WEAK_PULLUP ;        ;              ;                     ; Column I/O   ;                 ; no       ; On           ;
; A23      ; 296        ; 7A             ; ^HPS_nRST                       ;        ;              ;                     ; --           ;                 ; --       ; --           ;
; A24      ; 283        ; 6A             ; RESERVED_INPUT_WITH_WEAK_PULLUP ;        ;              ;                     ; Row I/O      ;                 ; no       ; On           ;
; A25      ; 281        ; 6A             ; RESERVED_INPUT_WITH_WEAK_PULLUP ;        ;              ;                     ; Row I/O      ;                 ; no       ; On           ;
; A26      ; 279        ; 6A             ; RESERVED_INPUT_WITH_WEAK_PULLUP ;        ;              ;                     ; Row I/O      ;                 ; no       ; On           ;
; A27      ; 275        ; 6A             ; RESERVED_INPUT_WITH_WEAK_PULLUP ;        ;              ;                     ; Row I/O      ;                 ; no       ; On           ;
; AA1      ;            ;                ; GND                             ; gnd    ;              ;                     ; --           ;                 ; --       ; --           ;
; AA2      ;            ;                ; GND                             ; gnd    ;              ;                     ; --           ;                 ; --       ; --           ;
; AA3      ;            ;                ; GND                             ; gnd    ;              ;                     ; --           ;                 ; --       ; --           ;
; AA4      ; 45         ; 3A             ; RESERVED_INPUT_WITH_WEAK_PULLUP ;        ;              ;                     ; Column I/O   ;                 ; no       ; On           ;
; AA5      ;            ; 3A             ; VCCIO3A                         ; power  ;              ; 2.5V                ; --           ;                 ; --       ; --           ;
; AA6      ; 29         ; 3A             ; ^nCSO, DATA4                    ;        ;              ;                     ; Weak Pull Up ;                 ; --       ; On           ;
; AA8      ; 36         ; 3A             ; ^DCLK                           ;        ;              ;                     ; Weak Pull Up ;                 ; --       ; On           ;
; AA9      ;            ;                ; GND                             ; gnd    ;              ;                     ; --           ;                 ; --       ; --           ;
; AA10     ;            ; 3A             ; VCCPD3A                         ; power  ;              ; 2.5V                ; --           ;                 ; --       ; --           ;
; AA11     ; 50         ; 3A             ; RESERVED_INPUT_WITH_WEAK_PULLUP ;        ;              ;                     ; Column I/O   ;                 ; no       ; On           ;
; AA12     ;            ; 3B             ; VCCIO3B                         ; power  ;              ; 2.5V                ; --           ;                 ; --       ; --           ;
; AA13     ; 98         ; 4A             ; RESERVED_INPUT_WITH_WEAK_PULLUP ;        ;              ;                     ; Column I/O   ;                 ; no       ; On           ;
; AA14     ;            ; 3B, 4A         ; VCCPD3B4A                       ; power  ;              ; 2.5V                ; --           ;                 ; --       ; --           ;
; AA15     ; 114        ; 4A             ; RESERVED_INPUT_WITH_WEAK_PULLUP ;        ;              ;                     ; Column I/O   ;                 ; no       ; On           ;
; AA16     ;            ; 4A             ; VCCIO4A                         ; power  ;              ; 2.5V                ; --           ;                 ; --       ; --           ;
; AA17     ;            ;                ; GND                             ; gnd    ;              ;                     ; --           ;                 ; --       ; --           ;
; AA18     ; 122        ; 4A             ; RESERVED_INPUT_WITH_WEAK_PULLUP ;        ;              ;                     ; Column I/O   ;                 ; no       ; On           ;
; AA19     ; 124        ; 4A             ; RESERVED_INPUT_WITH_WEAK_PULLUP ;        ;              ;                     ; Column I/O   ;                 ; no       ; On           ;
; AA20     ; 167        ; 5A             ; RESERVED_INPUT_WITH_WEAK_PULLUP ;        ;              ;                     ; Row I/O      ;                 ; no       ; On           ;
; AA21     ;            ; --             ; VCCA_FPLL                       ; power  ;              ; 2.5V                ; --           ;                 ; --       ; --           ;
; AA23     ; 180        ; 5A             ; RESERVED_INPUT_WITH_WEAK_PULLUP ;        ;              ;                     ; Row I/O      ;                 ; no       ; On           ;
; AA24     ; 178        ; 5A             ; RESERVED_INPUT_WITH_WEAK_PULLUP ;        ;              ;                     ; Row I/O      ;                 ; no       ; On           ;
; AA25     ;            ;                ; NC                              ;        ;              ;                     ; --           ;                 ; --       ; --           ;
; AA26     ;            ;                ; GND                             ; gnd    ;              ;                     ; --           ;                 ; --       ; --           ;
; AA27     ; 201        ; 6B             ; RESERVED_INPUT_WITH_WEAK_PULLUP ;        ;              ;                     ; Row I/O      ;                 ; no       ; On           ;
; AA28     ; 211        ; 6B             ; RESERVED_INPUT_WITH_WEAK_PULLUP ;        ;              ;                     ; Row I/O      ;                 ; no       ; On           ;
; AB1      ;            ;                ; GND                             ; gnd    ;              ;                     ; --           ;                 ; --       ; --           ;
; AB2      ;            ;                ; GND                             ; gnd    ;              ;                     ; --           ;                 ; --       ; --           ;
; AB3      ;            ;                ; GND                             ; gnd    ;              ;                     ; --           ;                 ; --       ; --           ;
; AB4      ; 43         ; 3A             ; RESERVED_INPUT_WITH_WEAK_PULLUP ;        ;              ;                     ; Column I/O   ;                 ; no       ; On           ;
; AB5      ; 32         ; 3A             ; #TCK                            ; input  ;              ;                     ; --           ;                 ; --       ; --           ;
; AB6      ; 31         ; 3A             ; ^AS_DATA3, DATA3                ;        ;              ;                     ; Weak Pull Up ;                 ; --       ; On           ;
; AB23     ; 176        ; 5A             ; RESERVED_INPUT_WITH_WEAK_PULLUP ;        ;              ;                     ; Row I/O      ;                 ; no       ; On           ;
; AB24     ;            ;                ; GND                             ; gnd    ;              ;                     ; --           ;                 ; --       ; --           ;
; AB25     ;            ;                ; GND                             ; gnd    ;              ;                     ; --           ;                 ; --       ; --           ;
; AB26     ;            ;                ; GND                             ; gnd    ;              ;                     ; --           ;                 ; --       ; --           ;
; AB27     ;            ;                ; GND                             ; gnd    ;              ;                     ; --           ;                 ; --       ; --           ;
; AB28     ; 199        ; 6B             ; RESERVED_INPUT_WITH_WEAK_PULLUP ;        ;              ;                     ; Row I/O      ;                 ; no       ; On           ;
; AC1      ;            ;                ; GND                             ; gnd    ;              ;                     ; --           ;                 ; --       ; --           ;
; AC2      ;            ;                ; GND                             ; gnd    ;              ;                     ; --           ;                 ; --       ; --           ;
; AC3      ;            ;                ; GND                             ; gnd    ;              ;                     ; --           ;                 ; --       ; --           ;
; AC4      ; 49         ; 3A             ; ADC_SDI                         ; output ; 2.5 V        ;                     ; Column I/O   ; Y               ; no       ; Off          ;
; AC5      ; 33         ; 3A             ; ^AS_DATA2, DATA2                ;        ;              ;                     ; Weak Pull Up ;                 ; --       ; On           ;
; AC6      ; 35         ; 3A             ; ^AS_DATA1, DATA1                ;        ;              ;                     ; Weak Pull Up ;                 ; --       ; On           ;
; AC7      ; 30         ; 3A             ; #TMS                            ; input  ;              ;                     ; --           ;                 ; --       ; --           ;
; AC8      ;            ; --             ; VCC_AUX                         ; power  ;              ; 2.5V                ; --           ;                 ; --       ; --           ;
; AC21     ;            ; --             ; VCC_AUX                         ; power  ;              ; 2.5V                ; --           ;                 ; --       ; --           ;
; AC22     ; 156        ; 4A             ; enc1_a                          ; input  ; 2.5 V        ;                     ; Column I/O   ; Y               ; no       ; On           ;
; AC23     ; 154        ; 4A             ; RESERVED_INPUT_WITH_WEAK_PULLUP ;        ;              ;                     ; Column I/O   ;                 ; no       ; On           ;
; AC24     ; 174        ; 5A             ; RESERVED_INPUT_WITH_WEAK_PULLUP ;        ;              ;                     ; Row I/O      ;                 ; no       ; On           ;
; AC25     ;            ; 5A             ; VCCIO5A                         ; power  ;              ; 2.5V                ; --           ;                 ; --       ; --           ;
; AC26     ;            ; 5A             ; VREFB5AN0                       ; power  ;              ;                     ; --           ;                 ; --       ; --           ;
; AC27     ; 197        ; 6B             ; RESERVED_INPUT_WITH_WEAK_PULLUP ;        ;              ;                     ; Row I/O      ;                 ; no       ; On           ;
; AC28     ; 195        ; 6B             ; RESERVED_INPUT_WITH_WEAK_PULLUP ;        ;              ;                     ; Row I/O      ;                 ; no       ; On           ;
; AD1      ;            ;                ; DNU                             ;        ;              ;                     ; --           ;                 ; --       ; --           ;
; AD2      ;            ;                ; DNU                             ;        ;              ;                     ; --           ;                 ; --       ; --           ;
; AD3      ;            ;                ; GND                             ; gnd    ;              ;                     ; --           ;                 ; --       ; --           ;
; AD4      ; 47         ; 3A             ; ADC_SDO                         ; input  ; 2.5 V        ;                     ; Column I/O   ; Y               ; no       ; Off          ;
; AD5      ; 53         ; 3A             ; RESERVED_INPUT_WITH_WEAK_PULLUP ;        ;              ;                     ; Column I/O   ;                 ; no       ; On           ;
; AD6      ;            ;                ; GND                             ; gnd    ;              ;                     ; --           ;                 ; --       ; --           ;
; AD7      ; 37         ; 3A             ; ^AS_DATA0, ASDO, DATA0          ;        ;              ;                     ; Weak Pull Up ;                 ; --       ; On           ;
; AD8      ;            ;                ; GND                             ; gnd    ;              ;                     ; --           ;                 ; --       ; --           ;
; AD9      ;            ; 3B, 4A         ; VCCPD3B4A                       ; power  ;              ; 2.5V                ; --           ;                 ; --       ; --           ;
; AD10     ; 57         ; 3B             ; RESERVED_INPUT_WITH_WEAK_PULLUP ;        ;              ;                     ; Column I/O   ;                 ; no       ; On           ;
; AD11     ; 65         ; 3B             ; RESERVED_INPUT_WITH_WEAK_PULLUP ;        ;              ;                     ; Column I/O   ;                 ; no       ; On           ;
; AD12     ; 79         ; 3B             ; RESERVED_INPUT_WITH_WEAK_PULLUP ;        ;              ;                     ; Column I/O   ;                 ; no       ; On           ;
; AD13     ;            ; 3B, 4A         ; VCCPD3B4A                       ; power  ;              ; 2.5V                ; --           ;                 ; --       ; --           ;
; AD14     ;            ;                ; GND                             ; gnd    ;              ;                     ; --           ;                 ; --       ; --           ;
; AD15     ;            ; --             ; VCC_AUX                         ; power  ;              ; 2.5V                ; --           ;                 ; --       ; --           ;
; AD16     ;            ; 3B, 4A         ; VCCPD3B4A                       ; power  ;              ; 2.5V                ; --           ;                 ; --       ; --           ;
; AD17     ; 113        ; 4A             ; RESERVED_INPUT_WITH_WEAK_PULLUP ;        ;              ;                     ; Column I/O   ;                 ; no       ; On           ;
; AD18     ;            ; 3B, 4A         ; VCCPD3B4A                       ; power  ;              ; 2.5V                ; --           ;                 ; --       ; --           ;
; AD19     ; 119        ; 4A             ; RESERVED_INPUT_WITH_WEAK_PULLUP ;        ;              ;                     ; Column I/O   ;                 ; no       ; On           ;
; AD20     ; 127        ; 4A             ; RESERVED_INPUT_WITH_WEAK_PULLUP ;        ;              ;                     ; Column I/O   ;                 ; no       ; On           ;
; AD21     ;            ; 3B, 4A         ; VCCPD3B4A                       ; power  ;              ; 2.5V                ; --           ;                 ; --       ; --           ;
; AD22     ;            ;                ; GND                             ; gnd    ;              ;                     ; --           ;                 ; --       ; --           ;
; AD23     ; 140        ; 4A             ; RESERVED_INPUT_WITH_WEAK_PULLUP ;        ;              ;                     ; Column I/O   ;                 ; no       ; On           ;
; AD24     ;            ; --             ; VCCPGM                          ; power  ;              ; 1.8V/2.5V/3.0V/3.3V ; --           ;                 ; --       ; --           ;
; AD25     ;            ;                ; GND                             ; gnd    ;              ;                     ; --           ;                 ; --       ; --           ;
; AD26     ; 172        ; 5A             ; RESERVED_INPUT_WITH_WEAK_PULLUP ;        ;              ;                     ; Row I/O      ;                 ; no       ; On           ;
; AD27     ;            ; 6B             ; VCCIO6B_HPS                     ; power  ;              ; 2.5V                ; --           ;                 ; --       ; --           ;
; AD28     ; 185        ; 6B             ; RESERVED_INPUT_WITH_WEAK_PULLUP ;        ;              ;                     ; Row I/O      ;                 ; no       ; On           ;
; AE1      ;            ;                ; GND                             ; gnd    ;              ;                     ; --           ;                 ; --       ; --           ;
; AE2      ;            ;                ; GND                             ; gnd    ;              ;                     ; --           ;                 ; --       ; --           ;
; AE3      ;            ;                ; GND                             ; gnd    ;              ;                     ; --           ;                 ; --       ; --           ;
; AE4      ; 56         ; 3B             ; gnd[1]                          ; output ; 2.5 V        ;                     ; Column I/O   ; Y               ; no       ; Off          ;
; AE5      ;            ; 3A             ; VREFB3AN0                       ; power  ;              ;                     ; --           ;                 ; --       ; --           ;
; AE6      ; 51         ; 3A             ; RESERVED_INPUT_WITH_WEAK_PULLUP ;        ;              ;                     ; Column I/O   ;                 ; no       ; On           ;
; AE7      ; 61         ; 3B             ; OE                              ; output ; 2.5 V        ;                     ; Column I/O   ; Y               ; no       ; Off          ;
; AE8      ; 64         ; 3B             ; RESERVED_INPUT_WITH_WEAK_PULLUP ;        ;              ;                     ; Column I/O   ;                 ; no       ; On           ;
; AE9      ; 55         ; 3B             ; RESERVED_INPUT_WITH_WEAK_PULLUP ;        ;              ;                     ; Column I/O   ;                 ; no       ; On           ;
; AE10     ;            ; 3B             ; VCCIO3B                         ; power  ;              ; 2.5V                ; --           ;                 ; --       ; --           ;
; AE11     ; 63         ; 3B             ; RESERVED_INPUT_WITH_WEAK_PULLUP ;        ;              ;                     ; Column I/O   ;                 ; no       ; On           ;
; AE12     ; 81         ; 3B             ; RESERVED_INPUT_WITH_WEAK_PULLUP ;        ;              ;                     ; Column I/O   ;                 ; no       ; On           ;
; AE13     ;            ; 3B             ; VCCIO3B                         ; power  ;              ; 2.5V                ; --           ;                 ; --       ; --           ;
; AE14     ;            ;                ; DNU                             ;        ;              ;                     ; --           ;                 ; --       ; --           ;
; AE15     ; 95         ; 4A             ; RESERVED_INPUT_WITH_WEAK_PULLUP ;        ;              ;                     ; Column I/O   ;                 ; no       ; On           ;
; AE16     ;            ;                ; GND                             ; gnd    ;              ;                     ; --           ;                 ; --       ; --           ;
; AE17     ; 111        ; 4A             ; RESERVED_INPUT_WITH_WEAK_PULLUP ;        ;              ;                     ; Column I/O   ;                 ; no       ; On           ;
; AE18     ;            ;                ; GND                             ; gnd    ;              ;                     ; --           ;                 ; --       ; --           ;
; AE19     ; 121        ; 4A             ; s2                              ; input  ; 2.5 V        ;                     ; Column I/O   ; Y               ; no       ; Off          ;
; AE20     ; 129        ; 4A             ; RESERVED_INPUT_WITH_WEAK_PULLUP ;        ;              ;                     ; Column I/O   ;                 ; no       ; On           ;
; AE21     ;            ; 4A             ; VCCIO4A                         ; power  ;              ; 2.5V                ; --           ;                 ; --       ; --           ;
; AE22     ; 138        ; 4A             ; RESERVED_INPUT_WITH_WEAK_PULLUP ;        ;              ;                     ; Column I/O   ;                 ; no       ; On           ;
; AE23     ; 151        ; 4A             ; enc1_b                          ; input  ; 2.5 V        ;                     ; Column I/O   ; Y               ; no       ; On           ;
; AE24     ; 153        ; 4A             ; RESERVED_INPUT_WITH_WEAK_PULLUP ;        ;              ;                     ; Column I/O   ;                 ; no       ; On           ;
; AE25     ; 170        ; 5A             ; RESERVED_INPUT_WITH_WEAK_PULLUP ;        ;              ;                     ; Row I/O      ;                 ; no       ; On           ;
; AE26     ; 168        ; 5A             ; RESERVED_INPUT_WITH_WEAK_PULLUP ;        ;              ;                     ; Row I/O      ;                 ; no       ; On           ;
; AE27     ; 187        ; 6B             ; RESERVED_INPUT_WITH_WEAK_PULLUP ;        ;              ;                     ; Row I/O      ;                 ; no       ; On           ;
; AE28     ; 183        ; 6B             ; RESERVED_INPUT_WITH_WEAK_PULLUP ;        ;              ;                     ; Row I/O      ;                 ; no       ; On           ;
; AF1      ;            ;                ; GND                             ; gnd    ;              ;                     ; --           ;                 ; --       ; --           ;
; AF2      ;            ;                ; GND                             ; gnd    ;              ;                     ; --           ;                 ; --       ; --           ;
; AF3      ;            ;                ; GND                             ; gnd    ;              ;                     ; --           ;                 ; --       ; --           ;
; AF4      ; 54         ; 3B             ; led_addr[0]                     ; output ; 2.5 V        ;                     ; Column I/O   ; Y               ; no       ; Off          ;
; AF5      ; 69         ; 3B             ; led_addr[2]                     ; output ; 2.5 V        ;                     ; Column I/O   ; Y               ; no       ; Off          ;
; AF6      ; 67         ; 3B             ; gnd[0]                          ; output ; 2.5 V        ;                     ; Column I/O   ; Y               ; no       ; Off          ;
; AF7      ; 72         ; 3B             ; RESERVED_INPUT_WITH_WEAK_PULLUP ;        ;              ;                     ; Column I/O   ;                 ; no       ; On           ;
; AF8      ; 59         ; 3B             ; RESERVED_INPUT_WITH_WEAK_PULLUP ;        ;              ;                     ; Column I/O   ;                 ; no       ; On           ;
; AF9      ; 62         ; 3B             ; RESERVED_INPUT_WITH_WEAK_PULLUP ;        ;              ;                     ; Column I/O   ;                 ; no       ; On           ;
; AF10     ; 71         ; 3B             ; RESERVED_INPUT_WITH_WEAK_PULLUP ;        ;              ;                     ; Column I/O   ;                 ; no       ; On           ;
; AF11     ; 73         ; 3B             ; RESERVED_INPUT_WITH_WEAK_PULLUP ;        ;              ;                     ; Column I/O   ;                 ; no       ; On           ;
; AF12     ;            ; 3B             ; VREFB3BN0                       ; power  ;              ;                     ; --           ;                 ; --       ; --           ;
; AF13     ; 87         ; 4A             ; RESERVED_INPUT_WITH_WEAK_PULLUP ;        ;              ;                     ; Column I/O   ;                 ; no       ; On           ;
; AF14     ;            ; 4A             ; VCCIO4A                         ; power  ;              ; 2.5V                ; --           ;                 ; --       ; --           ;
; AF15     ; 97         ; 4A             ; RESERVED_INPUT_WITH_WEAK_PULLUP ;        ;              ;                     ; Column I/O   ;                 ; no       ; On           ;
; AF16     ;            ; 4A             ; VREFB4AN0                       ; power  ;              ;                     ; --           ;                 ; --       ; --           ;
; AF17     ; 105        ; 4A             ; RESERVED_INPUT_WITH_WEAK_PULLUP ;        ;              ;                     ; Column I/O   ;                 ; no       ; On           ;
; AF18     ; 120        ; 4A             ; RESERVED_INPUT_WITH_WEAK_PULLUP ;        ;              ;                     ; Column I/O   ;                 ; no       ; On           ;
; AF19     ;            ; 4A             ; VCCIO4A                         ; power  ;              ; 2.5V                ; --           ;                 ; --       ; --           ;
; AF20     ; 133        ; 4A             ; RESERVED_INPUT_WITH_WEAK_PULLUP ;        ;              ;                     ; Column I/O   ;                 ; no       ; On           ;
; AF21     ; 135        ; 4A             ; RESERVED_INPUT_WITH_WEAK_PULLUP ;        ;              ;                     ; Column I/O   ;                 ; no       ; On           ;
; AF22     ; 137        ; 4A             ; RESERVED_INPUT_WITH_WEAK_PULLUP ;        ;              ;                     ; Column I/O   ;                 ; no       ; On           ;
; AF23     ; 143        ; 4A             ; RESERVED_INPUT_WITH_WEAK_PULLUP ;        ;              ;                     ; Column I/O   ;                 ; no       ; On           ;
; AF24     ;            ;                ; GND                             ; gnd    ;              ;                     ; --           ;                 ; --       ; --           ;
; AF25     ; 161        ; 4A             ; RESERVED_INPUT_WITH_WEAK_PULLUP ;        ;              ;                     ; Column I/O   ;                 ; no       ; On           ;
; AF26     ; 166        ; 5A             ; RESERVED_INPUT_WITH_WEAK_PULLUP ;        ;              ;                     ; Row I/O      ;                 ; no       ; On           ;
; AF27     ; 165        ; 4A             ; RESERVED_INPUT_WITH_WEAK_PULLUP ;        ;              ;                     ; Column I/O   ;                 ; no       ; On           ;
; AF28     ; 163        ; 4A             ; RESERVED_INPUT_WITH_WEAK_PULLUP ;        ;              ;                     ; Column I/O   ;                 ; no       ; On           ;
; AG1      ;            ;                ; GND                             ; gnd    ;              ;                     ; --           ;                 ; --       ; --           ;
; AG2      ;            ;                ; GND                             ; gnd    ;              ;                     ; --           ;                 ; --       ; --           ;
; AG3      ;            ;                ; GND                             ; gnd    ;              ;                     ; --           ;                 ; --       ; --           ;
; AG4      ;            ; 3B             ; VCCIO3B                         ; power  ;              ; 2.5V                ; --           ;                 ; --       ; --           ;
; AG5      ; 80         ; 3B             ; RGB1[1]                         ; output ; 2.5 V        ;                     ; Column I/O   ; Y               ; no       ; Off          ;
; AG6      ; 70         ; 3B             ; led_addr[1]                     ; output ; 2.5 V        ;                     ; Column I/O   ; Y               ; no       ; Off          ;
; AG7      ;            ;                ; GND                             ; gnd    ;              ;                     ; --           ;                 ; --       ; --           ;
; AG8      ; 88         ; 4A             ; RESERVED_INPUT_WITH_WEAK_PULLUP ;        ;              ;                     ; Column I/O   ;                 ; no       ; On           ;
; AG9      ; 93         ; 4A             ; RESERVED_INPUT_WITH_WEAK_PULLUP ;        ;              ;                     ; Column I/O   ;                 ; no       ; On           ;
; AG10     ; 96         ; 4A             ; RESERVED_INPUT_WITH_WEAK_PULLUP ;        ;              ;                     ; Column I/O   ;                 ; no       ; On           ;
; AG11     ; 101        ; 4A             ; RESERVED_INPUT_WITH_WEAK_PULLUP ;        ;              ;                     ; Column I/O   ;                 ; no       ; On           ;
; AG12     ;            ; 4A             ; VCCIO4A                         ; power  ;              ; 2.5V                ; --           ;                 ; --       ; --           ;
; AG13     ; 89         ; 4A             ; RESERVED_INPUT_WITH_WEAK_PULLUP ;        ;              ;                     ; Column I/O   ;                 ; no       ; On           ;
; AG14     ; 109        ; 4A             ; RESERVED_INPUT_WITH_WEAK_PULLUP ;        ;              ;                     ; Column I/O   ;                 ; no       ; On           ;
; AG15     ; 112        ; 4A             ; RESERVED_INPUT_WITH_WEAK_PULLUP ;        ;              ;                     ; Column I/O   ;                 ; no       ; On           ;
; AG16     ; 103        ; 4A             ; RESERVED_INPUT_WITH_WEAK_PULLUP ;        ;              ;                     ; Column I/O   ;                 ; no       ; On           ;
; AG17     ;            ;                ; GND                             ; gnd    ;              ;                     ; --           ;                 ; --       ; --           ;
; AG18     ; 125        ; 4A             ; RESERVED_INPUT_WITH_WEAK_PULLUP ;        ;              ;                     ; Column I/O   ;                 ; no       ; On           ;
; AG19     ; 128        ; 4A             ; RESERVED_INPUT_WITH_WEAK_PULLUP ;        ;              ;                     ; Column I/O   ;                 ; no       ; On           ;
; AG20     ; 131        ; 4A             ; RESERVED_INPUT_WITH_WEAK_PULLUP ;        ;              ;                     ; Column I/O   ;                 ; no       ; On           ;
; AG21     ; 136        ; 4A             ; RESERVED_INPUT_WITH_WEAK_PULLUP ;        ;              ;                     ; Column I/O   ;                 ; no       ; On           ;
; AG22     ;            ; 4A             ; VCCIO4A                         ; power  ;              ; 2.5V                ; --           ;                 ; --       ; --           ;
; AG23     ; 145        ; 4A             ; RESERVED_INPUT_WITH_WEAK_PULLUP ;        ;              ;                     ; Column I/O   ;                 ; no       ; On           ;
; AG24     ; 149        ; 4A             ; RESERVED_INPUT_WITH_WEAK_PULLUP ;        ;              ;                     ; Column I/O   ;                 ; no       ; On           ;
; AG25     ; 159        ; 4A             ; RESERVED_INPUT_WITH_WEAK_PULLUP ;        ;              ;                     ; Column I/O   ;                 ; no       ; On           ;
; AG26     ; 152        ; 4A             ; RESERVED_INPUT_WITH_WEAK_PULLUP ;        ;              ;                     ; Column I/O   ;                 ; no       ; On           ;
; AG27     ;            ;                ; GND                             ; gnd    ;              ;                     ; --           ;                 ; --       ; --           ;
; AG28     ; 160        ; 4A             ; enc2_b                          ; input  ; 2.5 V        ;                     ; Column I/O   ; Y               ; no       ; On           ;
; AH2      ; 75         ; 3B             ; gnd[2]                          ; output ; 2.5 V        ;                     ; Column I/O   ; Y               ; no       ; Off          ;
; AH3      ; 77         ; 3B             ; RGB1[0]                         ; output ; 2.5 V        ;                     ; Column I/O   ; Y               ; no       ; Off          ;
; AH4      ; 78         ; 3B             ; RGB1[2]                         ; output ; 2.5 V        ;                     ; Column I/O   ; Y               ; no       ; Off          ;
; AH5      ; 83         ; 3B             ; RGB0[0]                         ; output ; 2.5 V        ;                     ; Column I/O   ; Y               ; no       ; Off          ;
; AH6      ; 85         ; 3B             ; gnd[3]                          ; output ; 2.5 V        ;                     ; Column I/O   ; Y               ; no       ; Off          ;
; AH7      ; 86         ; 4A             ; RESERVED_INPUT_WITH_WEAK_PULLUP ;        ;              ;                     ; Column I/O   ;                 ; no       ; On           ;
; AH8      ; 91         ; 4A             ; RESERVED_INPUT_WITH_WEAK_PULLUP ;        ;              ;                     ; Column I/O   ;                 ; no       ; On           ;
; AH9      ; 94         ; 4A             ; RESERVED_INPUT_WITH_WEAK_PULLUP ;        ;              ;                     ; Column I/O   ;                 ; no       ; On           ;
; AH10     ;            ;                ; GND                             ; gnd    ;              ;                     ; --           ;                 ; --       ; --           ;
; AH11     ; 99         ; 4A             ; RESERVED_INPUT_WITH_WEAK_PULLUP ;        ;              ;                     ; Column I/O   ;                 ; no       ; On           ;
; AH12     ; 104        ; 4A             ; RESERVED_INPUT_WITH_WEAK_PULLUP ;        ;              ;                     ; Column I/O   ;                 ; no       ; On           ;
; AH13     ; 107        ; 4A             ; RESERVED_INPUT_WITH_WEAK_PULLUP ;        ;              ;                     ; Column I/O   ;                 ; no       ; On           ;
; AH14     ; 110        ; 4A             ; RESERVED_INPUT_WITH_WEAK_PULLUP ;        ;              ;                     ; Column I/O   ;                 ; no       ; On           ;
; AH15     ;            ; 4A             ; VCCIO4A                         ; power  ;              ; 2.5V                ; --           ;                 ; --       ; --           ;
; AH16     ; 115        ; 4A             ; RESERVED_INPUT_WITH_WEAK_PULLUP ;        ;              ;                     ; Column I/O   ;                 ; no       ; On           ;
; AH17     ; 117        ; 4A             ; RESERVED_INPUT_WITH_WEAK_PULLUP ;        ;              ;                     ; Column I/O   ;                 ; no       ; On           ;
; AH18     ; 123        ; 4A             ; RESERVED_INPUT_WITH_WEAK_PULLUP ;        ;              ;                     ; Column I/O   ;                 ; no       ; On           ;
; AH19     ; 126        ; 4A             ; RESERVED_INPUT_WITH_WEAK_PULLUP ;        ;              ;                     ; Column I/O   ;                 ; no       ; On           ;
; AH20     ;            ;                ; GND                             ; gnd    ;              ;                     ; --           ;                 ; --       ; --           ;
; AH21     ; 139        ; 4A             ; RESERVED_INPUT_WITH_WEAK_PULLUP ;        ;              ;                     ; Column I/O   ;                 ; no       ; On           ;
; AH22     ; 142        ; 4A             ; RESERVED_INPUT_WITH_WEAK_PULLUP ;        ;              ;                     ; Column I/O   ;                 ; no       ; On           ;
; AH23     ; 144        ; 4A             ; s1                              ; input  ; 2.5 V        ;                     ; Column I/O   ; Y               ; no       ; Off          ;
; AH24     ; 147        ; 4A             ; RESERVED_INPUT_WITH_WEAK_PULLUP ;        ;              ;                     ; Column I/O   ;                 ; no       ; On           ;
; AH25     ;            ; 4A             ; VCCIO4A                         ; power  ;              ; 2.5V                ; --           ;                 ; --       ; --           ;
; AH26     ; 155        ; 4A             ; reset                           ; input  ; 2.5 V        ;                     ; Column I/O   ; N               ; no       ; Off          ;
; AH27     ; 158        ; 4A             ; enc2_a                          ; input  ; 2.5 V        ;                     ; Column I/O   ; Y               ; no       ; On           ;
; B1       ;            ;                ; GND                             ;        ;              ;                     ; --           ;                 ; --       ; --           ;
; B2       ;            ;                ; DNU                             ;        ;              ;                     ; --           ;                 ; --       ; --           ;
; B3       ;            ;                ; GND                             ; gnd    ;              ;                     ; --           ;                 ; --       ; --           ;
; B4       ; 359        ; 7C             ; RESERVED_INPUT_WITH_WEAK_PULLUP ;        ;              ;                     ; Column I/O   ;                 ; no       ; On           ;
; B5       ;            ;                ; GND                             ; gnd    ;              ;                     ; --           ;                 ; --       ; --           ;
; B6       ; 355        ; 7C             ; RESERVED_INPUT_WITH_WEAK_PULLUP ;        ;              ;                     ; Column I/O   ;                 ; no       ; On           ;
; B7       ;            ;                ; GND                             ; gnd    ;              ;                     ; --           ;                 ; --       ; --           ;
; B8       ; 361        ; 7C             ; RESERVED_INPUT_WITH_WEAK_PULLUP ;        ;              ;                     ; Column I/O   ;                 ; no       ; On           ;
; B9       ; 363        ; 7C             ; RESERVED_INPUT_WITH_WEAK_PULLUP ;        ;              ;                     ; Column I/O   ;                 ; no       ; On           ;
; B10      ;            ; 7C             ; VCCIO7C_HPS                     ; power  ;              ; 2.5V                ; --           ;                 ; --       ; --           ;
; B11      ; 362        ; 7C             ; RESERVED_INPUT_WITH_WEAK_PULLUP ;        ;              ;                     ; Column I/O   ;                 ; no       ; On           ;
; B12      ; 360        ; 7C             ; RESERVED_INPUT_WITH_WEAK_PULLUP ;        ;              ;                     ; Column I/O   ;                 ; no       ; On           ;
; B13      ;            ; 7B             ; VCCIO7B_HPS                     ; power  ;              ; 2.5V                ; --           ;                 ; --       ; --           ;
; B14      ; 349        ; 7B             ; RESERVED_INPUT_WITH_WEAK_PULLUP ;        ;              ;                     ; Column I/O   ;                 ; no       ; On           ;
; B15      ;            ;                ; GND                             ; gnd    ;              ;                     ; --           ;                 ; --       ; --           ;
; B16      ; 324        ; 7A             ; RESERVED_INPUT_WITH_WEAK_PULLUP ;        ;              ;                     ; Column I/O   ;                 ; no       ; On           ;
; B17      ;            ;                ; GND                             ; gnd    ;              ;                     ; --           ;                 ; --       ; --           ;
; B18      ; 319        ; 7A             ; RESERVED_INPUT_WITH_WEAK_PULLUP ;        ;              ;                     ; Column I/O   ;                 ; no       ; On           ;
; B19      ; 325        ; 7A             ; RESERVED_INPUT_WITH_WEAK_PULLUP ;        ;              ;                     ; Column I/O   ;                 ; no       ; On           ;
; B20      ;            ;                ; GND                             ; gnd    ;              ;                     ; --           ;                 ; --       ; --           ;
; B21      ; 310        ; 7A             ; RESERVED_INPUT_WITH_WEAK_PULLUP ;        ;              ;                     ; Column I/O   ;                 ; no       ; On           ;
; B22      ;            ;                ; GND                             ; gnd    ;              ;                     ; --           ;                 ; --       ; --           ;
; B23      ; 298        ; 7A             ; ^HPS_TDO                        ;        ;              ;                     ; --           ;                 ; --       ; --           ;
; B24      ; 285        ; 6A             ; RESERVED_INPUT_WITH_WEAK_PULLUP ;        ;              ;                     ; Row I/O      ;                 ; no       ; On           ;
; B25      ;            ;                ; GND                             ; gnd    ;              ;                     ; --           ;                 ; --       ; --           ;
; B26      ; 273        ; 6A             ; RESERVED_INPUT_WITH_WEAK_PULLUP ;        ;              ;                     ; Row I/O      ;                 ; no       ; On           ;
; B27      ;            ;                ; GND                             ; gnd    ;              ;                     ; --           ;                 ; --       ; --           ;
; B28      ; 265        ; 6A             ; RESERVED_INPUT_WITH_WEAK_PULLUP ;        ;              ;                     ; Row I/O      ;                 ; no       ; On           ;
; C1       ;            ;                ; GND                             ; gnd    ;              ;                     ; --           ;                 ; --       ; --           ;
; C2       ;            ;                ; GND                             ; gnd    ;              ;                     ; --           ;                 ; --       ; --           ;
; C3       ;            ;                ; GND                             ; gnd    ;              ;                     ; --           ;                 ; --       ; --           ;
; C4       ; 368        ; 7D             ; RESERVED_INPUT_WITH_WEAK_PULLUP ;        ;              ;                     ; Column I/O   ;                 ; no       ; On           ;
; C5       ; 375        ; 7D             ; RESERVED_INPUT_WITH_WEAK_PULLUP ;        ;              ;                     ; Column I/O   ;                 ; no       ; On           ;
; C6       ; 373        ; 7D             ; RESERVED_INPUT_WITH_WEAK_PULLUP ;        ;              ;                     ; Column I/O   ;                 ; no       ; On           ;
; C7       ; 371        ; 7D             ; RESERVED_INPUT_WITH_WEAK_PULLUP ;        ;              ;                     ; Column I/O   ;                 ; no       ; On           ;
; C8       ; 369        ; 7D             ; RESERVED_INPUT_WITH_WEAK_PULLUP ;        ;              ;                     ; Column I/O   ;                 ; no       ; On           ;
; C9       ; 367        ; 7D             ; RESERVED_INPUT_WITH_WEAK_PULLUP ;        ;              ;                     ; Column I/O   ;                 ; no       ; On           ;
; C10      ; 365        ; 7D             ; RESERVED_INPUT_WITH_WEAK_PULLUP ;        ;              ;                     ; Column I/O   ;                 ; no       ; On           ;
; C11      ;            ;                ; GND                             ; gnd    ;              ;                     ; --           ;                 ; --       ; --           ;
; C12      ; 382        ; 8A             ; RESERVED_INPUT_WITH_WEAK_PULLUP ;        ;              ;                     ; Column I/O   ;                 ; no       ; On           ;
; C13      ; 354        ; 7C             ; RESERVED_INPUT_WITH_WEAK_PULLUP ;        ;              ;                     ; Column I/O   ;                 ; no       ; On           ;
; C14      ; 348        ; 7B             ; RESERVED_INPUT_WITH_WEAK_PULLUP ;        ;              ;                     ; Column I/O   ;                 ; no       ; On           ;
; C15      ; 340        ; 7B             ; RESERVED_INPUT_WITH_WEAK_PULLUP ;        ;              ;                     ; Column I/O   ;                 ; no       ; On           ;
; C16      ; 326        ; 7A             ; RESERVED_INPUT_WITH_WEAK_PULLUP ;        ;              ;                     ; Column I/O   ;                 ; no       ; On           ;
; C17      ; 318        ; 7A             ; RESERVED_INPUT_WITH_WEAK_PULLUP ;        ;              ;                     ; Column I/O   ;                 ; no       ; On           ;
; C18      ; 316        ; 7A             ; RESERVED_INPUT_WITH_WEAK_PULLUP ;        ;              ;                     ; Column I/O   ;                 ; no       ; On           ;
; C19      ; 323        ; 7A             ; RESERVED_INPUT_WITH_WEAK_PULLUP ;        ;              ;                     ; Column I/O   ;                 ; no       ; On           ;
; C20      ;            ; 7A             ; VCCIO7A_HPS                     ; power  ;              ; 2.5V                ; --           ;                 ; --       ; --           ;
; C21      ; 308        ; 7A             ; RESERVED_INPUT_WITH_WEAK_PULLUP ;        ;              ;                     ; Column I/O   ;                 ; no       ; On           ;
; C22      ; 302        ; 7A             ; ^HPS_TRST                       ;        ;              ;                     ; --           ;                 ; --       ; --           ;
; C23      ; 300        ; 7A             ; ^HPS_TMS                        ;        ;              ;                     ; --           ;                 ; --       ; --           ;
; C24      ; 289        ; 6A             ; RESERVED_INPUT_WITH_WEAK_PULLUP ;        ;              ;                     ; Row I/O      ;                 ; no       ; On           ;
; C25      ;            ; 6A             ; VCCIO6A_HPS                     ; power  ;              ; 2.5V                ; --           ;                 ; --       ; --           ;
; C26      ; 271        ; 6A             ; RESERVED_INPUT_WITH_WEAK_PULLUP ;        ;              ;                     ; Row I/O      ;                 ; no       ; On           ;
; C27      ;            ; 6A             ; VCCIO6A_HPS                     ; power  ;              ; 2.5V                ; --           ;                 ; --       ; --           ;
; C28      ; 263        ; 6A             ; RESERVED_INPUT_WITH_WEAK_PULLUP ;        ;              ;                     ; Row I/O      ;                 ; no       ; On           ;
; D1       ;            ;                ; DNU                             ;        ;              ;                     ; --           ;                 ; --       ; --           ;
; D2       ;            ;                ; DNU                             ;        ;              ;                     ; --           ;                 ; --       ; --           ;
; D3       ;            ;                ; GND                             ; gnd    ;              ;                     ; --           ;                 ; --       ; --           ;
; D4       ; 370        ; 7D             ; RESERVED_INPUT_WITH_WEAK_PULLUP ;        ;              ;                     ; Column I/O   ;                 ; no       ; On           ;
; D5       ; 377        ; 7D             ; RESERVED_INPUT_WITH_WEAK_PULLUP ;        ;              ;                     ; Column I/O   ;                 ; no       ; On           ;
; D6       ;            ; 7D             ; VCCIO7D_HPS                     ; power  ;              ; 2.5V                ; --           ;                 ; --       ; --           ;
; D7       ;            ; --             ; VCCBAT                          ; power  ;              ; 1.2V                ; --           ;                 ; --       ; --           ;
; D8       ; 387        ; 8A             ; RESERVED_INPUT_WITH_WEAK_PULLUP ;        ;              ;                     ; Column I/O   ;                 ; no       ; On           ;
; D9       ;            ; 8A             ; VREFB8AN0                       ; power  ;              ;                     ; --           ;                 ; --       ; --           ;
; D10      ;            ;                ; GND                             ; gnd    ;              ;                     ; --           ;                 ; --       ; --           ;
; D11      ; 398        ; 8A             ; RESERVED_INPUT_WITH_WEAK_PULLUP ;        ;              ;                     ; Column I/O   ;                 ; no       ; On           ;
; D12      ; 380        ; 8A             ; RESERVED_INPUT_WITH_WEAK_PULLUP ;        ;              ;                     ; Column I/O   ;                 ; no       ; On           ;
; D13      ;            ;                ; GND                             ; gnd    ;              ;                     ; --           ;                 ; --       ; --           ;
; D14      ; 352        ; 7C             ; RESERVED_INPUT_WITH_WEAK_PULLUP ;        ;              ;                     ; Column I/O   ;                 ; no       ; On           ;
; D15      ; 342        ; 7B             ; RESERVED_INPUT_WITH_WEAK_PULLUP ;        ;              ;                     ; Column I/O   ;                 ; no       ; On           ;
; D16      ;            ;                ; GND                             ; gnd    ;              ;                     ; --           ;                 ; --       ; --           ;
; D17      ; 332        ; 7B             ; RESERVED_INPUT_WITH_WEAK_PULLUP ;        ;              ;                     ; Column I/O   ;                 ; no       ; On           ;
; D18      ;            ; 7A             ; VCCIO7A_HPS                     ; power  ;              ; 2.5V                ; --           ;                 ; --       ; --           ;
; D19      ;            ; 7A, 7B, 7C, 7D ; VREFB7A7B7C7DN0_HPS             ; power  ;              ;                     ; --           ;                 ; --       ; --           ;
; D20      ; 307        ; 7A             ; ^HPS_CLK2                       ;        ;              ;                     ; --           ;                 ; --       ; --           ;
; D21      ; 304        ; 7A             ; ^GND                            ;        ;              ;                     ; --           ;                 ; --       ; --           ;
; D22      ; 303        ; 7A             ; ^HPS_TDI                        ;        ;              ;                     ; --           ;                 ; --       ; --           ;
; D23      ;            ;                ; DNU                             ;        ;              ;                     ; --           ;                 ; --       ; --           ;
; D24      ; 287        ; 6A             ; RESERVED_INPUT_WITH_WEAK_PULLUP ;        ;              ;                     ; Row I/O      ;                 ; no       ; On           ;
; D25      ; 293        ; 6A             ; HPS_RZQ_0                       ;        ;              ;                     ; --           ;                 ; no       ; On           ;
; D26      ; 269        ; 6A             ; RESERVED_INPUT_WITH_WEAK_PULLUP ;        ;              ;                     ; Row I/O      ;                 ; no       ; On           ;
; D27      ; 257        ; 6A             ; RESERVED_INPUT_WITH_WEAK_PULLUP ;        ;              ;                     ; Row I/O      ;                 ; no       ; On           ;
; D28      ; 255        ; 6A             ; RESERVED_INPUT_WITH_WEAK_PULLUP ;        ;              ;                     ; Row I/O      ;                 ; no       ; On           ;
; E1       ;            ;                ; GND                             ; gnd    ;              ;                     ; --           ;                 ; --       ; --           ;
; E2       ;            ;                ; GND                             ; gnd    ;              ;                     ; --           ;                 ; --       ; --           ;
; E3       ;            ;                ; GND                             ; gnd    ;              ;                     ; --           ;                 ; --       ; --           ;
; E4       ; 364        ; 7D             ; RESERVED_INPUT_WITH_WEAK_PULLUP ;        ;              ;                     ; Column I/O   ;                 ; no       ; On           ;
; E5       ; 376        ; 7D             ; RESERVED_INPUT_WITH_WEAK_PULLUP ;        ;              ;                     ; Column I/O   ;                 ; no       ; On           ;
; E6       ; 432        ; 9A             ; ^nCE                            ;        ;              ;                     ; --           ;                 ; --       ; --           ;
; E7       ;            ; 8A             ; VCCIO8A                         ; power  ;              ; 2.5V                ; --           ;                 ; --       ; --           ;
; E8       ; 385        ; 8A             ; RESERVED_INPUT_WITH_WEAK_PULLUP ;        ;              ;                     ; Column I/O   ;                 ; no       ; On           ;
; E9       ;            ;                ; GND                             ; gnd    ;              ;                     ; --           ;                 ; --       ; --           ;
; E10      ;            ; 8A             ; VCCPD8A                         ; power  ;              ; 2.5V                ; --           ;                 ; --       ; --           ;
; E11      ; 396        ; 8A             ; RESERVED_INPUT_WITH_WEAK_PULLUP ;        ;              ;                     ; Column I/O   ;                 ; no       ; On           ;
; E12      ;            ;                ; DNU                             ;        ;              ;                     ; --           ;                 ; --       ; --           ;
; E13      ;            ; 7D             ; VCCPD7D_HPS                     ; power  ;              ; 2.5V                ; --           ;                 ; --       ; --           ;
; E14      ;            ; 7C             ; VCCPD7C_HPS                     ; power  ;              ; 2.5V                ; --           ;                 ; --       ; --           ;
; E15      ;            ; --             ; VCC_AUX                         ; power  ;              ; 2.5V                ; --           ;                 ; --       ; --           ;
; E16      ; 334        ; 7B             ; RESERVED_INPUT_WITH_WEAK_PULLUP ;        ;              ;                     ; Column I/O   ;                 ; no       ; On           ;
; E17      ;            ; 7B             ; VCCPD7B_HPS                     ; power  ;              ; 2.5V                ; --           ;                 ; --       ; --           ;
; E18      ; 305        ; 7A             ; ^HPS_PORSEL                     ;        ;              ;                     ; --           ;                 ; --       ; --           ;
; E19      ;            ;                ; GND                             ; gnd    ;              ;                     ; --           ;                 ; --       ; --           ;
; E20      ; 306        ; 7A             ; ^HPS_CLK1                       ;        ;              ;                     ; --           ;                 ; --       ; --           ;
; E21      ;            ; 7A             ; VCCPD7A_HPS                     ; power  ;              ; 2.5V                ; --           ;                 ; --       ; --           ;
; E22      ;            ;                ; GND                             ; gnd    ;              ;                     ; --           ;                 ; --       ; --           ;
; E23      ; 295        ; 7A             ; ^GND                            ;        ;              ;                     ; --           ;                 ; --       ; --           ;
; E24      ;            ;                ; GND                             ; gnd    ;              ;                     ; --           ;                 ; --       ; --           ;
; E25      ; 291        ; 6A             ; RESERVED_INPUT_WITH_WEAK_PULLUP ;        ;              ;                     ; Row I/O      ;                 ; no       ; On           ;
; E26      ; 267        ; 6A             ; RESERVED_INPUT_WITH_WEAK_PULLUP ;        ;              ;                     ; Row I/O      ;                 ; no       ; On           ;
; E27      ;            ;                ; GND                             ; gnd    ;              ;                     ; --           ;                 ; --       ; --           ;
; E28      ; 259        ; 6A             ; RESERVED_INPUT_WITH_WEAK_PULLUP ;        ;              ;                     ; Row I/O      ;                 ; no       ; On           ;
; F1       ;            ;                ; GND                             ; gnd    ;              ;                     ; --           ;                 ; --       ; --           ;
; F2       ;            ;                ; GND                             ; gnd    ;              ;                     ; --           ;                 ; --       ; --           ;
; F3       ;            ;                ; GND                             ; gnd    ;              ;                     ; --           ;                 ; --       ; --           ;
; F4       ; 372        ; 7D             ; RESERVED_INPUT_WITH_WEAK_PULLUP ;        ;              ;                     ; Column I/O   ;                 ; no       ; On           ;
; F5       ; 366        ; 7D             ; RESERVED_INPUT_WITH_WEAK_PULLUP ;        ;              ;                     ; Column I/O   ;                 ; no       ; On           ;
; F6       ; 437        ; 9A             ; ^GND                            ;        ;              ;                     ; --           ;                 ; --       ; --           ;
; F7       ; 435        ; 9A             ; ^nCONFIG                        ;        ;              ;                     ; --           ;                 ; --       ; --           ;
; F8       ;            ; --             ; VCC_AUX                         ; power  ;              ; 2.5V                ; --           ;                 ; --       ; --           ;
; F21      ;            ; --             ; VCC_AUX_SHARED                  ; power  ;              ; 2.5V                ; --           ;                 ; --       ; --           ;
; F22      ;            ; --             ; VCCRSTCLK_HPS                   ; power  ;              ; 1.8V/2.5V/3.0V/3.3V ; --           ;                 ; --       ; --           ;
; F23      ; 294        ; 7A             ; ^GND                            ;        ;              ;                     ; --           ;                 ; --       ; --           ;
; F24      ; 292        ; 6A             ; RESERVED_INPUT_WITH_WEAK_PULLUP ;        ;              ;                     ; Row I/O      ;                 ; no       ; On           ;
; F25      ; 284        ; 6A             ; RESERVED_INPUT_WITH_WEAK_PULLUP ;        ;              ;                     ; Row I/O      ;                 ; no       ; On           ;
; F26      ; 282        ; 6A             ; RESERVED_INPUT_WITH_WEAK_PULLUP ;        ;              ;                     ; Row I/O      ;                 ; no       ; On           ;
; F27      ;            ; 6A             ; VCCIO6A_HPS                     ; power  ;              ; 2.5V                ; --           ;                 ; --       ; --           ;
; F28      ; 249        ; 6A             ; RESERVED_INPUT_WITH_WEAK_PULLUP ;        ;              ;                     ; Row I/O      ;                 ; no       ; On           ;
; G1       ;            ;                ; GND                             ; gnd    ;              ;                     ; --           ;                 ; --       ; --           ;
; G2       ;            ;                ; GND                             ; gnd    ;              ;                     ; --           ;                 ; --       ; --           ;
; G3       ;            ;                ; GND                             ; gnd    ;              ;                     ; --           ;                 ; --       ; --           ;
; G4       ; 374        ; 7D             ; RESERVED_INPUT_WITH_WEAK_PULLUP ;        ;              ;                     ; Column I/O   ;                 ; no       ; On           ;
; G5       ;            ; 7D             ; VCCIO7D_HPS                     ; power  ;              ; 2.5V                ; --           ;                 ; --       ; --           ;
; G6       ; 433        ; 9A             ; ^MSEL2                          ;        ;              ;                     ; --           ;                 ; --       ; --           ;
; G23      ; 290        ; 6A             ; RESERVED_INPUT_WITH_WEAK_PULLUP ;        ;              ;                     ; Row I/O      ;                 ; no       ; On           ;
; G24      ;            ; 6A             ; VCCIO6A_HPS                     ; power  ;              ; 2.5V                ; --           ;                 ; --       ; --           ;
; G25      ; 276        ; 6A             ; RESERVED_INPUT_WITH_WEAK_PULLUP ;        ;              ;                     ; Row I/O      ;                 ; no       ; On           ;
; G26      ; 253        ; 6A             ; RESERVED_INPUT_WITH_WEAK_PULLUP ;        ;              ;                     ; Row I/O      ;                 ; no       ; On           ;
; G27      ; 251        ; 6A             ; RESERVED_INPUT_WITH_WEAK_PULLUP ;        ;              ;                     ; Row I/O      ;                 ; no       ; On           ;
; G28      ; 247        ; 6A             ; RESERVED_INPUT_WITH_WEAK_PULLUP ;        ;              ;                     ; Row I/O      ;                 ; no       ; On           ;
; H1       ;            ;                ; DNU                             ;        ;              ;                     ; --           ;                 ; --       ; --           ;
; H2       ;            ;                ; DNU                             ;        ;              ;                     ; --           ;                 ; --       ; --           ;
; H3       ;            ;                ; GND                             ; gnd    ;              ;                     ; --           ;                 ; --       ; --           ;
; H4       ; 427        ; 8A             ; RESERVED_INPUT_WITH_WEAK_PULLUP ;        ;              ;                     ; Column I/O   ;                 ; no       ; On           ;
; H5       ; 423        ; 8A             ; RESERVED_INPUT_WITH_WEAK_PULLUP ;        ;              ;                     ; Column I/O   ;                 ; no       ; On           ;
; H6       ; 421        ; 8A             ; RESERVED_INPUT_WITH_WEAK_PULLUP ;        ;              ;                     ; Column I/O   ;                 ; no       ; On           ;
; H8       ; 431        ; 9A             ; ^nSTATUS                        ;        ;              ;                     ; --           ;                 ; --       ; --           ;
; H9       ; 430        ; 9A             ; ^MSEL1                          ;        ;              ;                     ; --           ;                 ; --       ; --           ;
; H10      ;            ; --             ; VCCPGM                          ; power  ;              ; 1.8V/2.5V/3.0V/3.3V ; --           ;                 ; --       ; --           ;
; H11      ;            ;                ; GND                             ; gnd    ;              ;                     ; --           ;                 ; --       ; --           ;
; H12      ; 358        ; 7C             ; RESERVED_INPUT_WITH_WEAK_PULLUP ;        ;              ;                     ; Column I/O   ;                 ; no       ; On           ;
; H13      ; 356        ; 7C             ; RESERVED_INPUT_WITH_WEAK_PULLUP ;        ;              ;                     ; Column I/O   ;                 ; no       ; On           ;
; H14      ;            ; 7B             ; VCCIO7B_HPS                     ; power  ;              ; 2.5V                ; --           ;                 ; --       ; --           ;
; H15      ;            ;                ; GND                             ; gnd    ;              ;                     ; --           ;                 ; --       ; --           ;
; H16      ; 344        ; 7B             ; RESERVED_INPUT_WITH_WEAK_PULLUP ;        ;              ;                     ; Column I/O   ;                 ; no       ; On           ;
; H17      ; 322        ; 7A             ; RESERVED_INPUT_WITH_WEAK_PULLUP ;        ;              ;                     ; Column I/O   ;                 ; no       ; On           ;
; H18      ;            ;                ; GND                             ; gnd    ;              ;                     ; --           ;                 ; --       ; --           ;
; H19      ; 297        ; 7A             ; ^HPS_nPOR                       ;        ;              ;                     ; --           ;                 ; --       ; --           ;
; H20      ;            ;                ; GND                             ; gnd    ;              ;                     ; --           ;                 ; --       ; --           ;
; H21      ;            ; 6A             ; VCCIO6A_HPS                     ; power  ;              ; 2.5V                ; --           ;                 ; --       ; --           ;
; H23      ;            ; --             ; VCCPLL_HPS                      ; power  ;              ; 2.5V                ; --           ;                 ; --       ; --           ;
; H24      ;            ;                ; GND                             ; gnd    ;              ;                     ; --           ;                 ; --       ; --           ;
; H25      ; 274        ; 6A             ; RESERVED_INPUT_WITH_WEAK_PULLUP ;        ;              ;                     ; Row I/O      ;                 ; no       ; On           ;
; H26      ;            ; 6A             ; VCCIO6A_HPS                     ; power  ;              ; 2.5V                ; --           ;                 ; --       ; --           ;
; H27      ;            ;                ; GND                             ; gnd    ;              ;                     ; --           ;                 ; --       ; --           ;
; H28      ; 261        ; 6A             ; RESERVED_INPUT_WITH_WEAK_PULLUP ;        ;              ;                     ; Row I/O      ;                 ; --       ; --           ;
; J1       ;            ;                ; GND                             ; gnd    ;              ;                     ; --           ;                 ; --       ; --           ;
; J2       ;            ;                ; GND                             ; gnd    ;              ;                     ; --           ;                 ; --       ; --           ;
; J3       ;            ;                ; GND                             ; gnd    ;              ;                     ; --           ;                 ; --       ; --           ;
; J4       ;            ; --             ; VCCA_FPLL                       ; power  ;              ; 2.5V                ; --           ;                 ; --       ; --           ;
; J5       ;            ;                ; GND                             ; gnd    ;              ;                     ; --           ;                 ; --       ; --           ;
; J8       ; 429        ; 9A             ; ^CONF_DONE                      ;        ;              ;                     ; --           ;                 ; --       ; --           ;
; J9       ;            ;                ; GND                             ; gnd    ;              ;                     ; --           ;                 ; --       ; --           ;
; J10      ; 428        ; 9A             ; ^MSEL0                          ;        ;              ;                     ; --           ;                 ; --       ; --           ;
; J11      ;            ; --             ; VCC                             ; power  ;              ; 1.1V                ; --           ;                 ; --       ; --           ;
; J12      ; 338        ; 7B             ; RESERVED_INPUT_WITH_WEAK_PULLUP ;        ;              ;                     ; Column I/O   ;                 ; no       ; On           ;
; J13      ; 336        ; 7B             ; RESERVED_INPUT_WITH_WEAK_PULLUP ;        ;              ;                     ; Column I/O   ;                 ; no       ; On           ;
; J14      ; 330        ; 7B             ; RESERVED_INPUT_WITH_WEAK_PULLUP ;        ;              ;                     ; Column I/O   ;                 ; no       ; On           ;
; J15      ; 328        ; 7B             ; RESERVED_INPUT_WITH_WEAK_PULLUP ;        ;              ;                     ; Column I/O   ;                 ; no       ; On           ;
; J16      ; 346        ; 7B             ; RESERVED_INPUT_WITH_WEAK_PULLUP ;        ;              ;                     ; Column I/O   ;                 ; no       ; On           ;
; J17      ; 320        ; 7A             ; RESERVED_INPUT_WITH_WEAK_PULLUP ;        ;              ;                     ; Column I/O   ;                 ; no       ; On           ;
; J18      ; 314        ; 7A             ; RESERVED_INPUT_WITH_WEAK_PULLUP ;        ;              ;                     ; Column I/O   ;                 ; no       ; On           ;
; J19      ; 299        ; 7A             ; ^VCCRSTCLK_HPS                  ;        ;              ;                     ; --           ;                 ; --       ; --           ;
; J20      ; 268        ; 6A             ; RESERVED_INPUT_WITH_WEAK_PULLUP ;        ;              ;                     ; Row I/O      ;                 ; no       ; On           ;
; J21      ; 266        ; 6A             ; RESERVED_INPUT_WITH_WEAK_PULLUP ;        ;              ;                     ; Row I/O      ;                 ; no       ; On           ;
; J24      ; 258        ; 6A             ; RESERVED_INPUT_WITH_WEAK_PULLUP ;        ;              ;                     ; Row I/O      ;                 ; no       ; On           ;
; J25      ; 260        ; 6A             ; RESERVED_INPUT_WITH_WEAK_PULLUP ;        ;              ;                     ; Row I/O      ;                 ; no       ; On           ;
; J26      ; 252        ; 6A             ; RESERVED_INPUT_WITH_WEAK_PULLUP ;        ;              ;                     ; Row I/O      ;                 ; no       ; On           ;
; J27      ; 243        ; 6A             ; RESERVED_INPUT_WITH_WEAK_PULLUP ;        ;              ;                     ; Row I/O      ;                 ; no       ; On           ;
; J28      ; 241        ; 6A             ; RESERVED_INPUT_WITH_WEAK_PULLUP ;        ;              ;                     ; Row I/O      ;                 ; no       ; On           ;
; K1       ;            ;                ; GND                             ; gnd    ;              ;                     ; --           ;                 ; --       ; --           ;
; K2       ;            ;                ; GND                             ; gnd    ;              ;                     ; --           ;                 ; --       ; --           ;
; K3       ;            ;                ; GND                             ; gnd    ;              ;                     ; --           ;                 ; --       ; --           ;
; K4       ;            ;                ; GND                             ; gnd    ;              ;                     ; --           ;                 ; --       ; --           ;
; K5       ;            ; --             ; VCCA_FPLL                       ; power  ;              ; 2.5V                ; --           ;                 ; --       ; --           ;
; K8       ; 426        ; 8A             ; RESERVED_INPUT_WITH_WEAK_PULLUP ;        ;              ;                     ; Column I/O   ;                 ; no       ; On           ;
; K9       ; 436        ; 9A             ; ^MSEL4                          ;        ;              ;                     ; --           ;                 ; --       ; --           ;
; K10      ; 434        ; 9A             ; ^MSEL3                          ;        ;              ;                     ; --           ;                 ; --       ; --           ;
; K11      ;            ;                ; GND                             ; gnd    ;              ;                     ; --           ;                 ; --       ; --           ;
; K12      ;            ;                ; GND                             ; gnd    ;              ;                     ; --           ;                 ; --       ; --           ;
; K13      ;            ; --             ; VCC                             ; power  ;              ; 1.1V                ; --           ;                 ; --       ; --           ;
; K14      ;            ;                ; GND                             ; gnd    ;              ;                     ; --           ;                 ; --       ; --           ;
; K15      ;            ; --             ; VCC                             ; power  ;              ; 1.1V                ; --           ;                 ; --       ; --           ;
; K16      ;            ;                ; GND                             ; gnd    ;              ;                     ; --           ;                 ; --       ; --           ;
; K17      ;            ; --             ; VCC_HPS                         ; power  ;              ; 1.1V                ; --           ;                 ; --       ; --           ;
; K18      ; 312        ; 7A             ; RESERVED_INPUT_WITH_WEAK_PULLUP ;        ;              ;                     ; Column I/O   ;                 ; no       ; On           ;
; K19      ; 301        ; 7A             ; ^HPS_TCK                        ;        ;              ;                     ; --           ;                 ; --       ; --           ;
; K20      ;            ;                ; GND                             ; gnd    ;              ;                     ; --           ;                 ; --       ; --           ;
; K21      ;            ; 6A, 6B         ; VCCPD6A6B_HPS                   ; power  ;              ; 2.5V                ; --           ;                 ; --       ; --           ;
; K24      ;            ; 6A, 6B         ; VCCPD6A6B_HPS                   ; power  ;              ; 2.5V                ; --           ;                 ; --       ; --           ;
; K25      ; 244        ; 6A             ; RESERVED_INPUT_WITH_WEAK_PULLUP ;        ;              ;                     ; Row I/O      ;                 ; no       ; On           ;
; K26      ; 250        ; 6A             ; RESERVED_INPUT_WITH_WEAK_PULLUP ;        ;              ;                     ; Row I/O      ;                 ; no       ; On           ;
; K27      ; 245        ; 6A             ; RESERVED_INPUT_WITH_WEAK_PULLUP ;        ;              ;                     ; Row I/O      ;                 ; no       ; On           ;
; K28      ; 239        ; 6A             ; RESERVED_INPUT_WITH_WEAK_PULLUP ;        ;              ;                     ; Row I/O      ;                 ; no       ; On           ;
; L1       ;            ;                ; GND                             ; gnd    ;              ;                     ; --           ;                 ; --       ; --           ;
; L2       ;            ;                ; GND                             ; gnd    ;              ;                     ; --           ;                 ; --       ; --           ;
; L3       ;            ;                ; GND                             ; gnd    ;              ;                     ; --           ;                 ; --       ; --           ;
; L4       ;            ; --             ; VCC                             ; power  ;              ; 1.1V                ; --           ;                 ; --       ; --           ;
; L5       ;            ;                ; GND                             ; gnd    ;              ;                     ; --           ;                 ; --       ; --           ;
; L8       ; 424        ; 8A             ; RESERVED_INPUT_WITH_WEAK_PULLUP ;        ;              ;                     ; Column I/O   ;                 ; no       ; On           ;
; L9       ; 422        ; 8A             ; RESERVED_INPUT_WITH_WEAK_PULLUP ;        ;              ;                     ; Column I/O   ;                 ; no       ; On           ;
; L10      ; 420        ; 8A             ; RESERVED_INPUT_WITH_WEAK_PULLUP ;        ;              ;                     ; Column I/O   ;                 ; no       ; On           ;
; L11      ;            ; --             ; VCC                             ; power  ;              ; 1.1V                ; --           ;                 ; --       ; --           ;
; L12      ;            ; --             ; VCC                             ; power  ;              ; 1.1V                ; --           ;                 ; --       ; --           ;
; L13      ;            ;                ; GND                             ; gnd    ;              ;                     ; --           ;                 ; --       ; --           ;
; L14      ;            ; --             ; VCC                             ; power  ;              ; 1.1V                ; --           ;                 ; --       ; --           ;
; L15      ;            ;                ; GND                             ; gnd    ;              ;                     ; --           ;                 ; --       ; --           ;
; L16      ;            ; --             ; VCC_HPS                         ; power  ;              ; 1.1V                ; --           ;                 ; --       ; --           ;
; L17      ;            ;                ; GND                             ; gnd    ;              ;                     ; --           ;                 ; --       ; --           ;
; L18      ;            ; --             ; VCC_HPS                         ; power  ;              ; 1.1V                ; --           ;                 ; --       ; --           ;
; L19      ;            ;                ; GND                             ; gnd    ;              ;                     ; --           ;                 ; --       ; --           ;
; L20      ; 288        ; 6A             ; RESERVED_INPUT_WITH_WEAK_PULLUP ;        ;              ;                     ; Row I/O      ;                 ; no       ; On           ;
; L21      ; 286        ; 6A             ; RESERVED_INPUT_WITH_WEAK_PULLUP ;        ;              ;                     ; Row I/O      ;                 ; no       ; On           ;
; L24      ;            ;                ; GND                             ; gnd    ;              ;                     ; --           ;                 ; --       ; --           ;
; L25      ; 242        ; 6A             ; RESERVED_INPUT_WITH_WEAK_PULLUP ;        ;              ;                     ; Row I/O      ;                 ; no       ; On           ;
; L26      ;            ; 6A             ; VCCIO6A_HPS                     ; power  ;              ; 2.5V                ; --           ;                 ; --       ; --           ;
; L27      ;            ;                ; GND                             ; gnd    ;              ;                     ; --           ;                 ; --       ; --           ;
; L28      ; 237        ; 6A             ; RESERVED_INPUT_WITH_WEAK_PULLUP ;        ;              ;                     ; Row I/O      ;                 ; no       ; On           ;
; M1       ;            ;                ; DNU                             ;        ;              ;                     ; --           ;                 ; --       ; --           ;
; M2       ;            ;                ; DNU                             ;        ;              ;                     ; --           ;                 ; --       ; --           ;
; M3       ;            ;                ; GND                             ; gnd    ;              ;                     ; --           ;                 ; --       ; --           ;
; M4       ;            ; --             ; VCCA_FPLL                       ; power  ;              ; 2.5V                ; --           ;                 ; --       ; --           ;
; M5       ;            ; --             ; VCC                             ; power  ;              ; 1.1V                ; --           ;                 ; --       ; --           ;
; M8       ;            ;                ; GND                             ; gnd    ;              ;                     ; --           ;                 ; --       ; --           ;
; M9       ;            ; --             ; VCC                             ; power  ;              ; 1.1V                ; --           ;                 ; --       ; --           ;
; M10      ;            ;                ; GND                             ; gnd    ;              ;                     ; --           ;                 ; --       ; --           ;
; M11      ;            ;                ; GND                             ; gnd    ;              ;                     ; --           ;                 ; --       ; --           ;
; M12      ;            ; --             ; VCC                             ; power  ;              ; 1.1V                ; --           ;                 ; --       ; --           ;
; M13      ;            ; --             ; VCC                             ; power  ;              ; 1.1V                ; --           ;                 ; --       ; --           ;
; M14      ;            ;                ; GND                             ; gnd    ;              ;                     ; --           ;                 ; --       ; --           ;
; M15      ;            ; --             ; VCC                             ; power  ;              ; 1.1V                ; --           ;                 ; --       ; --           ;
; M16      ;            ;                ; GND                             ; gnd    ;              ;                     ; --           ;                 ; --       ; --           ;
; M17      ;            ; --             ; VCC_HPS                         ; power  ;              ; 1.1V                ; --           ;                 ; --       ; --           ;
; M18      ;            ; --             ; VCC_HPS                         ; power  ;              ; 1.1V                ; --           ;                 ; --       ; --           ;
; M19      ;            ; --             ; VCC_HPS                         ; power  ;              ; 1.1V                ; --           ;                 ; --       ; --           ;
; M20      ;            ;                ; GND                             ; gnd    ;              ;                     ; --           ;                 ; --       ; --           ;
; M21      ;            ; 6A             ; VCCIO6A_HPS                     ; power  ;              ; 2.5V                ; --           ;                 ; --       ; --           ;
; M24      ;            ; 6A, 6B         ; VCCPD6A6B_HPS                   ; power  ;              ; 2.5V                ; --           ;                 ; --       ; --           ;
; M25      ; 246        ; 6A             ; RESERVED_INPUT_WITH_WEAK_PULLUP ;        ;              ;                     ; Row I/O      ;                 ; no       ; On           ;
; M26      ; 234        ; 6A             ; RESERVED_INPUT_WITH_WEAK_PULLUP ;        ;              ;                     ; Row I/O      ;                 ; no       ; On           ;
; M27      ; 236        ; 6A             ; RESERVED_INPUT_WITH_WEAK_PULLUP ;        ;              ;                     ; Row I/O      ;                 ; no       ; On           ;
; M28      ; 235        ; 6A             ; RESERVED_INPUT_WITH_WEAK_PULLUP ;        ;              ;                     ; Row I/O      ;                 ; no       ; On           ;
; N1       ;            ;                ; GND                             ; gnd    ;              ;                     ; --           ;                 ; --       ; --           ;
; N2       ;            ;                ; GND                             ; gnd    ;              ;                     ; --           ;                 ; --       ; --           ;
; N3       ;            ;                ; GND                             ; gnd    ;              ;                     ; --           ;                 ; --       ; --           ;
; N4       ;            ;                ; GND                             ; gnd    ;              ;                     ; --           ;                 ; --       ; --           ;
; N5       ;            ; --             ; VCC                             ; power  ;              ; 1.1V                ; --           ;                 ; --       ; --           ;
; N8       ;            ;                ; GND                             ; gnd    ;              ;                     ; --           ;                 ; --       ; --           ;
; N9       ;            ; --             ; VCC                             ; power  ;              ; 1.1V                ; --           ;                 ; --       ; --           ;
; N10      ;            ; --             ; VCC                             ; power  ;              ; 1.1V                ; --           ;                 ; --       ; --           ;
; N11      ;            ; --             ; VCC                             ; power  ;              ; 1.1V                ; --           ;                 ; --       ; --           ;
; N12      ;            ; --             ; VCC                             ; power  ;              ; 1.1V                ; --           ;                 ; --       ; --           ;
; N13      ;            ;                ; GND                             ; gnd    ;              ;                     ; --           ;                 ; --       ; --           ;
; N14      ;            ; --             ; VCC                             ; power  ;              ; 1.1V                ; --           ;                 ; --       ; --           ;
; N15      ;            ;                ; GND                             ; gnd    ;              ;                     ; --           ;                 ; --       ; --           ;
; N16      ;            ; --             ; VCC_HPS                         ; power  ;              ; 1.1V                ; --           ;                 ; --       ; --           ;
; N17      ;            ;                ; GND                             ; gnd    ;              ;                     ; --           ;                 ; --       ; --           ;
; N18      ;            ; --             ; VCC_HPS                         ; power  ;              ; 1.1V                ; --           ;                 ; --       ; --           ;
; N19      ;            ;                ; GND                             ; gnd    ;              ;                     ; --           ;                 ; --       ; --           ;
; N20      ; 272        ; 6A             ; RESERVED_INPUT_WITH_WEAK_PULLUP ;        ;              ;                     ; Row I/O      ;                 ; no       ; On           ;
; N21      ; 270        ; 6A             ; RESERVED_INPUT_WITH_WEAK_PULLUP ;        ;              ;                     ; Row I/O      ;                 ; no       ; On           ;
; N24      ; 228        ; 6B             ; RESERVED_INPUT_WITH_WEAK_PULLUP ;        ;              ;                     ; Row I/O      ;                 ; no       ; On           ;
; N25      ; 226        ; 6B             ; RESERVED_INPUT_WITH_WEAK_PULLUP ;        ;              ;                     ; Row I/O      ;                 ; no       ; On           ;
; N26      ; 220        ; 6B             ; RESERVED_INPUT_WITH_WEAK_PULLUP ;        ;              ;                     ; Row I/O      ;                 ; no       ; On           ;
; N27      ; 218        ; 6B             ; RESERVED_INPUT_WITH_WEAK_PULLUP ;        ;              ;                     ; Row I/O      ;                 ; no       ; On           ;
; N28      ; 233        ; 6A             ; RESERVED_INPUT_WITH_WEAK_PULLUP ;        ;              ;                     ; Row I/O      ;                 ; no       ; On           ;
; P1       ;            ;                ; GND                             ; gnd    ;              ;                     ; --           ;                 ; --       ; --           ;
; P2       ;            ;                ; GND                             ; gnd    ;              ;                     ; --           ;                 ; --       ; --           ;
; P3       ;            ;                ; GND                             ; gnd    ;              ;                     ; --           ;                 ; --       ; --           ;
; P4       ;            ; --             ; VCCA_FPLL                       ; power  ;              ; 2.5V                ; --           ;                 ; --       ; --           ;
; P5       ;            ;                ; GND                             ; gnd    ;              ;                     ; --           ;                 ; --       ; --           ;
; P8       ;            ;                ; GND                             ; gnd    ;              ;                     ; --           ;                 ; --       ; --           ;
; P9       ;            ;                ; GND                             ; gnd    ;              ;                     ; --           ;                 ; --       ; --           ;
; P10      ;            ;                ; GND                             ; gnd    ;              ;                     ; --           ;                 ; --       ; --           ;
; P11      ;            ; --             ; VCC                             ; power  ;              ; 1.1V                ; --           ;                 ; --       ; --           ;
; P12      ;            ;                ; GND                             ; gnd    ;              ;                     ; --           ;                 ; --       ; --           ;
; P13      ;            ; --             ; VCC                             ; power  ;              ; 1.1V                ; --           ;                 ; --       ; --           ;
; P14      ;            ; --             ; VCC                             ; power  ;              ; 1.1V                ; --           ;                 ; --       ; --           ;
; P15      ;            ; --             ; VCC                             ; power  ;              ; 1.1V                ; --           ;                 ; --       ; --           ;
; P16      ;            ;                ; GND                             ; gnd    ;              ;                     ; --           ;                 ; --       ; --           ;
; P17      ;            ; --             ; VCC_HPS                         ; power  ;              ; 1.1V                ; --           ;                 ; --       ; --           ;
; P18      ;            ;                ; GND                             ; gnd    ;              ;                     ; --           ;                 ; --       ; --           ;
; P19      ;            ; --             ; VCC_HPS                         ; power  ;              ; 1.1V                ; --           ;                 ; --       ; --           ;
; P20      ;            ;                ; GND                             ; gnd    ;              ;                     ; --           ;                 ; --       ; --           ;
; P21      ;            ; 6A, 6B         ; VCCPD6A6B_HPS                   ; power  ;              ; 2.5V                ; --           ;                 ; --       ; --           ;
; P24      ;            ; 6A, 6B         ; VCCPD6A6B_HPS                   ; power  ;              ; 2.5V                ; --           ;                 ; --       ; --           ;
; P25      ;            ;                ; GND                             ; gnd    ;              ;                     ; --           ;                 ; --       ; --           ;
; P26      ; 221        ; 6B             ; RESERVED_INPUT_WITH_WEAK_PULLUP ;        ;              ;                     ; Row I/O      ;                 ; no       ; On           ;
; P27      ;            ; 6B             ; VCCIO6B_HPS                     ; power  ;              ; 2.5V                ; --           ;                 ; --       ; --           ;
; P28      ; 231        ; 6A             ; RESERVED_INPUT_WITH_WEAK_PULLUP ;        ;              ;                     ; Row I/O      ;                 ; no       ; On           ;
; R1       ;            ;                ; GND                             ; gnd    ;              ;                     ; --           ;                 ; --       ; --           ;
; R2       ;            ;                ; GND                             ; gnd    ;              ;                     ; --           ;                 ; --       ; --           ;
; R3       ;            ;                ; GND                             ; gnd    ;              ;                     ; --           ;                 ; --       ; --           ;
; R4       ;            ; --             ; VCCA_FPLL                       ; power  ;              ; 2.5V                ; --           ;                 ; --       ; --           ;
; R5       ;            ; --             ; VCC                             ; power  ;              ; 1.1V                ; --           ;                 ; --       ; --           ;
; R8       ;            ;                ; GND                             ; gnd    ;              ;                     ; --           ;                 ; --       ; --           ;
; R9       ;            ; --             ; VCC                             ; power  ;              ; 1.1V                ; --           ;                 ; --       ; --           ;
; R10      ;            ; --             ; VCC                             ; power  ;              ; 1.1V                ; --           ;                 ; --       ; --           ;
; R11      ;            ;                ; GND                             ; gnd    ;              ;                     ; --           ;                 ; --       ; --           ;
; R12      ;            ; --             ; VCC                             ; power  ;              ; 1.1V                ; --           ;                 ; --       ; --           ;
; R13      ;            ;                ; GND                             ; gnd    ;              ;                     ; --           ;                 ; --       ; --           ;
; R14      ;            ; --             ; VCC                             ; power  ;              ; 1.1V                ; --           ;                 ; --       ; --           ;
; R15      ;            ;                ; GND                             ; gnd    ;              ;                     ; --           ;                 ; --       ; --           ;
; R16      ; 256        ; 6A             ; RESERVED_INPUT_WITH_WEAK_PULLUP ;        ;              ;                     ; Row I/O      ;                 ; no       ; On           ;
; R17      ; 254        ; 6A             ; RESERVED_INPUT_WITH_WEAK_PULLUP ;        ;              ;                     ; Row I/O      ;                 ; no       ; On           ;
; R18      ; 240        ; 6A             ; RESERVED_INPUT_WITH_WEAK_PULLUP ;        ;              ;                     ; Row I/O      ;                 ; no       ; On           ;
; R19      ; 238        ; 6A             ; RESERVED_INPUT_WITH_WEAK_PULLUP ;        ;              ;                     ; Row I/O      ;                 ; no       ; On           ;
; R20      ; 232        ; 6A             ; RESERVED_INPUT_WITH_WEAK_PULLUP ;        ;              ;                     ; Row I/O      ;                 ; no       ; On           ;
; R21      ; 230        ; 6A             ; RESERVED_INPUT_WITH_WEAK_PULLUP ;        ;              ;                     ; Row I/O      ;                 ; no       ; On           ;
; R24      ; 204        ; 6B             ; RESERVED_INPUT_WITH_WEAK_PULLUP ;        ;              ;                     ; Row I/O      ;                 ; no       ; On           ;
; R25      ; 210        ; 6B             ; RESERVED_INPUT_WITH_WEAK_PULLUP ;        ;              ;                     ; Row I/O      ;                 ; no       ; On           ;
; R26      ; 212        ; 6B             ; RESERVED_INPUT_WITH_WEAK_PULLUP ;        ;              ;                     ; Row I/O      ;                 ; no       ; On           ;
; R27      ; 219        ; 6B             ; RESERVED_INPUT_WITH_WEAK_PULLUP ;        ;              ;                     ; Row I/O      ;                 ; no       ; On           ;
; R28      ; 229        ; 6B             ; RESERVED_INPUT_WITH_WEAK_PULLUP ;        ;              ;                     ; Row I/O      ;                 ; no       ; On           ;
; T1       ;            ;                ; DNU                             ;        ;              ;                     ; --           ;                 ; --       ; --           ;
; T2       ;            ;                ; DNU                             ;        ;              ;                     ; --           ;                 ; --       ; --           ;
; T3       ;            ;                ; GND                             ; gnd    ;              ;                     ; --           ;                 ; --       ; --           ;
; T4       ;            ; --             ; VCC                             ; power  ;              ; 1.1V                ; --           ;                 ; --       ; --           ;
; T5       ;            ; --             ; VCC                             ; power  ;              ; 1.1V                ; --           ;                 ; --       ; --           ;
; T8       ; 42         ; 3A             ; RGB0[2]                         ; output ; 2.5 V        ;                     ; Column I/O   ; Y               ; no       ; Off          ;
; T9       ;            ; --             ; VCC                             ; power  ;              ; 1.1V                ; --           ;                 ; --       ; --           ;
; T10      ;            ;                ; GND                             ; gnd    ;              ;                     ; --           ;                 ; --       ; --           ;
; T11      ; 60         ; 3B             ; LAT                             ; output ; 2.5 V        ;                     ; Column I/O   ; Y               ; no       ; Off          ;
; T12      ; 74         ; 3B             ; RGB0[1]                         ; output ; 2.5 V        ;                     ; Column I/O   ; Y               ; no       ; Off          ;
; T13      ; 76         ; 3B             ; clk_out                         ; output ; 2.5 V        ;                     ; Column I/O   ; Y               ; no       ; Off          ;
; T14      ;            ;                ; GND                             ; gnd    ;              ;                     ; --           ;                 ; --       ; --           ;
; T15      ;            ; --             ; VCC                             ; power  ;              ; 1.1V                ; --           ;                 ; --       ; --           ;
; T16      ; 214        ; 6B             ; RESERVED_INPUT_WITH_WEAK_PULLUP ;        ;              ;                     ; Row I/O      ;                 ; no       ; On           ;
; T17      ; 216        ; 6B             ; RESERVED_INPUT_WITH_WEAK_PULLUP ;        ;              ;                     ; Row I/O      ;                 ; no       ; On           ;
; T18      ; 224        ; 6B             ; RESERVED_INPUT_WITH_WEAK_PULLUP ;        ;              ;                     ; Row I/O      ;                 ; no       ; On           ;
; T19      ; 222        ; 6B             ; RESERVED_INPUT_WITH_WEAK_PULLUP ;        ;              ;                     ; Row I/O      ;                 ; no       ; On           ;
; T20      ; 208        ; 6B             ; RESERVED_INPUT_WITH_WEAK_PULLUP ;        ;              ;                     ; Row I/O      ;                 ; no       ; On           ;
; T21      ;            ; 6B             ; VCCIO6B_HPS                     ; power  ;              ; 2.5V                ; --           ;                 ; --       ; --           ;
; T24      ; 202        ; 6B             ; RESERVED_INPUT_WITH_WEAK_PULLUP ;        ;              ;                     ; Row I/O      ;                 ; no       ; On           ;
; T25      ;            ; 6B             ; VCCIO6B_HPS                     ; power  ;              ; 2.5V                ; --           ;                 ; --       ; --           ;
; T26      ; 196        ; 6B             ; RESERVED_INPUT_WITH_WEAK_PULLUP ;        ;              ;                     ; Row I/O      ;                 ; no       ; On           ;
; T27      ; 205        ; 6B             ; RESERVED_INPUT_WITH_WEAK_PULLUP ;        ;              ;                     ; Row I/O      ;                 ; --       ; --           ;
; T28      ; 227        ; 6B             ; RESERVED_INPUT_WITH_WEAK_PULLUP ;        ;              ;                     ; Row I/O      ;                 ; no       ; On           ;
; U1       ;            ;                ; GND                             ; gnd    ;              ;                     ; --           ;                 ; --       ; --           ;
; U2       ;            ;                ; GND                             ; gnd    ;              ;                     ; --           ;                 ; --       ; --           ;
; U3       ;            ;                ; GND                             ; gnd    ;              ;                     ; --           ;                 ; --       ; --           ;
; U4       ;            ; --             ; VCCA_FPLL                       ; power  ;              ; 2.5V                ; --           ;                 ; --       ; --           ;
; U5       ;            ;                ; GND                             ; gnd    ;              ;                     ; --           ;                 ; --       ; --           ;
; U8       ;            ;                ; DNU                             ;        ;              ;                     ; --           ;                 ; --       ; --           ;
; U9       ; 44         ; 3A             ; ADC_CONVST                      ; output ; 2.5 V        ;                     ; Column I/O   ; Y               ; no       ; Off          ;
; U10      ; 48         ; 3A             ; RESERVED_INPUT_WITH_WEAK_PULLUP ;        ;              ;                     ; Column I/O   ;                 ; no       ; On           ;
; U11      ; 58         ; 3B             ; RESERVED_INPUT_WITH_WEAK_PULLUP ;        ;              ;                     ; Column I/O   ;                 ; no       ; On           ;
; U12      ;            ;                ; GND                             ; gnd    ;              ;                     ; --           ;                 ; --       ; --           ;
; U13      ; 90         ; 4A             ; RESERVED_INPUT_WITH_WEAK_PULLUP ;        ;              ;                     ; Column I/O   ;                 ; no       ; On           ;
; U14      ; 92         ; 4A             ; RESERVED_INPUT_WITH_WEAK_PULLUP ;        ;              ;                     ; Column I/O   ;                 ; no       ; On           ;
; U15      ; 200        ; 6B             ; RESERVED_INPUT_WITH_WEAK_PULLUP ;        ;              ;                     ; Row I/O      ;                 ; no       ; On           ;
; U16      ; 198        ; 6B             ; RESERVED_INPUT_WITH_WEAK_PULLUP ;        ;              ;                     ; Row I/O      ;                 ; no       ; On           ;
; U17      ;            ;                ; GND                             ; gnd    ;              ;                     ; --           ;                 ; --       ; --           ;
; U18      ;            ; 6B             ; VCCIO6B_HPS                     ; power  ;              ; 2.5V                ; --           ;                 ; --       ; --           ;
; U19      ; 206        ; 6B             ; RESERVED_INPUT_WITH_WEAK_PULLUP ;        ;              ;                     ; Row I/O      ;                 ; no       ; On           ;
; U20      ;            ;                ; GND                             ; gnd    ;              ;                     ; --           ;                 ; --       ; --           ;
; U21      ;            ; --             ; VCC_HPS                         ; power  ;              ; 1.1V                ; --           ;                 ; --       ; --           ;
; U24      ;            ;                ; GND                             ; gnd    ;              ;                     ; --           ;                 ; --       ; --           ;
; U25      ; 194        ; 6B             ; RESERVED_INPUT_WITH_WEAK_PULLUP ;        ;              ;                     ; Row I/O      ;                 ; no       ; On           ;
; U26      ;            ; --             ; VCC                             ; power  ;              ; 1.1V                ; --           ;                 ; --       ; --           ;
; U27      ;            ;                ; GND                             ; gnd    ;              ;                     ; --           ;                 ; --       ; --           ;
; U28      ; 225        ; 6B             ; RESERVED_INPUT_WITH_WEAK_PULLUP ;        ;              ;                     ; Row I/O      ;                 ; no       ; On           ;
; V1       ;            ;                ; GND                             ; gnd    ;              ;                     ; --           ;                 ; --       ; --           ;
; V2       ;            ;                ; GND                             ; gnd    ;              ;                     ; --           ;                 ; --       ; --           ;
; V3       ;            ;                ; GND                             ; gnd    ;              ;                     ; --           ;                 ; --       ; --           ;
; V4       ;            ;                ; GND                             ; gnd    ;              ;                     ; --           ;                 ; --       ; --           ;
; V5       ;            ;                ; GND                             ; gnd    ;              ;                     ; --           ;                 ; --       ; --           ;
; V8       ;            ;                ; GND                             ; gnd    ;              ;                     ; --           ;                 ; --       ; --           ;
; V9       ;            ;                ; GND                             ; gnd    ;              ;                     ; --           ;                 ; --       ; --           ;
; V10      ; 46         ; 3A             ; ADC_SCK                         ; output ; 2.5 V        ;                     ; Column I/O   ; Y               ; no       ; Off          ;
; V11      ; 68         ; 3B             ; CLK                             ; input  ; 2.5 V        ;                     ; Column I/O   ; Y               ; no       ; Off          ;
; V12      ; 84         ; 3B             ; RESERVED_INPUT_WITH_WEAK_PULLUP ;        ;              ;                     ; Column I/O   ;                 ; no       ; On           ;
; V13      ; 106        ; 4A             ; RESERVED_INPUT_WITH_WEAK_PULLUP ;        ;              ;                     ; Column I/O   ;                 ; no       ; On           ;
; V14      ;            ;                ; GND                             ; gnd    ;              ;                     ; --           ;                 ; --       ; --           ;
; V15      ; 181        ; 5A             ; RESERVED_INPUT_WITH_WEAK_PULLUP ;        ;              ;                     ; Row I/O      ;                 ; no       ; On           ;
; V16      ; 179        ; 5A             ; RESERVED_INPUT_WITH_WEAK_PULLUP ;        ;              ;                     ; Row I/O      ;                 ; no       ; On           ;
; V17      ; 192        ; 6B             ; RESERVED_INPUT_WITH_WEAK_PULLUP ;        ;              ;                     ; Row I/O      ;                 ; no       ; On           ;
; V18      ; 190        ; 6B             ; RESERVED_INPUT_WITH_WEAK_PULLUP ;        ;              ;                     ; Row I/O      ;                 ; no       ; On           ;
; V19      ; 188        ; 6B             ; RESERVED_INPUT_WITH_WEAK_PULLUP ;        ;              ;                     ; Row I/O      ;                 ; no       ; On           ;
; V20      ; 186        ; 6B             ; RESERVED_INPUT_WITH_WEAK_PULLUP ;        ;              ;                     ; Row I/O      ;                 ; no       ; On           ;
; V21      ;            ;                ; GND                             ; gnd    ;              ;                     ; --           ;                 ; --       ; --           ;
; V24      ; 191        ; 6B             ; RESERVED_INPUT_WITH_WEAK_PULLUP ;        ;              ;                     ; Row I/O      ;                 ; no       ; On           ;
; V25      ; 193        ; 6B             ; RESERVED_INPUT_WITH_WEAK_PULLUP ;        ;              ;                     ; Row I/O      ;                 ; no       ; On           ;
; V26      ;            ;                ; GND                             ; gnd    ;              ;                     ; --           ;                 ; --       ; --           ;
; V27      ; 217        ; 6B             ; RESERVED_INPUT_WITH_WEAK_PULLUP ;        ;              ;                     ; Row I/O      ;                 ; no       ; On           ;
; V28      ; 223        ; 6B             ; RESERVED_INPUT_WITH_WEAK_PULLUP ;        ;              ;                     ; Row I/O      ;                 ; no       ; On           ;
; W1       ;            ;                ; GND                             ; gnd    ;              ;                     ; --           ;                 ; --       ; --           ;
; W2       ;            ;                ; GND                             ; gnd    ;              ;                     ; --           ;                 ; --       ; --           ;
; W3       ;            ;                ; GND                             ; gnd    ;              ;                     ; --           ;                 ; --       ; --           ;
; W4       ;            ;                ; GND                             ; gnd    ;              ;                     ; --           ;                 ; --       ; --           ;
; W5       ;            ; --             ; VCCA_FPLL                       ; power  ;              ; 2.5V                ; --           ;                 ; --       ; --           ;
; W8       ; 40         ; 3A             ; RESERVED_INPUT_WITH_WEAK_PULLUP ;        ;              ;                     ; Column I/O   ;                 ; no       ; On           ;
; W9       ;            ; 3A             ; VCCIO3A                         ; power  ;              ; 2.5V                ; --           ;                 ; --       ; --           ;
; W10      ; 34         ; 3A             ; #TDI                            ; input  ;              ;                     ; --           ;                 ; --       ; --           ;
; W11      ; 66         ; 3B             ; RESERVED_INPUT_WITH_WEAK_PULLUP ;        ;              ;                     ; Column I/O   ;                 ; no       ; On           ;
; W12      ; 82         ; 3B             ; RESERVED_INPUT_WITH_WEAK_PULLUP ;        ;              ;                     ; Column I/O   ;                 ; no       ; On           ;
; W13      ;            ; 4A             ; VCCIO4A                         ; power  ;              ; 2.5V                ; --           ;                 ; --       ; --           ;
; W14      ; 108        ; 4A             ; RESERVED_INPUT_WITH_WEAK_PULLUP ;        ;              ;                     ; Column I/O   ;                 ; no       ; On           ;
; W15      ; 177        ; 5A             ; RESERVED_INPUT_WITH_WEAK_PULLUP ;        ;              ;                     ; Row I/O      ;                 ; no       ; On           ;
; W16      ;            ;                ; GND                             ; gnd    ;              ;                     ; --           ;                 ; --       ; --           ;
; W17      ;            ; 5A             ; VCCIO5A                         ; power  ;              ; 2.5V                ; --           ;                 ; --       ; --           ;
; W18      ;            ;                ; GND                             ; gnd    ;              ;                     ; --           ;                 ; --       ; --           ;
; W19      ;            ;                ; NC                              ;        ;              ;                     ; --           ;                 ; --       ; --           ;
; W20      ;            ;                ; GND                             ; gnd    ;              ;                     ; --           ;                 ; --       ; --           ;
; W21      ;            ;                ; GND                             ; gnd    ;              ;                     ; --           ;                 ; --       ; --           ;
; W24      ;            ;                ; GND                             ; gnd    ;              ;                     ; --           ;                 ; --       ; --           ;
; W25      ;            ;                ; NC                              ;        ;              ;                     ; --           ;                 ; --       ; --           ;
; W26      ; 209        ; 6B             ; RESERVED_INPUT_WITH_WEAK_PULLUP ;        ;              ;                     ; Row I/O      ;                 ; no       ; On           ;
; W27      ;            ; 6B             ; VCCIO6B_HPS                     ; power  ;              ; 2.5V                ; --           ;                 ; --       ; --           ;
; W28      ; 215        ; 6B             ; RESERVED_INPUT_WITH_WEAK_PULLUP ;        ;              ;                     ; Row I/O      ;                 ; no       ; On           ;
; Y1       ;            ;                ; DNU                             ;        ;              ;                     ; --           ;                 ; --       ; --           ;
; Y2       ;            ;                ; DNU                             ;        ;              ;                     ; --           ;                 ; --       ; --           ;
; Y3       ;            ;                ; GND                             ; gnd    ;              ;                     ; --           ;                 ; --       ; --           ;
; Y4       ; 39         ; 3A             ; RESERVED_INPUT_WITH_WEAK_PULLUP ;        ;              ;                     ; Column I/O   ;                 ; no       ; On           ;
; Y5       ; 41         ; 3A             ; RESERVED_INPUT_WITH_WEAK_PULLUP ;        ;              ;                     ; Column I/O   ;                 ; no       ; On           ;
; Y8       ; 38         ; 3A             ; RESERVED_INPUT_WITH_WEAK_PULLUP ;        ;              ;                     ; Column I/O   ;                 ; no       ; On           ;
; Y9       ; 28         ; 3A             ; #TDO                            ; output ;              ;                     ; --           ;                 ; --       ; --           ;
; Y10      ;            ; --             ; VCCPGM                          ; power  ;              ; 1.8V/2.5V/3.0V/3.3V ; --           ;                 ; --       ; --           ;
; Y11      ; 52         ; 3A             ; RESERVED_INPUT_WITH_WEAK_PULLUP ;        ;              ;                     ; Column I/O   ;                 ; no       ; On           ;
; Y12      ;            ;                ; GND                             ; gnd    ;              ;                     ; --           ;                 ; --       ; --           ;
; Y13      ; 100        ; 4A             ; RESERVED_INPUT_WITH_WEAK_PULLUP ;        ;              ;                     ; Column I/O   ;                 ; no       ; On           ;
; Y14      ;            ;                ; GND                             ; gnd    ;              ;                     ; --           ;                 ; --       ; --           ;
; Y15      ; 116        ; 4A             ; RESERVED_INPUT_WITH_WEAK_PULLUP ;        ;              ;                     ; Column I/O   ;                 ; no       ; On           ;
; Y16      ; 175        ; 5A             ; RESERVED_INPUT_WITH_WEAK_PULLUP ;        ;              ;                     ; Row I/O      ;                 ; no       ; On           ;
; Y17      ; 171        ; 5A             ; RESERVED_INPUT_WITH_WEAK_PULLUP ;        ;              ;                     ; Row I/O      ;                 ; no       ; On           ;
; Y18      ; 173        ; 5A             ; RESERVED_INPUT_WITH_WEAK_PULLUP ;        ;              ;                     ; Row I/O      ;                 ; no       ; On           ;
; Y19      ; 169        ; 5A             ; RESERVED_INPUT_WITH_WEAK_PULLUP ;        ;              ;                     ; Row I/O      ;                 ; no       ; On           ;
; Y20      ;            ;                ; GND                             ; gnd    ;              ;                     ; --           ;                 ; --       ; --           ;
; Y21      ;            ; 5A             ; VCCPD5A                         ; power  ;              ; 2.5V                ; --           ;                 ; --       ; --           ;
; Y24      ;            ;                ; GND                             ; gnd    ;              ;                     ; --           ;                 ; --       ; --           ;
; Y25      ;            ;                ; GND                             ; gnd    ;              ;                     ; --           ;                 ; --       ; --           ;
; Y26      ; 207        ; 6B             ; RESERVED_INPUT_WITH_WEAK_PULLUP ;        ;              ;                     ; Row I/O      ;                 ; no       ; On           ;
; Y27      ; 203        ; 6B             ; RESERVED_INPUT_WITH_WEAK_PULLUP ;        ;              ;                     ; Row I/O      ;                 ; no       ; On           ;
; Y28      ; 213        ; 6B             ; RESERVED_INPUT_WITH_WEAK_PULLUP ;        ;              ;                     ; Row I/O      ;                 ; no       ; On           ;
+----------+------------+----------------+---------------------------------+--------+--------------+---------------------+--------------+-----------------+----------+--------------+
Note: Pin directions (input, output or bidir) are based on device operating in user mode.


+---------------------------------------------+
; I/O Assignment Warnings                     ;
+-------------+-------------------------------+
; Pin Name    ; Reason                        ;
+-------------+-------------------------------+
; reset       ; Incomplete set of assignments ;
; clk_out     ; Incomplete set of assignments ;
; RGB0[0]     ; Incomplete set of assignments ;
; RGB0[1]     ; Incomplete set of assignments ;
; RGB0[2]     ; Incomplete set of assignments ;
; RGB1[0]     ; Incomplete set of assignments ;
; RGB1[1]     ; Incomplete set of assignments ;
; RGB1[2]     ; Incomplete set of assignments ;
; LAT         ; Incomplete set of assignments ;
; OE          ; Incomplete set of assignments ;
; led_addr[0] ; Incomplete set of assignments ;
; led_addr[1] ; Incomplete set of assignments ;
; led_addr[2] ; Incomplete set of assignments ;
; gnd[0]      ; Incomplete set of assignments ;
; gnd[1]      ; Incomplete set of assignments ;
; gnd[2]      ; Incomplete set of assignments ;
; gnd[3]      ; Incomplete set of assignments ;
; ADC_CONVST  ; Incomplete set of assignments ;
; ADC_SCK     ; Incomplete set of assignments ;
; ADC_SDI     ; Incomplete set of assignments ;
; CLK         ; Incomplete set of assignments ;
; s1          ; Incomplete set of assignments ;
; s2          ; Incomplete set of assignments ;
; enc1_a      ; Incomplete set of assignments ;
; enc1_b      ; Incomplete set of assignments ;
; enc2_a      ; Incomplete set of assignments ;
; enc2_b      ; Incomplete set of assignments ;
; ADC_SDO     ; Incomplete set of assignments ;
; reset       ; Missing location assignment   ;
+-------------+-------------------------------+


+-----------------------------------------------------------------------------------------------------------------------------------------------------------------------------------------------------------------------------------------------------------------------------------------------------------------------------------------------------------------------------------------------------------------------------------------------------------------+
; Fitter Resource Utilization by Entity                                                                                                                                                                                                                                                                                                                                                                                                                           ;
+-------------------------------------+----------------------+----------------------------------+---------------------------------------------------+----------------------------------+----------------------+---------------------+---------------------------+---------------+-------------------+-------+------------+------+--------------+----------------------------------------------------------------------------+----------------------+--------------+
; Compilation Hierarchy Node          ; ALMs needed [=A-B+C] ; [A] ALMs used in final placement ; [B] Estimate of ALMs recoverable by dense packing ; [C] Estimate of ALMs unavailable ; ALMs used for memory ; Combinational ALUTs ; Dedicated Logic Registers ; I/O Registers ; Block Memory Bits ; M10Ks ; DSP Blocks ; Pins ; Virtual Pins ; Full Hierarchy Name                                                        ; Entity Name          ; Library Name ;
+-------------------------------------+----------------------+----------------------------------+---------------------------------------------------+----------------------------------+----------------------+---------------------+---------------------------+---------------+-------------------+-------+------------+------+--------------+----------------------------------------------------------------------------+----------------------+--------------+
; |top_level_matrix                   ; 2972.5 (5.7)         ; 3070.0 (6.3)                     ; 482.5 (0.7)                                       ; 385.0 (0.0)                      ; 0.0 (0.0)            ; 4098 (10)           ; 3317 (8)                  ; 0 (0)         ; 0                 ; 0     ; 0          ; 28   ; 0            ; |top_level_matrix                                                          ; top_level_matrix     ; work         ;
;    |adcinterface:adcinterface_0|    ; 12.5 (12.5)          ; 18.1 (18.1)                      ; 5.6 (5.6)                                         ; 0.0 (0.0)                        ; 0.0 (0.0)            ; 13 (13)             ; 39 (39)                   ; 0 (0)         ; 0                 ; 0     ; 0          ; 0    ; 0            ; |top_level_matrix|adcinterface:adcinterface_0                              ; adcinterface         ; work         ;
;    |encoder:encoder_1|              ; 5.3 (5.3)            ; 9.5 (9.5)                        ; 4.2 (4.2)                                         ; 0.0 (0.0)                        ; 0.0 (0.0)            ; 11 (11)             ; 19 (19)                   ; 0 (0)         ; 0                 ; 0     ; 0          ; 0    ; 0            ; |top_level_matrix|encoder:encoder_1                                        ; encoder              ; work         ;
;    |encoder:encoder_2|              ; 5.7 (5.7)            ; 9.5 (9.5)                        ; 3.8 (3.8)                                         ; 0.0 (0.0)                        ; 0.0 (0.0)            ; 11 (11)             ; 20 (20)                   ; 0 (0)         ; 0                 ; 0     ; 0          ; 0    ; 0            ; |top_level_matrix|encoder:encoder_2                                        ; encoder              ; work         ;
;    |etch_a_sketch:game_logic|       ; 1248.0 (1248.0)      ; 1306.9 (1306.9)                  ; 104.9 (104.9)                                     ; 46.0 (46.0)                      ; 0.0 (0.0)            ; 2384 (2384)         ; 1605 (1605)               ; 0 (0)         ; 0                 ; 0     ; 0          ; 0    ; 0            ; |top_level_matrix|etch_a_sketch:game_logic                                 ; etch_a_sketch        ; work         ;
;    |led_matrix_ctrl_path:ctrl_path| ; 35.5 (35.5)          ; 35.5 (35.5)                      ; 0.0 (0.0)                                         ; 0.0 (0.0)                        ; 0.0 (0.0)            ; 66 (66)             ; 47 (47)                   ; 0 (0)         ; 0                 ; 0     ; 0          ; 0    ; 0            ; |top_level_matrix|led_matrix_ctrl_path:ctrl_path                           ; led_matrix_ctrl_path ; work         ;
;    |led_matrix_data_path:data_path| ; 1659.0 (521.9)       ; 1684.2 (521.3)                   ; 364.2 (0.9)                                       ; 339.0 (1.6)                      ; 0.0 (0.0)            ; 1603 (533)          ; 1579 (37)                 ; 0 (0)         ; 0                 ; 0     ; 0          ; 0    ; 0            ; |top_level_matrix|led_matrix_data_path:data_path                           ; led_matrix_data_path ; work         ;
;       |two_port_ram:color_matrix|   ; 1137.1 (1137.1)      ; 1162.9 (1162.9)                  ; 363.2 (363.2)                                     ; 337.4 (337.4)                    ; 0.0 (0.0)            ; 1070 (1070)         ; 1542 (1542)               ; 0 (0)         ; 0                 ; 0     ; 0          ; 0    ; 0            ; |top_level_matrix|led_matrix_data_path:data_path|two_port_ram:color_matrix ; two_port_ram         ; work         ;
+-------------------------------------+----------------------+----------------------------------+---------------------------------------------------+----------------------------------+----------------------+---------------------+---------------------------+---------------+-------------------+-------+------------+------+--------------+----------------------------------------------------------------------------+----------------------+--------------+
Note: For table entries with two numbers listed, the numbers in parentheses indicate the number of resources of the given type used by the specific entity alone. The numbers listed outside of parentheses indicate the total resources of the given type used by the specific entity and all of its sub-entities in the hierarchy.


+----------------------------------------------------------------------------------------------------------------------------+
; Delay Chain Summary                                                                                                        ;
+-------------+----------+----+------+------+----+------+-------+--------+------------------------+--------------------------+
; Name        ; Pin Type ; D1 ; D3_0 ; D3_1 ; D4 ; D5   ; D5 OE ; D5 OCT ; T11 (Postamble Gating) ; T11 (Postamble Ungating) ;
+-------------+----------+----+------+------+----+------+-------+--------+------------------------+--------------------------+
; reset       ; Input    ; -- ; --   ; --   ; -- ; --   ; --    ; --     ; --                     ; --                       ;
; clk_out     ; Output   ; -- ; --   ; --   ; -- ; (0)  ; (31)  ; --     ; --                     ; --                       ;
; RGB0[0]     ; Output   ; -- ; --   ; --   ; -- ; (0)  ; (31)  ; --     ; --                     ; --                       ;
; RGB0[1]     ; Output   ; -- ; --   ; --   ; -- ; (0)  ; (31)  ; --     ; --                     ; --                       ;
; RGB0[2]     ; Output   ; -- ; --   ; --   ; -- ; (0)  ; (31)  ; --     ; --                     ; --                       ;
; RGB1[0]     ; Output   ; -- ; --   ; --   ; -- ; (0)  ; (31)  ; --     ; --                     ; --                       ;
; RGB1[1]     ; Output   ; -- ; --   ; --   ; -- ; (0)  ; (31)  ; --     ; --                     ; --                       ;
; RGB1[2]     ; Output   ; -- ; --   ; --   ; -- ; (0)  ; (31)  ; --     ; --                     ; --                       ;
; LAT         ; Output   ; -- ; --   ; --   ; -- ; (0)  ; (31)  ; --     ; --                     ; --                       ;
; OE          ; Output   ; -- ; --   ; --   ; -- ; (0)  ; (31)  ; --     ; --                     ; --                       ;
; led_addr[0] ; Output   ; -- ; --   ; --   ; -- ; (0)  ; (31)  ; --     ; --                     ; --                       ;
; led_addr[1] ; Output   ; -- ; --   ; --   ; -- ; (0)  ; (31)  ; --     ; --                     ; --                       ;
; led_addr[2] ; Output   ; -- ; --   ; --   ; -- ; (0)  ; (31)  ; --     ; --                     ; --                       ;
; gnd[0]      ; Output   ; -- ; --   ; --   ; -- ; (0)  ; (31)  ; --     ; --                     ; --                       ;
; gnd[1]      ; Output   ; -- ; --   ; --   ; -- ; (0)  ; (31)  ; --     ; --                     ; --                       ;
; gnd[2]      ; Output   ; -- ; --   ; --   ; -- ; (0)  ; (31)  ; --     ; --                     ; --                       ;
; gnd[3]      ; Output   ; -- ; --   ; --   ; -- ; (0)  ; (31)  ; --     ; --                     ; --                       ;
; ADC_CONVST  ; Output   ; -- ; --   ; --   ; -- ; (0)  ; (31)  ; --     ; --                     ; --                       ;
; ADC_SCK     ; Output   ; -- ; --   ; --   ; -- ; (0)  ; (31)  ; --     ; --                     ; --                       ;
; ADC_SDI     ; Output   ; -- ; --   ; --   ; -- ; (0)  ; (31)  ; --     ; --                     ; --                       ;
; CLK         ; Input    ; -- ; (0)  ; --   ; -- ; --   ; --    ; --     ; --                     ; --                       ;
; s1          ; Input    ; -- ; --   ; (0)  ; -- ; --   ; --    ; --     ; --                     ; --                       ;
; s2          ; Input    ; -- ; --   ; (0)  ; -- ; --   ; --    ; --     ; --                     ; --                       ;
; enc1_a      ; Input    ; -- ; (0)  ; --   ; -- ; --   ; --    ; --     ; --                     ; --                       ;
; enc1_b      ; Input    ; -- ; (0)  ; --   ; -- ; --   ; --    ; --     ; --                     ; --                       ;
; enc2_a      ; Input    ; -- ; (0)  ; --   ; -- ; --   ; --    ; --     ; --                     ; --                       ;
; enc2_b      ; Input    ; -- ; --   ; (0)  ; -- ; --   ; --    ; --     ; --                     ; --                       ;
; ADC_SDO     ; Input    ; -- ; (0)  ; --   ; -- ; --   ; --    ; --     ; --                     ; --                       ;
+-------------+----------+----+------+------+----+------+-------+--------+------------------------+--------------------------+


+----------------------------------------------------------------------------------------+
; Pad To Core Delay Chain Fanout                                                         ;
+----------------------------------------------------------+-------------------+---------+
; Source Pin / Fanout                                      ; Pad To Core Index ; Setting ;
+----------------------------------------------------------+-------------------+---------+
; reset                                                    ;                   ;         ;
; CLK                                                      ;                   ;         ;
;      - counter[2]                                        ; 0                 ; 0       ;
;      - clk_div_count[5]                                  ; 0                 ; 0       ;
; s1                                                       ;                   ;         ;
;      - adcinterface:adcinterface_0|result[11]~1          ; 1                 ; 0       ;
;      - s1~inputCLKENA0                                   ; 1                 ; 0       ;
; s2                                                       ;                   ;         ;
;      - etch_a_sketch:game_logic|prev_colour_sw           ; 1                 ; 0       ;
;      - etch_a_sketch:game_logic|always0~0                ; 1                 ; 0       ;
; enc1_a                                                   ;                   ;         ;
;      - encoder:encoder_1|a_debounce[0]~feeder            ; 0                 ; 0       ;
; enc1_b                                                   ;                   ;         ;
;      - encoder:encoder_1|b_debounce[0]                   ; 0                 ; 0       ;
; enc2_a                                                   ;                   ;         ;
;      - encoder:encoder_2|a_debounce[0]~feeder            ; 0                 ; 0       ;
; enc2_b                                                   ;                   ;         ;
;      - encoder:encoder_2|b_debounce[0]                   ; 1                 ; 0       ;
; ADC_SDO                                                  ;                   ;         ;
;      - adcinterface:adcinterface_0|temp_result[0]~feeder ; 0                 ; 0       ;
+----------------------------------------------------------+-------------------+---------+


+-------------------------------------------------------------------------------------------------------------------------------------------------------------------------------------------------------------------+
; Control Signals                                                                                                                                                                                                   ;
+-----------------------------------------------------------------------+----------------------+---------+---------------------------+--------+----------------------+------------------+---------------------------+
; Name                                                                  ; Location             ; Fan-Out ; Usage                     ; Global ; Global Resource Used ; Global Line Name ; Enable Signal Source Name ;
+-----------------------------------------------------------------------+----------------------+---------+---------------------------+--------+----------------------+------------------+---------------------------+
; CLK                                                                   ; PIN_V11              ; 6       ; Clock                     ; yes    ; Global Clock         ; GCLK6            ; --                        ;
; CLK                                                                   ; PIN_V11              ; 3       ; Clock                     ; no     ; --                   ; --               ; --                        ;
; adcinterface:adcinterface_0|ADC_SCK~1                                 ; LABCELL_X22_Y3_N42   ; 13      ; Clock enable              ; no     ; --                   ; --               ; --                        ;
; adcinterface:adcinterface_0|result[11]~1                              ; LABCELL_X22_Y3_N48   ; 12      ; Clock enable              ; no     ; --                   ; --               ; --                        ;
; clk_div_count[5]                                                      ; FF_X19_Y3_N50        ; 41      ; Clock                     ; no     ; --                   ; --               ; --                        ;
; counter[2]                                                            ; FF_X19_Y3_N29        ; 3270    ; Clock                     ; yes    ; Global Clock         ; GCLK4            ; --                        ;
; etch_a_sketch:game_logic|LessThan0~6                                  ; MLABCELL_X32_Y8_N9   ; 36      ; Clock enable, Sync. clear ; no     ; --                   ; --               ; --                        ;
; etch_a_sketch:game_logic|always0~0                                    ; LABCELL_X53_Y2_N30   ; 3       ; Clock enable              ; no     ; --                   ; --               ; --                        ;
; etch_a_sketch:game_logic|cursor_pos[7]~7                              ; LABCELL_X54_Y5_N57   ; 5       ; Clock enable              ; no     ; --                   ; --               ; --                        ;
; etch_a_sketch:game_logic|input_matrix[0][0]~897                       ; MLABCELL_X47_Y8_N54  ; 3       ; Clock enable              ; no     ; --                   ; --               ; --                        ;
; etch_a_sketch:game_logic|input_matrix[100][1]~779                     ; LABCELL_X53_Y9_N36   ; 3       ; Clock enable              ; no     ; --                   ; --               ; --                        ;
; etch_a_sketch:game_logic|input_matrix[101][1]~843                     ; LABCELL_X53_Y7_N57   ; 3       ; Clock enable              ; no     ; --                   ; --               ; --                        ;
; etch_a_sketch:game_logic|input_matrix[102][2]~811                     ; LABCELL_X51_Y7_N48   ; 3       ; Clock enable              ; no     ; --                   ; --               ; --                        ;
; etch_a_sketch:game_logic|input_matrix[103][2]~889                     ; LABCELL_X49_Y6_N57   ; 3       ; Clock enable              ; no     ; --                   ; --               ; --                        ;
; etch_a_sketch:game_logic|input_matrix[104][2]~781                     ; LABCELL_X51_Y12_N18  ; 3       ; Clock enable              ; no     ; --                   ; --               ; --                        ;
; etch_a_sketch:game_logic|input_matrix[105][1]~845                     ; LABCELL_X53_Y7_N54   ; 3       ; Clock enable              ; no     ; --                   ; --               ; --                        ;
; etch_a_sketch:game_logic|input_matrix[106][1]~813                     ; LABCELL_X33_Y10_N6   ; 3       ; Clock enable              ; no     ; --                   ; --               ; --                        ;
; etch_a_sketch:game_logic|input_matrix[107][1]~883                     ; MLABCELL_X50_Y11_N57 ; 3       ; Clock enable              ; no     ; --                   ; --               ; --                        ;
; etch_a_sketch:game_logic|input_matrix[108][2]~783                     ; LABCELL_X53_Y11_N36  ; 3       ; Clock enable              ; no     ; --                   ; --               ; --                        ;
; etch_a_sketch:game_logic|input_matrix[109][0]~847                     ; LABCELL_X51_Y13_N12  ; 3       ; Clock enable              ; no     ; --                   ; --               ; --                        ;
; etch_a_sketch:game_logic|input_matrix[10][2]~977                      ; LABCELL_X54_Y10_N9   ; 3       ; Clock enable              ; no     ; --                   ; --               ; --                        ;
; etch_a_sketch:game_logic|input_matrix[110][0]~815                     ; LABCELL_X49_Y11_N6   ; 3       ; Clock enable              ; no     ; --                   ; --               ; --                        ;
; etch_a_sketch:game_logic|input_matrix[111][0]~891                     ; LABCELL_X54_Y11_N42  ; 3       ; Clock enable              ; no     ; --                   ; --               ; --                        ;
; etch_a_sketch:game_logic|input_matrix[112][2]~793                     ; MLABCELL_X37_Y6_N6   ; 3       ; Clock enable              ; no     ; --                   ; --               ; --                        ;
; etch_a_sketch:game_logic|input_matrix[113][0]~857                     ; LABCELL_X49_Y5_N57   ; 3       ; Clock enable              ; no     ; --                   ; --               ; --                        ;
; etch_a_sketch:game_logic|input_matrix[114][0]~825                     ; MLABCELL_X50_Y7_N0   ; 3       ; Clock enable              ; no     ; --                   ; --               ; --                        ;
; etch_a_sketch:game_logic|input_matrix[115][2]~885                     ; LABCELL_X54_Y7_N9    ; 3       ; Clock enable              ; no     ; --                   ; --               ; --                        ;
; etch_a_sketch:game_logic|input_matrix[116][0]~795                     ; LABCELL_X48_Y5_N57   ; 3       ; Clock enable              ; no     ; --                   ; --               ; --                        ;
; etch_a_sketch:game_logic|input_matrix[117][0]~859                     ; MLABCELL_X50_Y6_N21  ; 3       ; Clock enable              ; no     ; --                   ; --               ; --                        ;
; etch_a_sketch:game_logic|input_matrix[118][1]~827                     ; LABCELL_X48_Y7_N0    ; 3       ; Clock enable              ; no     ; --                   ; --               ; --                        ;
; etch_a_sketch:game_logic|input_matrix[119][2]~893                     ; LABCELL_X49_Y7_N30   ; 3       ; Clock enable              ; no     ; --                   ; --               ; --                        ;
; etch_a_sketch:game_logic|input_matrix[11][0]~981                      ; LABCELL_X45_Y8_N12   ; 3       ; Clock enable              ; no     ; --                   ; --               ; --                        ;
; etch_a_sketch:game_logic|input_matrix[120][1]~797                     ; MLABCELL_X50_Y5_N57  ; 3       ; Clock enable              ; no     ; --                   ; --               ; --                        ;
; etch_a_sketch:game_logic|input_matrix[121][1]~861                     ; LABCELL_X41_Y8_N57   ; 3       ; Clock enable              ; no     ; --                   ; --               ; --                        ;
; etch_a_sketch:game_logic|input_matrix[122][1]~829                     ; MLABCELL_X47_Y7_N42  ; 3       ; Clock enable              ; no     ; --                   ; --               ; --                        ;
; etch_a_sketch:game_logic|input_matrix[123][1]~887                     ; LABCELL_X51_Y13_N45  ; 3       ; Clock enable              ; no     ; --                   ; --               ; --                        ;
; etch_a_sketch:game_logic|input_matrix[124][2]~799                     ; MLABCELL_X50_Y5_N54  ; 3       ; Clock enable              ; no     ; --                   ; --               ; --                        ;
; etch_a_sketch:game_logic|input_matrix[125][0]~863                     ; LABCELL_X49_Y3_N15   ; 3       ; Clock enable              ; no     ; --                   ; --               ; --                        ;
; etch_a_sketch:game_logic|input_matrix[126][2]~831                     ; LABCELL_X49_Y5_N36   ; 3       ; Clock enable              ; no     ; --                   ; --               ; --                        ;
; etch_a_sketch:game_logic|input_matrix[127][2]~895                     ; LABCELL_X49_Y7_N3    ; 3       ; Clock enable              ; no     ; --                   ; --               ; --                        ;
; etch_a_sketch:game_logic|input_matrix[128][2]~513                     ; LABCELL_X41_Y2_N54   ; 3       ; Clock enable              ; no     ; --                   ; --               ; --                        ;
; etch_a_sketch:game_logic|input_matrix[129][0]~515                     ; MLABCELL_X42_Y4_N54  ; 3       ; Clock enable              ; no     ; --                   ; --               ; --                        ;
; etch_a_sketch:game_logic|input_matrix[12][1]~915                      ; LABCELL_X38_Y11_N42  ; 3       ; Clock enable              ; no     ; --                   ; --               ; --                        ;
; etch_a_sketch:game_logic|input_matrix[130][2]~517                     ; MLABCELL_X42_Y4_N45  ; 3       ; Clock enable              ; no     ; --                   ; --               ; --                        ;
; etch_a_sketch:game_logic|input_matrix[131][0]~519                     ; LABCELL_X46_Y4_N57   ; 3       ; Clock enable              ; no     ; --                   ; --               ; --                        ;
; etch_a_sketch:game_logic|input_matrix[132][0]~577                     ; LABCELL_X36_Y3_N27   ; 3       ; Clock enable              ; no     ; --                   ; --               ; --                        ;
; etch_a_sketch:game_logic|input_matrix[133][1]~585                     ; LABCELL_X38_Y3_N36   ; 3       ; Clock enable              ; no     ; --                   ; --               ; --                        ;
; etch_a_sketch:game_logic|input_matrix[134][2]~581                     ; LABCELL_X40_Y3_N27   ; 3       ; Clock enable              ; no     ; --                   ; --               ; --                        ;
; etch_a_sketch:game_logic|input_matrix[135][2]~589                     ; LABCELL_X36_Y3_N57   ; 3       ; Clock enable              ; no     ; --                   ; --               ; --                        ;
; etch_a_sketch:game_logic|input_matrix[136][2]~529                     ; LABCELL_X40_Y2_N27   ; 3       ; Clock enable              ; no     ; --                   ; --               ; --                        ;
; etch_a_sketch:game_logic|input_matrix[137][0]~531                     ; LABCELL_X40_Y2_N9    ; 3       ; Clock enable              ; no     ; --                   ; --               ; --                        ;
; etch_a_sketch:game_logic|input_matrix[138][2]~533                     ; LABCELL_X36_Y3_N51   ; 3       ; Clock enable              ; no     ; --                   ; --               ; --                        ;
; etch_a_sketch:game_logic|input_matrix[139][2]~535                     ; LABCELL_X35_Y3_N45   ; 3       ; Clock enable              ; no     ; --                   ; --               ; --                        ;
; etch_a_sketch:game_logic|input_matrix[13][1]~919                      ; LABCELL_X51_Y11_N9   ; 3       ; Clock enable              ; no     ; --                   ; --               ; --                        ;
; etch_a_sketch:game_logic|input_matrix[140][2]~593                     ; LABCELL_X36_Y3_N54   ; 3       ; Clock enable              ; no     ; --                   ; --               ; --                        ;
; etch_a_sketch:game_logic|input_matrix[141][2]~601                     ; LABCELL_X36_Y2_N33   ; 3       ; Clock enable              ; no     ; --                   ; --               ; --                        ;
; etch_a_sketch:game_logic|input_matrix[142][1]~597                     ; LABCELL_X36_Y4_N33   ; 3       ; Clock enable              ; no     ; --                   ; --               ; --                        ;
; etch_a_sketch:game_logic|input_matrix[143][1]~605                     ; LABCELL_X33_Y6_N3    ; 3       ; Clock enable              ; no     ; --                   ; --               ; --                        ;
; etch_a_sketch:game_logic|input_matrix[144][1]~545                     ; LABCELL_X49_Y4_N39   ; 3       ; Clock enable              ; no     ; --                   ; --               ; --                        ;
; etch_a_sketch:game_logic|input_matrix[145][1]~547                     ; LABCELL_X36_Y4_N30   ; 3       ; Clock enable              ; no     ; --                   ; --               ; --                        ;
; etch_a_sketch:game_logic|input_matrix[146][1]~549                     ; LABCELL_X41_Y4_N57   ; 3       ; Clock enable              ; no     ; --                   ; --               ; --                        ;
; etch_a_sketch:game_logic|input_matrix[147][2]~551                     ; LABCELL_X41_Y4_N51   ; 3       ; Clock enable              ; no     ; --                   ; --               ; --                        ;
; etch_a_sketch:game_logic|input_matrix[148][2]~609                     ; LABCELL_X43_Y3_N39   ; 3       ; Clock enable              ; no     ; --                   ; --               ; --                        ;
; etch_a_sketch:game_logic|input_matrix[149][0]~611                     ; LABCELL_X43_Y4_N15   ; 3       ; Clock enable              ; no     ; --                   ; --               ; --                        ;
; etch_a_sketch:game_logic|input_matrix[14][1]~979                      ; LABCELL_X40_Y13_N42  ; 3       ; Clock enable              ; no     ; --                   ; --               ; --                        ;
; etch_a_sketch:game_logic|input_matrix[150][2]~625                     ; MLABCELL_X37_Y4_N21  ; 3       ; Clock enable              ; no     ; --                   ; --               ; --                        ;
; etch_a_sketch:game_logic|input_matrix[151][0]~627                     ; MLABCELL_X37_Y4_N39  ; 3       ; Clock enable              ; no     ; --                   ; --               ; --                        ;
; etch_a_sketch:game_logic|input_matrix[152][0]~561                     ; LABCELL_X43_Y3_N36   ; 3       ; Clock enable              ; no     ; --                   ; --               ; --                        ;
; etch_a_sketch:game_logic|input_matrix[153][2]~563                     ; LABCELL_X40_Y6_N57   ; 3       ; Clock enable              ; no     ; --                   ; --               ; --                        ;
; etch_a_sketch:game_logic|input_matrix[154][1]~565                     ; LABCELL_X40_Y5_N57   ; 3       ; Clock enable              ; no     ; --                   ; --               ; --                        ;
; etch_a_sketch:game_logic|input_matrix[155][1]~567                     ; LABCELL_X40_Y6_N45   ; 3       ; Clock enable              ; no     ; --                   ; --               ; --                        ;
; etch_a_sketch:game_logic|input_matrix[156][1]~613                     ; LABCELL_X43_Y3_N54   ; 3       ; Clock enable              ; no     ; --                   ; --               ; --                        ;
; etch_a_sketch:game_logic|input_matrix[157][2]~615                     ; LABCELL_X35_Y3_N0    ; 3       ; Clock enable              ; no     ; --                   ; --               ; --                        ;
; etch_a_sketch:game_logic|input_matrix[158][2]~629                     ; MLABCELL_X37_Y4_N3   ; 3       ; Clock enable              ; no     ; --                   ; --               ; --                        ;
; etch_a_sketch:game_logic|input_matrix[159][0]~631                     ; LABCELL_X36_Y4_N36   ; 3       ; Clock enable              ; no     ; --                   ; --               ; --                        ;
; etch_a_sketch:game_logic|input_matrix[15][1]~983                      ; LABCELL_X48_Y12_N42  ; 3       ; Clock enable              ; no     ; --                   ; --               ; --                        ;
; etch_a_sketch:game_logic|input_matrix[160][1]~521                     ; MLABCELL_X42_Y5_N33  ; 3       ; Clock enable              ; no     ; --                   ; --               ; --                        ;
; etch_a_sketch:game_logic|input_matrix[161][0]~523                     ; LABCELL_X43_Y5_N21   ; 3       ; Clock enable              ; no     ; --                   ; --               ; --                        ;
; etch_a_sketch:game_logic|input_matrix[162][2]~525                     ; LABCELL_X40_Y5_N3    ; 3       ; Clock enable              ; no     ; --                   ; --               ; --                        ;
; etch_a_sketch:game_logic|input_matrix[163][2]~527                     ; LABCELL_X51_Y6_N45   ; 3       ; Clock enable              ; no     ; --                   ; --               ; --                        ;
; etch_a_sketch:game_logic|input_matrix[164][1]~579                     ; LABCELL_X38_Y3_N15   ; 3       ; Clock enable              ; no     ; --                   ; --               ; --                        ;
; etch_a_sketch:game_logic|input_matrix[165][1]~587                     ; LABCELL_X40_Y3_N45   ; 3       ; Clock enable              ; no     ; --                   ; --               ; --                        ;
; etch_a_sketch:game_logic|input_matrix[166][2]~583                     ; MLABCELL_X37_Y3_N51  ; 3       ; Clock enable              ; no     ; --                   ; --               ; --                        ;
; etch_a_sketch:game_logic|input_matrix[167][2]~591                     ; LABCELL_X31_Y3_N27   ; 3       ; Clock enable              ; no     ; --                   ; --               ; --                        ;
; etch_a_sketch:game_logic|input_matrix[168][0]~537                     ; MLABCELL_X42_Y3_N21  ; 3       ; Clock enable              ; no     ; --                   ; --               ; --                        ;
; etch_a_sketch:game_logic|input_matrix[169][0]~539                     ; MLABCELL_X42_Y3_N57  ; 3       ; Clock enable              ; no     ; --                   ; --               ; --                        ;
; etch_a_sketch:game_logic|input_matrix[16][0]~929                      ; MLABCELL_X42_Y8_N15  ; 3       ; Clock enable              ; no     ; --                   ; --               ; --                        ;
; etch_a_sketch:game_logic|input_matrix[170][0]~541                     ; LABCELL_X40_Y6_N39   ; 3       ; Clock enable              ; no     ; --                   ; --               ; --                        ;
; etch_a_sketch:game_logic|input_matrix[171][0]~543                     ; MLABCELL_X42_Y3_N3   ; 3       ; Clock enable              ; no     ; --                   ; --               ; --                        ;
; etch_a_sketch:game_logic|input_matrix[172][0]~595                     ; MLABCELL_X37_Y2_N39  ; 3       ; Clock enable              ; no     ; --                   ; --               ; --                        ;
; etch_a_sketch:game_logic|input_matrix[173][0]~603                     ; LABCELL_X36_Y4_N3    ; 3       ; Clock enable              ; no     ; --                   ; --               ; --                        ;
; etch_a_sketch:game_logic|input_matrix[174][0]~599                     ; MLABCELL_X37_Y3_N6   ; 3       ; Clock enable              ; no     ; --                   ; --               ; --                        ;
; etch_a_sketch:game_logic|input_matrix[175][0]~607                     ; LABCELL_X36_Y2_N36   ; 3       ; Clock enable              ; no     ; --                   ; --               ; --                        ;
; etch_a_sketch:game_logic|input_matrix[176][0]~553                     ; LABCELL_X41_Y5_N33   ; 3       ; Clock enable              ; no     ; --                   ; --               ; --                        ;
; etch_a_sketch:game_logic|input_matrix[177][0]~555                     ; LABCELL_X43_Y5_N27   ; 3       ; Clock enable              ; no     ; --                   ; --               ; --                        ;
; etch_a_sketch:game_logic|input_matrix[178][0]~557                     ; LABCELL_X41_Y5_N57   ; 3       ; Clock enable              ; no     ; --                   ; --               ; --                        ;
; etch_a_sketch:game_logic|input_matrix[179][1]~559                     ; MLABCELL_X42_Y5_N57  ; 3       ; Clock enable              ; no     ; --                   ; --               ; --                        ;
; etch_a_sketch:game_logic|input_matrix[17][2]~933                      ; LABCELL_X43_Y9_N21   ; 3       ; Clock enable              ; no     ; --                   ; --               ; --                        ;
; etch_a_sketch:game_logic|input_matrix[180][1]~617                     ; LABCELL_X45_Y3_N57   ; 3       ; Clock enable              ; no     ; --                   ; --               ; --                        ;
; etch_a_sketch:game_logic|input_matrix[181][1]~619                     ; LABCELL_X43_Y4_N21   ; 3       ; Clock enable              ; no     ; --                   ; --               ; --                        ;
; etch_a_sketch:game_logic|input_matrix[182][2]~633                     ; LABCELL_X38_Y4_N15   ; 3       ; Clock enable              ; no     ; --                   ; --               ; --                        ;
; etch_a_sketch:game_logic|input_matrix[183][0]~635                     ; LABCELL_X40_Y3_N3    ; 3       ; Clock enable              ; no     ; --                   ; --               ; --                        ;
; etch_a_sketch:game_logic|input_matrix[184][2]~569                     ; LABCELL_X45_Y3_N51   ; 3       ; Clock enable              ; no     ; --                   ; --               ; --                        ;
; etch_a_sketch:game_logic|input_matrix[185][2]~571                     ; LABCELL_X40_Y5_N9    ; 3       ; Clock enable              ; no     ; --                   ; --               ; --                        ;
; etch_a_sketch:game_logic|input_matrix[186][2]~573                     ; LABCELL_X38_Y4_N33   ; 3       ; Clock enable              ; no     ; --                   ; --               ; --                        ;
; etch_a_sketch:game_logic|input_matrix[187][1]~575                     ; LABCELL_X38_Y3_N18   ; 3       ; Clock enable              ; no     ; --                   ; --               ; --                        ;
; etch_a_sketch:game_logic|input_matrix[188][0]~621                     ; LABCELL_X45_Y3_N3    ; 3       ; Clock enable              ; no     ; --                   ; --               ; --                        ;
; etch_a_sketch:game_logic|input_matrix[189][0]~623                     ; LABCELL_X35_Y3_N9    ; 3       ; Clock enable              ; no     ; --                   ; --               ; --                        ;
; etch_a_sketch:game_logic|input_matrix[18][1]~993                      ; LABCELL_X43_Y8_N21   ; 3       ; Clock enable              ; no     ; --                   ; --               ; --                        ;
; etch_a_sketch:game_logic|input_matrix[190][1]~637                     ; LABCELL_X38_Y4_N3    ; 3       ; Clock enable              ; no     ; --                   ; --               ; --                        ;
; etch_a_sketch:game_logic|input_matrix[191][1]~639                     ; MLABCELL_X37_Y2_N6   ; 3       ; Clock enable              ; no     ; --                   ; --               ; --                        ;
; etch_a_sketch:game_logic|input_matrix[192][1]~641                     ; MLABCELL_X47_Y11_N6  ; 3       ; Clock enable              ; no     ; --                   ; --               ; --                        ;
; etch_a_sketch:game_logic|input_matrix[193][1]~649                     ; LABCELL_X43_Y11_N0   ; 3       ; Clock enable              ; no     ; --                   ; --               ; --                        ;
; etch_a_sketch:game_logic|input_matrix[194][0]~643                     ; MLABCELL_X42_Y11_N24 ; 3       ; Clock enable              ; no     ; --                   ; --               ; --                        ;
; etch_a_sketch:game_logic|input_matrix[195][2]~651                     ; LABCELL_X43_Y10_N18  ; 3       ; Clock enable              ; no     ; --                   ; --               ; --                        ;
; etch_a_sketch:game_logic|input_matrix[196][2]~705                     ; MLABCELL_X47_Y11_N18 ; 3       ; Clock enable              ; no     ; --                   ; --               ; --                        ;
; etch_a_sketch:game_logic|input_matrix[197][1]~713                     ; LABCELL_X46_Y4_N3    ; 3       ; Clock enable              ; no     ; --                   ; --               ; --                        ;
; etch_a_sketch:game_logic|input_matrix[198][0]~707                     ; LABCELL_X43_Y11_N3   ; 3       ; Clock enable              ; no     ; --                   ; --               ; --                        ;
; etch_a_sketch:game_logic|input_matrix[199][0]~715                     ; LABCELL_X43_Y6_N48   ; 3       ; Clock enable              ; no     ; --                   ; --               ; --                        ;
; etch_a_sketch:game_logic|input_matrix[19][2]~1001                     ; MLABCELL_X42_Y6_N42  ; 3       ; Clock enable              ; no     ; --                   ; --               ; --                        ;
; etch_a_sketch:game_logic|input_matrix[1][1]~901                       ; MLABCELL_X47_Y8_N57  ; 3       ; Clock enable              ; no     ; --                   ; --               ; --                        ;
; etch_a_sketch:game_logic|input_matrix[200][0]~673                     ; MLABCELL_X47_Y11_N9  ; 3       ; Clock enable              ; no     ; --                   ; --               ; --                        ;
; etch_a_sketch:game_logic|input_matrix[201][2]~681                     ; MLABCELL_X47_Y11_N36 ; 3       ; Clock enable              ; no     ; --                   ; --               ; --                        ;
; etch_a_sketch:game_logic|input_matrix[202][2]~675                     ; LABCELL_X49_Y12_N24  ; 3       ; Clock enable              ; no     ; --                   ; --               ; --                        ;
; etch_a_sketch:game_logic|input_matrix[203][0]~683                     ; LABCELL_X49_Y12_N30  ; 3       ; Clock enable              ; no     ; --                   ; --               ; --                        ;
; etch_a_sketch:game_logic|input_matrix[204][2]~737                     ; MLABCELL_X47_Y9_N39  ; 3       ; Clock enable              ; no     ; --                   ; --               ; --                        ;
; etch_a_sketch:game_logic|input_matrix[205][0]~739                     ; LABCELL_X45_Y12_N48  ; 3       ; Clock enable              ; no     ; --                   ; --               ; --                        ;
; etch_a_sketch:game_logic|input_matrix[206][2]~745                     ; LABCELL_X46_Y10_N51  ; 3       ; Clock enable              ; no     ; --                   ; --               ; --                        ;
; etch_a_sketch:game_logic|input_matrix[207][0]~747                     ; LABCELL_X45_Y12_N51  ; 3       ; Clock enable              ; no     ; --                   ; --               ; --                        ;
; etch_a_sketch:game_logic|input_matrix[208][0]~645                     ; LABCELL_X45_Y10_N54  ; 3       ; Clock enable              ; no     ; --                   ; --               ; --                        ;
; etch_a_sketch:game_logic|input_matrix[209][1]~653                     ; LABCELL_X45_Y10_N12  ; 3       ; Clock enable              ; no     ; --                   ; --               ; --                        ;
; etch_a_sketch:game_logic|input_matrix[20][2]~931                      ; LABCELL_X46_Y10_N45  ; 3       ; Clock enable              ; no     ; --                   ; --               ; --                        ;
; etch_a_sketch:game_logic|input_matrix[210][0]~647                     ; MLABCELL_X42_Y11_N27 ; 3       ; Clock enable              ; no     ; --                   ; --               ; --                        ;
; etch_a_sketch:game_logic|input_matrix[211][1]~655                     ; LABCELL_X43_Y6_N51   ; 3       ; Clock enable              ; no     ; --                   ; --               ; --                        ;
; etch_a_sketch:game_logic|input_matrix[212][2]~709                     ; LABCELL_X46_Y11_N42  ; 3       ; Clock enable              ; no     ; --                   ; --               ; --                        ;
; etch_a_sketch:game_logic|input_matrix[213][2]~717                     ; MLABCELL_X47_Y6_N30  ; 3       ; Clock enable              ; no     ; --                   ; --               ; --                        ;
; etch_a_sketch:game_logic|input_matrix[214][2]~711                     ; MLABCELL_X42_Y11_N54 ; 3       ; Clock enable              ; no     ; --                   ; --               ; --                        ;
; etch_a_sketch:game_logic|input_matrix[215][1]~719                     ; MLABCELL_X47_Y6_N33  ; 3       ; Clock enable              ; no     ; --                   ; --               ; --                        ;
; etch_a_sketch:game_logic|input_matrix[216][2]~677                     ; LABCELL_X45_Y10_N57  ; 3       ; Clock enable              ; no     ; --                   ; --               ; --                        ;
; etch_a_sketch:game_logic|input_matrix[217][0]~685                     ; LABCELL_X46_Y12_N24  ; 3       ; Clock enable              ; no     ; --                   ; --               ; --                        ;
; etch_a_sketch:game_logic|input_matrix[218][1]~679                     ; LABCELL_X53_Y10_N24  ; 3       ; Clock enable              ; no     ; --                   ; --               ; --                        ;
; etch_a_sketch:game_logic|input_matrix[219][0]~687                     ; LABCELL_X45_Y8_N15   ; 3       ; Clock enable              ; no     ; --                   ; --               ; --                        ;
; etch_a_sketch:game_logic|input_matrix[21][2]~935                      ; MLABCELL_X42_Y9_N3   ; 3       ; Clock enable              ; no     ; --                   ; --               ; --                        ;
; etch_a_sketch:game_logic|input_matrix[220][2]~753                     ; LABCELL_X54_Y8_N21   ; 3       ; Clock enable              ; no     ; --                   ; --               ; --                        ;
; etch_a_sketch:game_logic|input_matrix[221][2]~755                     ; LABCELL_X49_Y8_N54   ; 3       ; Clock enable              ; no     ; --                   ; --               ; --                        ;
; etch_a_sketch:game_logic|input_matrix[222][2]~761                     ; LABCELL_X54_Y7_N27   ; 3       ; Clock enable              ; no     ; --                   ; --               ; --                        ;
; etch_a_sketch:game_logic|input_matrix[223][1]~763                     ; LABCELL_X43_Y8_N18   ; 3       ; Clock enable              ; no     ; --                   ; --               ; --                        ;
; etch_a_sketch:game_logic|input_matrix[224][1]~657                     ; LABCELL_X49_Y4_N0    ; 3       ; Clock enable              ; no     ; --                   ; --               ; --                        ;
; etch_a_sketch:game_logic|input_matrix[225][1]~665                     ; LABCELL_X46_Y6_N6    ; 3       ; Clock enable              ; no     ; --                   ; --               ; --                        ;
; etch_a_sketch:game_logic|input_matrix[226][0]~659                     ; MLABCELL_X37_Y5_N57  ; 3       ; Clock enable              ; no     ; --                   ; --               ; --                        ;
; etch_a_sketch:game_logic|input_matrix[227][1]~667                     ; LABCELL_X49_Y6_N54   ; 3       ; Clock enable              ; no     ; --                   ; --               ; --                        ;
; etch_a_sketch:game_logic|input_matrix[228][2]~721                     ; MLABCELL_X50_Y8_N27  ; 3       ; Clock enable              ; no     ; --                   ; --               ; --                        ;
; etch_a_sketch:game_logic|input_matrix[229][2]~729                     ; LABCELL_X43_Y6_N18   ; 3       ; Clock enable              ; no     ; --                   ; --               ; --                        ;
; etch_a_sketch:game_logic|input_matrix[22][1]~995                      ; LABCELL_X51_Y11_N6   ; 3       ; Clock enable              ; no     ; --                   ; --               ; --                        ;
; etch_a_sketch:game_logic|input_matrix[230][2]~723                     ; MLABCELL_X47_Y5_N6   ; 3       ; Clock enable              ; no     ; --                   ; --               ; --                        ;
; etch_a_sketch:game_logic|input_matrix[231][2]~731                     ; LABCELL_X43_Y6_N21   ; 3       ; Clock enable              ; no     ; --                   ; --               ; --                        ;
; etch_a_sketch:game_logic|input_matrix[232][2]~689                     ; LABCELL_X49_Y10_N24  ; 3       ; Clock enable              ; no     ; --                   ; --               ; --                        ;
; etch_a_sketch:game_logic|input_matrix[233][2]~697                     ; LABCELL_X54_Y12_N3   ; 3       ; Clock enable              ; no     ; --                   ; --               ; --                        ;
; etch_a_sketch:game_logic|input_matrix[234][1]~691                     ; LABCELL_X49_Y10_N30  ; 3       ; Clock enable              ; no     ; --                   ; --               ; --                        ;
; etch_a_sketch:game_logic|input_matrix[235][0]~699                     ; LABCELL_X49_Y12_N27  ; 3       ; Clock enable              ; no     ; --                   ; --               ; --                        ;
; etch_a_sketch:game_logic|input_matrix[236][0]~741                     ; MLABCELL_X50_Y8_N24  ; 3       ; Clock enable              ; no     ; --                   ; --               ; --                        ;
; etch_a_sketch:game_logic|input_matrix[237][0]~743                     ; MLABCELL_X50_Y8_N54  ; 3       ; Clock enable              ; no     ; --                   ; --               ; --                        ;
; etch_a_sketch:game_logic|input_matrix[238][1]~749                     ; LABCELL_X49_Y11_N51  ; 3       ; Clock enable              ; no     ; --                   ; --               ; --                        ;
; etch_a_sketch:game_logic|input_matrix[239][1]~751                     ; LABCELL_X45_Y12_N54  ; 3       ; Clock enable              ; no     ; --                   ; --               ; --                        ;
; etch_a_sketch:game_logic|input_matrix[23][1]~1003                     ; LABCELL_X45_Y6_N21   ; 3       ; Clock enable              ; no     ; --                   ; --               ; --                        ;
; etch_a_sketch:game_logic|input_matrix[240][1]~661                     ; LABCELL_X49_Y4_N6    ; 3       ; Clock enable              ; no     ; --                   ; --               ; --                        ;
; etch_a_sketch:game_logic|input_matrix[241][1]~669                     ; LABCELL_X48_Y6_N6    ; 3       ; Clock enable              ; no     ; --                   ; --               ; --                        ;
; etch_a_sketch:game_logic|input_matrix[242][1]~663                     ; LABCELL_X49_Y4_N3    ; 3       ; Clock enable              ; no     ; --                   ; --               ; --                        ;
; etch_a_sketch:game_logic|input_matrix[243][1]~671                     ; LABCELL_X54_Y7_N18   ; 3       ; Clock enable              ; no     ; --                   ; --               ; --                        ;
; etch_a_sketch:game_logic|input_matrix[244][1]~725                     ; LABCELL_X48_Y5_N0    ; 3       ; Clock enable              ; no     ; --                   ; --               ; --                        ;
; etch_a_sketch:game_logic|input_matrix[245][0]~733                     ; MLABCELL_X50_Y6_N39  ; 3       ; Clock enable              ; no     ; --                   ; --               ; --                        ;
; etch_a_sketch:game_logic|input_matrix[246][0]~727                     ; LABCELL_X36_Y8_N27   ; 3       ; Clock enable              ; no     ; --                   ; --               ; --                        ;
; etch_a_sketch:game_logic|input_matrix[247][0]~735                     ; LABCELL_X46_Y6_N9    ; 3       ; Clock enable              ; no     ; --                   ; --               ; --                        ;
; etch_a_sketch:game_logic|input_matrix[248][0]~693                     ; LABCELL_X49_Y10_N33  ; 3       ; Clock enable              ; no     ; --                   ; --               ; --                        ;
; etch_a_sketch:game_logic|input_matrix[249][0]~701                     ; LABCELL_X41_Y8_N12   ; 3       ; Clock enable              ; no     ; --                   ; --               ; --                        ;
; etch_a_sketch:game_logic|input_matrix[24][2]~945                      ; MLABCELL_X42_Y8_N18  ; 3       ; Clock enable              ; no     ; --                   ; --               ; --                        ;
; etch_a_sketch:game_logic|input_matrix[250][2]~695                     ; MLABCELL_X47_Y7_N0   ; 3       ; Clock enable              ; no     ; --                   ; --               ; --                        ;
; etch_a_sketch:game_logic|input_matrix[251][0]~703                     ; LABCELL_X46_Y11_N48  ; 3       ; Clock enable              ; no     ; --                   ; --               ; --                        ;
; etch_a_sketch:game_logic|input_matrix[252][0]~757                     ; LABCELL_X48_Y5_N3    ; 3       ; Clock enable              ; no     ; --                   ; --               ; --                        ;
; etch_a_sketch:game_logic|input_matrix[253][0]~759                     ; LABCELL_X48_Y5_N54   ; 3       ; Clock enable              ; no     ; --                   ; --               ; --                        ;
; etch_a_sketch:game_logic|input_matrix[254][0]~765                     ; MLABCELL_X42_Y10_N15 ; 3       ; Clock enable              ; no     ; --                   ; --               ; --                        ;
; etch_a_sketch:game_logic|input_matrix[255][1]~767                     ; LABCELL_X49_Y8_N57   ; 3       ; Clock enable              ; no     ; --                   ; --               ; --                        ;
; etch_a_sketch:game_logic|input_matrix[256][1]~1                       ; LABCELL_X40_Y14_N0   ; 3       ; Clock enable              ; no     ; --                   ; --               ; --                        ;
; etch_a_sketch:game_logic|input_matrix[257][1]~257                     ; LABCELL_X28_Y11_N51  ; 3       ; Clock enable              ; no     ; --                   ; --               ; --                        ;
; etch_a_sketch:game_logic|input_matrix[258][1]~9                       ; LABCELL_X41_Y12_N57  ; 3       ; Clock enable              ; no     ; --                   ; --               ; --                        ;
; etch_a_sketch:game_logic|input_matrix[259][2]~265                     ; LABCELL_X27_Y13_N15  ; 3       ; Clock enable              ; no     ; --                   ; --               ; --                        ;
; etch_a_sketch:game_logic|input_matrix[25][0]~949                      ; LABCELL_X45_Y8_N57   ; 3       ; Clock enable              ; no     ; --                   ; --               ; --                        ;
; etch_a_sketch:game_logic|input_matrix[260][0]~33                      ; LABCELL_X38_Y12_N24  ; 3       ; Clock enable              ; no     ; --                   ; --               ; --                        ;
; etch_a_sketch:game_logic|input_matrix[261][0]~289                     ; LABCELL_X33_Y7_N0    ; 3       ; Clock enable              ; no     ; --                   ; --               ; --                        ;
; etch_a_sketch:game_logic|input_matrix[262][0]~41                      ; MLABCELL_X32_Y11_N3  ; 3       ; Clock enable              ; no     ; --                   ; --               ; --                        ;
; etch_a_sketch:game_logic|input_matrix[263][0]~297                     ; LABCELL_X38_Y9_N54   ; 3       ; Clock enable              ; no     ; --                   ; --               ; --                        ;
; etch_a_sketch:game_logic|input_matrix[264][0]~129                     ; LABCELL_X36_Y14_N57  ; 3       ; Clock enable              ; no     ; --                   ; --               ; --                        ;
; etch_a_sketch:game_logic|input_matrix[265][2]~385                     ; LABCELL_X28_Y12_N51  ; 3       ; Clock enable              ; no     ; --                   ; --               ; --                        ;
; etch_a_sketch:game_logic|input_matrix[266][2]~161                     ; MLABCELL_X32_Y14_N54 ; 3       ; Clock enable              ; no     ; --                   ; --               ; --                        ;
; etch_a_sketch:game_logic|input_matrix[267][2]~417                     ; LABCELL_X27_Y10_N0   ; 3       ; Clock enable              ; no     ; --                   ; --               ; --                        ;
; etch_a_sketch:game_logic|input_matrix[268][0]~137                     ; LABCELL_X38_Y11_N54  ; 3       ; Clock enable              ; no     ; --                   ; --               ; --                        ;
; etch_a_sketch:game_logic|input_matrix[269][0]~393                     ; LABCELL_X27_Y7_N36   ; 3       ; Clock enable              ; no     ; --                   ; --               ; --                        ;
; etch_a_sketch:game_logic|input_matrix[26][0]~1009                     ; LABCELL_X41_Y7_N18   ; 3       ; Clock enable              ; no     ; --                   ; --               ; --                        ;
; etch_a_sketch:game_logic|input_matrix[270][2]~169                     ; LABCELL_X31_Y13_N54  ; 3       ; Clock enable              ; no     ; --                   ; --               ; --                        ;
; etch_a_sketch:game_logic|input_matrix[271][2]~425                     ; LABCELL_X36_Y9_N3    ; 3       ; Clock enable              ; no     ; --                   ; --               ; --                        ;
; etch_a_sketch:game_logic|input_matrix[272][2]~17                      ; LABCELL_X43_Y13_N24  ; 3       ; Clock enable              ; no     ; --                   ; --               ; --                        ;
; etch_a_sketch:game_logic|input_matrix[273][2]~273                     ; LABCELL_X27_Y9_N0    ; 3       ; Clock enable              ; no     ; --                   ; --               ; --                        ;
; etch_a_sketch:game_logic|input_matrix[274][1]~25                      ; LABCELL_X40_Y14_N15  ; 3       ; Clock enable              ; no     ; --                   ; --               ; --                        ;
; etch_a_sketch:game_logic|input_matrix[275][1]~281                     ; LABCELL_X31_Y11_N21  ; 3       ; Clock enable              ; no     ; --                   ; --               ; --                        ;
; etch_a_sketch:game_logic|input_matrix[276][0]~49                      ; LABCELL_X36_Y13_N54  ; 3       ; Clock enable              ; no     ; --                   ; --               ; --                        ;
; etch_a_sketch:game_logic|input_matrix[277][2]~305                     ; LABCELL_X30_Y7_N54   ; 3       ; Clock enable              ; no     ; --                   ; --               ; --                        ;
; etch_a_sketch:game_logic|input_matrix[278][0]~57                      ; MLABCELL_X37_Y8_N18  ; 3       ; Clock enable              ; no     ; --                   ; --               ; --                        ;
; etch_a_sketch:game_logic|input_matrix[279][0]~313                     ; LABCELL_X40_Y9_N12   ; 3       ; Clock enable              ; no     ; --                   ; --               ; --                        ;
; etch_a_sketch:game_logic|input_matrix[27][0]~1017                     ; LABCELL_X45_Y8_N54   ; 3       ; Clock enable              ; no     ; --                   ; --               ; --                        ;
; etch_a_sketch:game_logic|input_matrix[280][2]~193                     ; LABCELL_X31_Y14_N51  ; 3       ; Clock enable              ; no     ; --                   ; --               ; --                        ;
; etch_a_sketch:game_logic|input_matrix[281][2]~449                     ; MLABCELL_X42_Y12_N33 ; 3       ; Clock enable              ; no     ; --                   ; --               ; --                        ;
; etch_a_sketch:game_logic|input_matrix[282][2]~225                     ; LABCELL_X36_Y12_N51  ; 3       ; Clock enable              ; no     ; --                   ; --               ; --                        ;
; etch_a_sketch:game_logic|input_matrix[283][2]~481                     ; LABCELL_X40_Y10_N24  ; 3       ; Clock enable              ; no     ; --                   ; --               ; --                        ;
; etch_a_sketch:game_logic|input_matrix[284][0]~201                     ; LABCELL_X31_Y12_N24  ; 3       ; Clock enable              ; no     ; --                   ; --               ; --                        ;
; etch_a_sketch:game_logic|input_matrix[285][2]~457                     ; MLABCELL_X32_Y7_N18  ; 3       ; Clock enable              ; no     ; --                   ; --               ; --                        ;
; etch_a_sketch:game_logic|input_matrix[286][2]~233                     ; MLABCELL_X32_Y11_N57 ; 3       ; Clock enable              ; no     ; --                   ; --               ; --                        ;
; etch_a_sketch:game_logic|input_matrix[287][0]~489                     ; LABCELL_X36_Y7_N48   ; 3       ; Clock enable              ; no     ; --                   ; --               ; --                        ;
; etch_a_sketch:game_logic|input_matrix[288][2]~65                      ; LABCELL_X36_Y6_N24   ; 3       ; Clock enable              ; no     ; --                   ; --               ; --                        ;
; etch_a_sketch:game_logic|input_matrix[289][0]~321                     ; LABCELL_X31_Y4_N0    ; 3       ; Clock enable              ; no     ; --                   ; --               ; --                        ;
; etch_a_sketch:game_logic|input_matrix[28][0]~947                      ; LABCELL_X54_Y8_N45   ; 3       ; Clock enable              ; no     ; --                   ; --               ; --                        ;
; etch_a_sketch:game_logic|input_matrix[290][1]~73                      ; MLABCELL_X37_Y5_N36  ; 3       ; Clock enable              ; no     ; --                   ; --               ; --                        ;
; etch_a_sketch:game_logic|input_matrix[291][0]~329                     ; LABCELL_X36_Y6_N57   ; 3       ; Clock enable              ; no     ; --                   ; --               ; --                        ;
; etch_a_sketch:game_logic|input_matrix[292][1]~97                      ; LABCELL_X30_Y13_N0   ; 3       ; Clock enable              ; no     ; --                   ; --               ; --                        ;
; etch_a_sketch:game_logic|input_matrix[293][1]~353                     ; LABCELL_X35_Y6_N18   ; 3       ; Clock enable              ; no     ; --                   ; --               ; --                        ;
; etch_a_sketch:game_logic|input_matrix[294][0]~105                     ; LABCELL_X35_Y9_N3    ; 3       ; Clock enable              ; no     ; --                   ; --               ; --                        ;
; etch_a_sketch:game_logic|input_matrix[295][1]~361                     ; LABCELL_X31_Y3_N54   ; 3       ; Clock enable              ; no     ; --                   ; --               ; --                        ;
; etch_a_sketch:game_logic|input_matrix[296][1]~145                     ; LABCELL_X40_Y8_N15   ; 3       ; Clock enable              ; no     ; --                   ; --               ; --                        ;
; etch_a_sketch:game_logic|input_matrix[297][0]~401                     ; MLABCELL_X37_Y6_N9   ; 3       ; Clock enable              ; no     ; --                   ; --               ; --                        ;
; etch_a_sketch:game_logic|input_matrix[298][2]~177                     ; MLABCELL_X32_Y10_N9  ; 3       ; Clock enable              ; no     ; --                   ; --               ; --                        ;
; etch_a_sketch:game_logic|input_matrix[299][0]~433                     ; LABCELL_X36_Y13_N57  ; 3       ; Clock enable              ; no     ; --                   ; --               ; --                        ;
; etch_a_sketch:game_logic|input_matrix[29][0]~951                      ; LABCELL_X40_Y7_N39   ; 3       ; Clock enable              ; no     ; --                   ; --               ; --                        ;
; etch_a_sketch:game_logic|input_matrix[2][1]~961                       ; MLABCELL_X42_Y6_N51  ; 3       ; Clock enable              ; no     ; --                   ; --               ; --                        ;
; etch_a_sketch:game_logic|input_matrix[300][0]~153                     ; LABCELL_X41_Y11_N36  ; 3       ; Clock enable              ; no     ; --                   ; --               ; --                        ;
; etch_a_sketch:game_logic|input_matrix[301][0]~409                     ; LABCELL_X33_Y6_N33   ; 3       ; Clock enable              ; no     ; --                   ; --               ; --                        ;
; etch_a_sketch:game_logic|input_matrix[302][0]~185                     ; MLABCELL_X42_Y13_N33 ; 3       ; Clock enable              ; no     ; --                   ; --               ; --                        ;
; etch_a_sketch:game_logic|input_matrix[303][0]~441                     ; LABCELL_X33_Y5_N54   ; 3       ; Clock enable              ; no     ; --                   ; --               ; --                        ;
; etch_a_sketch:game_logic|input_matrix[304][0]~81                      ; LABCELL_X33_Y3_N3    ; 3       ; Clock enable              ; no     ; --                   ; --               ; --                        ;
; etch_a_sketch:game_logic|input_matrix[305][0]~337                     ; LABCELL_X27_Y4_N36   ; 3       ; Clock enable              ; no     ; --                   ; --               ; --                        ;
; etch_a_sketch:game_logic|input_matrix[306][0]~89                      ; LABCELL_X35_Y5_N18   ; 3       ; Clock enable              ; no     ; --                   ; --               ; --                        ;
; etch_a_sketch:game_logic|input_matrix[307][0]~345                     ; LABCELL_X28_Y4_N54   ; 3       ; Clock enable              ; no     ; --                   ; --               ; --                        ;
; etch_a_sketch:game_logic|input_matrix[308][1]~113                     ; LABCELL_X33_Y13_N57  ; 3       ; Clock enable              ; no     ; --                   ; --               ; --                        ;
; etch_a_sketch:game_logic|input_matrix[309][0]~369                     ; LABCELL_X31_Y6_N18   ; 3       ; Clock enable              ; no     ; --                   ; --               ; --                        ;
; etch_a_sketch:game_logic|input_matrix[30][0]~1011                     ; LABCELL_X48_Y7_N42   ; 3       ; Clock enable              ; no     ; --                   ; --               ; --                        ;
; etch_a_sketch:game_logic|input_matrix[310][1]~121                     ; LABCELL_X36_Y8_N24   ; 3       ; Clock enable              ; no     ; --                   ; --               ; --                        ;
; etch_a_sketch:game_logic|input_matrix[311][1]~377                     ; LABCELL_X30_Y5_N3    ; 3       ; Clock enable              ; no     ; --                   ; --               ; --                        ;
; etch_a_sketch:game_logic|input_matrix[312][1]~209                     ; LABCELL_X33_Y12_N54  ; 3       ; Clock enable              ; no     ; --                   ; --               ; --                        ;
; etch_a_sketch:game_logic|input_matrix[313][1]~465                     ; LABCELL_X36_Y10_N57  ; 3       ; Clock enable              ; no     ; --                   ; --               ; --                        ;
; etch_a_sketch:game_logic|input_matrix[314][1]~241                     ; LABCELL_X30_Y5_N0    ; 3       ; Clock enable              ; no     ; --                   ; --               ; --                        ;
; etch_a_sketch:game_logic|input_matrix[315][2]~497                     ; LABCELL_X33_Y4_N57   ; 3       ; Clock enable              ; no     ; --                   ; --               ; --                        ;
; etch_a_sketch:game_logic|input_matrix[316][1]~217                     ; LABCELL_X43_Y12_N0   ; 3       ; Clock enable              ; no     ; --                   ; --               ; --                        ;
; etch_a_sketch:game_logic|input_matrix[317][1]~473                     ; MLABCELL_X32_Y8_N21  ; 3       ; Clock enable              ; no     ; --                   ; --               ; --                        ;
; etch_a_sketch:game_logic|input_matrix[318][1]~249                     ; MLABCELL_X42_Y10_N33 ; 3       ; Clock enable              ; no     ; --                   ; --               ; --                        ;
; etch_a_sketch:game_logic|input_matrix[319][1]~505                     ; LABCELL_X35_Y7_N54   ; 3       ; Clock enable              ; no     ; --                   ; --               ; --                        ;
; etch_a_sketch:game_logic|input_matrix[31][1]~1019                     ; LABCELL_X48_Y7_N45   ; 3       ; Clock enable              ; no     ; --                   ; --               ; --                        ;
; etch_a_sketch:game_logic|input_matrix[320][1]~3                       ; MLABCELL_X42_Y14_N57 ; 3       ; Clock enable              ; no     ; --                   ; --               ; --                        ;
; etch_a_sketch:game_logic|input_matrix[321][0]~259                     ; LABCELL_X28_Y11_N48  ; 3       ; Clock enable              ; no     ; --                   ; --               ; --                        ;
; etch_a_sketch:game_logic|input_matrix[322][0]~11                      ; LABCELL_X40_Y14_N6   ; 3       ; Clock enable              ; no     ; --                   ; --               ; --                        ;
; etch_a_sketch:game_logic|input_matrix[323][1]~267                     ; LABCELL_X27_Y13_N12  ; 3       ; Clock enable              ; no     ; --                   ; --               ; --                        ;
; etch_a_sketch:game_logic|input_matrix[324][2]~35                      ; LABCELL_X38_Y12_N6   ; 3       ; Clock enable              ; no     ; --                   ; --               ; --                        ;
; etch_a_sketch:game_logic|input_matrix[325][2]~291                     ; LABCELL_X33_Y7_N42   ; 3       ; Clock enable              ; no     ; --                   ; --               ; --                        ;
; etch_a_sketch:game_logic|input_matrix[326][2]~43                      ; LABCELL_X30_Y11_N0   ; 3       ; Clock enable              ; no     ; --                   ; --               ; --                        ;
; etch_a_sketch:game_logic|input_matrix[327][1]~299                     ; LABCELL_X38_Y9_N57   ; 3       ; Clock enable              ; no     ; --                   ; --               ; --                        ;
; etch_a_sketch:game_logic|input_matrix[328][2]~131                     ; MLABCELL_X37_Y14_N51 ; 3       ; Clock enable              ; no     ; --                   ; --               ; --                        ;
; etch_a_sketch:game_logic|input_matrix[329][2]~387                     ; LABCELL_X28_Y12_N42  ; 3       ; Clock enable              ; no     ; --                   ; --               ; --                        ;
; etch_a_sketch:game_logic|input_matrix[32][1]~905                      ; LABCELL_X53_Y6_N15   ; 3       ; Clock enable              ; no     ; --                   ; --               ; --                        ;
; etch_a_sketch:game_logic|input_matrix[330][2]~163                     ; MLABCELL_X32_Y14_N36 ; 3       ; Clock enable              ; no     ; --                   ; --               ; --                        ;
; etch_a_sketch:game_logic|input_matrix[331][1]~419                     ; LABCELL_X27_Y10_N42  ; 3       ; Clock enable              ; no     ; --                   ; --               ; --                        ;
; etch_a_sketch:game_logic|input_matrix[332][1]~139                     ; LABCELL_X36_Y11_N45  ; 3       ; Clock enable              ; no     ; --                   ; --               ; --                        ;
; etch_a_sketch:game_logic|input_matrix[333][1]~395                     ; LABCELL_X27_Y7_N39   ; 3       ; Clock enable              ; no     ; --                   ; --               ; --                        ;
; etch_a_sketch:game_logic|input_matrix[334][1]~171                     ; LABCELL_X40_Y13_N0   ; 3       ; Clock enable              ; no     ; --                   ; --               ; --                        ;
; etch_a_sketch:game_logic|input_matrix[335][1]~427                     ; LABCELL_X36_Y9_N42   ; 3       ; Clock enable              ; no     ; --                   ; --               ; --                        ;
; etch_a_sketch:game_logic|input_matrix[336][1]~19                      ; LABCELL_X43_Y13_N6   ; 3       ; Clock enable              ; no     ; --                   ; --               ; --                        ;
; etch_a_sketch:game_logic|input_matrix[337][1]~275                     ; LABCELL_X27_Y9_N42   ; 3       ; Clock enable              ; no     ; --                   ; --               ; --                        ;
; etch_a_sketch:game_logic|input_matrix[338][1]~27                      ; LABCELL_X40_Y12_N57  ; 3       ; Clock enable              ; no     ; --                   ; --               ; --                        ;
; etch_a_sketch:game_logic|input_matrix[339][0]~283                     ; LABCELL_X31_Y11_N12  ; 3       ; Clock enable              ; no     ; --                   ; --               ; --                        ;
; etch_a_sketch:game_logic|input_matrix[33][1]~909                      ; LABCELL_X53_Y6_N54   ; 3       ; Clock enable              ; no     ; --                   ; --               ; --                        ;
; etch_a_sketch:game_logic|input_matrix[340][2]~51                      ; LABCELL_X35_Y13_N21  ; 3       ; Clock enable              ; no     ; --                   ; --               ; --                        ;
; etch_a_sketch:game_logic|input_matrix[341][1]~307                     ; LABCELL_X30_Y7_N57   ; 3       ; Clock enable              ; no     ; --                   ; --               ; --                        ;
; etch_a_sketch:game_logic|input_matrix[342][0]~59                      ; LABCELL_X40_Y9_N30   ; 3       ; Clock enable              ; no     ; --                   ; --               ; --                        ;
; etch_a_sketch:game_logic|input_matrix[343][2]~315                     ; MLABCELL_X37_Y7_N24  ; 3       ; Clock enable              ; no     ; --                   ; --               ; --                        ;
; etch_a_sketch:game_logic|input_matrix[344][2]~195                     ; LABCELL_X31_Y14_N48  ; 3       ; Clock enable              ; no     ; --                   ; --               ; --                        ;
; etch_a_sketch:game_logic|input_matrix[345][0]~451                     ; LABCELL_X48_Y12_N27  ; 3       ; Clock enable              ; no     ; --                   ; --               ; --                        ;
; etch_a_sketch:game_logic|input_matrix[346][0]~227                     ; MLABCELL_X37_Y14_N42 ; 3       ; Clock enable              ; no     ; --                   ; --               ; --                        ;
; etch_a_sketch:game_logic|input_matrix[347][0]~483                     ; LABCELL_X40_Y10_N54  ; 3       ; Clock enable              ; no     ; --                   ; --               ; --                        ;
; etch_a_sketch:game_logic|input_matrix[348][0]~203                     ; LABCELL_X31_Y12_N9   ; 3       ; Clock enable              ; no     ; --                   ; --               ; --                        ;
; etch_a_sketch:game_logic|input_matrix[349][0]~459                     ; MLABCELL_X32_Y7_N36  ; 3       ; Clock enable              ; no     ; --                   ; --               ; --                        ;
; etch_a_sketch:game_logic|input_matrix[34][1]~969                      ; LABCELL_X51_Y6_N33   ; 3       ; Clock enable              ; no     ; --                   ; --               ; --                        ;
; etch_a_sketch:game_logic|input_matrix[350][0]~235                     ; LABCELL_X35_Y10_N54  ; 3       ; Clock enable              ; no     ; --                   ; --               ; --                        ;
; etch_a_sketch:game_logic|input_matrix[351][2]~491                     ; LABCELL_X36_Y7_N51   ; 3       ; Clock enable              ; no     ; --                   ; --               ; --                        ;
; etch_a_sketch:game_logic|input_matrix[352][0]~67                      ; LABCELL_X35_Y6_N21   ; 3       ; Clock enable              ; no     ; --                   ; --               ; --                        ;
; etch_a_sketch:game_logic|input_matrix[353][0]~323                     ; LABCELL_X31_Y4_N42   ; 3       ; Clock enable              ; no     ; --                   ; --               ; --                        ;
; etch_a_sketch:game_logic|input_matrix[354][0]~75                      ; MLABCELL_X37_Y5_N39  ; 3       ; Clock enable              ; no     ; --                   ; --               ; --                        ;
; etch_a_sketch:game_logic|input_matrix[355][0]~331                     ; LABCELL_X35_Y4_N57   ; 3       ; Clock enable              ; no     ; --                   ; --               ; --                        ;
; etch_a_sketch:game_logic|input_matrix[356][0]~99                      ; LABCELL_X30_Y13_N42  ; 3       ; Clock enable              ; no     ; --                   ; --               ; --                        ;
; etch_a_sketch:game_logic|input_matrix[357][0]~355                     ; LABCELL_X35_Y6_N24   ; 3       ; Clock enable              ; no     ; --                   ; --               ; --                        ;
; etch_a_sketch:game_logic|input_matrix[358][0]~107                     ; LABCELL_X35_Y9_N42   ; 3       ; Clock enable              ; no     ; --                   ; --               ; --                        ;
; etch_a_sketch:game_logic|input_matrix[359][1]~363                     ; MLABCELL_X32_Y5_N3   ; 3       ; Clock enable              ; no     ; --                   ; --               ; --                        ;
; etch_a_sketch:game_logic|input_matrix[35][1]~973                      ; LABCELL_X51_Y6_N30   ; 3       ; Clock enable              ; no     ; --                   ; --               ; --                        ;
; etch_a_sketch:game_logic|input_matrix[360][0]~147                     ; LABCELL_X40_Y8_N12   ; 3       ; Clock enable              ; no     ; --                   ; --               ; --                        ;
; etch_a_sketch:game_logic|input_matrix[361][0]~403                     ; LABCELL_X38_Y6_N18   ; 3       ; Clock enable              ; no     ; --                   ; --               ; --                        ;
; etch_a_sketch:game_logic|input_matrix[362][0]~179                     ; MLABCELL_X32_Y10_N6  ; 3       ; Clock enable              ; no     ; --                   ; --               ; --                        ;
; etch_a_sketch:game_logic|input_matrix[363][1]~435                     ; LABCELL_X36_Y13_N18  ; 3       ; Clock enable              ; no     ; --                   ; --               ; --                        ;
; etch_a_sketch:game_logic|input_matrix[364][0]~155                     ; LABCELL_X41_Y11_N33  ; 3       ; Clock enable              ; no     ; --                   ; --               ; --                        ;
; etch_a_sketch:game_logic|input_matrix[365][0]~411                     ; LABCELL_X33_Y6_N30   ; 3       ; Clock enable              ; no     ; --                   ; --               ; --                        ;
; etch_a_sketch:game_logic|input_matrix[366][2]~187                     ; MLABCELL_X42_Y13_N48 ; 3       ; Clock enable              ; no     ; --                   ; --               ; --                        ;
; etch_a_sketch:game_logic|input_matrix[367][1]~443                     ; MLABCELL_X32_Y5_N6   ; 3       ; Clock enable              ; no     ; --                   ; --               ; --                        ;
; etch_a_sketch:game_logic|input_matrix[368][1]~83                      ; LABCELL_X33_Y3_N6    ; 3       ; Clock enable              ; no     ; --                   ; --               ; --                        ;
; etch_a_sketch:game_logic|input_matrix[369][2]~339                     ; LABCELL_X27_Y4_N39   ; 3       ; Clock enable              ; no     ; --                   ; --               ; --                        ;
; etch_a_sketch:game_logic|input_matrix[36][2]~907                      ; LABCELL_X53_Y6_N12   ; 3       ; Clock enable              ; no     ; --                   ; --               ; --                        ;
; etch_a_sketch:game_logic|input_matrix[370][2]~91                      ; LABCELL_X35_Y5_N21   ; 3       ; Clock enable              ; no     ; --                   ; --               ; --                        ;
; etch_a_sketch:game_logic|input_matrix[371][1]~347                     ; MLABCELL_X32_Y4_N51  ; 3       ; Clock enable              ; no     ; --                   ; --               ; --                        ;
; etch_a_sketch:game_logic|input_matrix[372][0]~115                     ; LABCELL_X36_Y13_N12  ; 3       ; Clock enable              ; no     ; --                   ; --               ; --                        ;
; etch_a_sketch:game_logic|input_matrix[373][1]~371                     ; LABCELL_X30_Y6_N3    ; 3       ; Clock enable              ; no     ; --                   ; --               ; --                        ;
; etch_a_sketch:game_logic|input_matrix[374][0]~123                     ; LABCELL_X36_Y8_N57   ; 3       ; Clock enable              ; no     ; --                   ; --               ; --                        ;
; etch_a_sketch:game_logic|input_matrix[375][1]~379                     ; LABCELL_X30_Y5_N21   ; 3       ; Clock enable              ; no     ; --                   ; --               ; --                        ;
; etch_a_sketch:game_logic|input_matrix[376][0]~211                     ; MLABCELL_X32_Y13_N33 ; 3       ; Clock enable              ; no     ; --                   ; --               ; --                        ;
; etch_a_sketch:game_logic|input_matrix[377][0]~467                     ; MLABCELL_X37_Y10_N18 ; 3       ; Clock enable              ; no     ; --                   ; --               ; --                        ;
; etch_a_sketch:game_logic|input_matrix[378][2]~243                     ; LABCELL_X27_Y5_N12   ; 3       ; Clock enable              ; no     ; --                   ; --               ; --                        ;
; etch_a_sketch:game_logic|input_matrix[379][2]~499                     ; MLABCELL_X32_Y4_N42  ; 3       ; Clock enable              ; no     ; --                   ; --               ; --                        ;
; etch_a_sketch:game_logic|input_matrix[37][1]~911                      ; LABCELL_X46_Y4_N0    ; 3       ; Clock enable              ; no     ; --                   ; --               ; --                        ;
; etch_a_sketch:game_logic|input_matrix[380][2]~219                     ; LABCELL_X30_Y12_N48  ; 3       ; Clock enable              ; no     ; --                   ; --               ; --                        ;
; etch_a_sketch:game_logic|input_matrix[381][0]~475                     ; MLABCELL_X32_Y8_N12  ; 3       ; Clock enable              ; no     ; --                   ; --               ; --                        ;
; etch_a_sketch:game_logic|input_matrix[382][2]~251                     ; LABCELL_X38_Y10_N0   ; 3       ; Clock enable              ; no     ; --                   ; --               ; --                        ;
; etch_a_sketch:game_logic|input_matrix[383][2]~507                     ; MLABCELL_X32_Y5_N0   ; 3       ; Clock enable              ; no     ; --                   ; --               ; --                        ;
; etch_a_sketch:game_logic|input_matrix[384][0]~5                       ; MLABCELL_X42_Y14_N39 ; 3       ; Clock enable              ; no     ; --                   ; --               ; --                        ;
; etch_a_sketch:game_logic|input_matrix[385][0]~261                     ; MLABCELL_X25_Y3_N33  ; 3       ; Clock enable              ; no     ; --                   ; --               ; --                        ;
; etch_a_sketch:game_logic|input_matrix[386][0]~13                      ; LABCELL_X41_Y12_N6   ; 3       ; Clock enable              ; no     ; --                   ; --               ; --                        ;
; etch_a_sketch:game_logic|input_matrix[387][0]~269                     ; LABCELL_X30_Y11_N42  ; 3       ; Clock enable              ; no     ; --                   ; --               ; --                        ;
; etch_a_sketch:game_logic|input_matrix[388][0]~37                      ; LABCELL_X28_Y12_N9   ; 3       ; Clock enable              ; no     ; --                   ; --               ; --                        ;
; etch_a_sketch:game_logic|input_matrix[389][0]~293                     ; MLABCELL_X32_Y6_N18  ; 3       ; Clock enable              ; no     ; --                   ; --               ; --                        ;
; etch_a_sketch:game_logic|input_matrix[38][1]~971                      ; LABCELL_X51_Y7_N42   ; 3       ; Clock enable              ; no     ; --                   ; --               ; --                        ;
; etch_a_sketch:game_logic|input_matrix[390][0]~45                      ; LABCELL_X33_Y11_N24  ; 3       ; Clock enable              ; no     ; --                   ; --               ; --                        ;
; etch_a_sketch:game_logic|input_matrix[391][0]~301                     ; LABCELL_X38_Y9_N3    ; 3       ; Clock enable              ; no     ; --                   ; --               ; --                        ;
; etch_a_sketch:game_logic|input_matrix[392][0]~133                     ; LABCELL_X36_Y14_N9   ; 3       ; Clock enable              ; no     ; --                   ; --               ; --                        ;
; etch_a_sketch:game_logic|input_matrix[393][0]~389                     ; LABCELL_X28_Y10_N6   ; 3       ; Clock enable              ; no     ; --                   ; --               ; --                        ;
; etch_a_sketch:game_logic|input_matrix[394][0]~165                     ; LABCELL_X28_Y10_N9   ; 3       ; Clock enable              ; no     ; --                   ; --               ; --                        ;
; etch_a_sketch:game_logic|input_matrix[395][0]~421                     ; LABCELL_X28_Y10_N27  ; 3       ; Clock enable              ; no     ; --                   ; --               ; --                        ;
; etch_a_sketch:game_logic|input_matrix[396][0]~141                     ; LABCELL_X38_Y11_N33  ; 3       ; Clock enable              ; no     ; --                   ; --               ; --                        ;
; etch_a_sketch:game_logic|input_matrix[397][0]~397                     ; LABCELL_X27_Y7_N21   ; 3       ; Clock enable              ; no     ; --                   ; --               ; --                        ;
; etch_a_sketch:game_logic|input_matrix[398][0]~173                     ; LABCELL_X40_Y13_N39  ; 3       ; Clock enable              ; no     ; --                   ; --               ; --                        ;
; etch_a_sketch:game_logic|input_matrix[399][0]~429                     ; MLABCELL_X37_Y6_N27  ; 3       ; Clock enable              ; no     ; --                   ; --               ; --                        ;
; etch_a_sketch:game_logic|input_matrix[39][0]~975                      ; LABCELL_X46_Y4_N21   ; 3       ; Clock enable              ; no     ; --                   ; --               ; --                        ;
; etch_a_sketch:game_logic|input_matrix[3][1]~965                       ; LABCELL_X43_Y10_N54  ; 3       ; Clock enable              ; no     ; --                   ; --               ; --                        ;
; etch_a_sketch:game_logic|input_matrix[400][1]~21                      ; MLABCELL_X42_Y13_N27 ; 3       ; Clock enable              ; no     ; --                   ; --               ; --                        ;
; etch_a_sketch:game_logic|input_matrix[401][2]~277                     ; MLABCELL_X25_Y3_N21  ; 3       ; Clock enable              ; no     ; --                   ; --               ; --                        ;
; etch_a_sketch:game_logic|input_matrix[402][0]~29                      ; LABCELL_X40_Y12_N45  ; 3       ; Clock enable              ; no     ; --                   ; --               ; --                        ;
; etch_a_sketch:game_logic|input_matrix[403][2]~285                     ; LABCELL_X31_Y13_N0   ; 3       ; Clock enable              ; no     ; --                   ; --               ; --                        ;
; etch_a_sketch:game_logic|input_matrix[404][2]~53                      ; LABCELL_X35_Y13_N45  ; 3       ; Clock enable              ; no     ; --                   ; --               ; --                        ;
; etch_a_sketch:game_logic|input_matrix[405][2]~309                     ; LABCELL_X30_Y7_N27   ; 3       ; Clock enable              ; no     ; --                   ; --               ; --                        ;
; etch_a_sketch:game_logic|input_matrix[406][2]~61                      ; LABCELL_X36_Y8_N33   ; 3       ; Clock enable              ; no     ; --                   ; --               ; --                        ;
; etch_a_sketch:game_logic|input_matrix[407][2]~317                     ; MLABCELL_X37_Y7_N9   ; 3       ; Clock enable              ; no     ; --                   ; --               ; --                        ;
; etch_a_sketch:game_logic|input_matrix[408][2]~197                     ; LABCELL_X31_Y13_N9   ; 3       ; Clock enable              ; no     ; --                   ; --               ; --                        ;
; etch_a_sketch:game_logic|input_matrix[409][0]~453                     ; MLABCELL_X42_Y12_N9  ; 3       ; Clock enable              ; no     ; --                   ; --               ; --                        ;
; etch_a_sketch:game_logic|input_matrix[40][2]~921                      ; LABCELL_X51_Y12_N39  ; 3       ; Clock enable              ; no     ; --                   ; --               ; --                        ;
; etch_a_sketch:game_logic|input_matrix[410][2]~229                     ; LABCELL_X36_Y12_N45  ; 3       ; Clock enable              ; no     ; --                   ; --               ; --                        ;
; etch_a_sketch:game_logic|input_matrix[411][2]~485                     ; MLABCELL_X37_Y12_N12 ; 3       ; Clock enable              ; no     ; --                   ; --               ; --                        ;
; etch_a_sketch:game_logic|input_matrix[412][2]~205                     ; LABCELL_X31_Y12_N21  ; 3       ; Clock enable              ; no     ; --                   ; --               ; --                        ;
; etch_a_sketch:game_logic|input_matrix[413][1]~461                     ; MLABCELL_X32_Y7_N57  ; 3       ; Clock enable              ; no     ; --                   ; --               ; --                        ;
; etch_a_sketch:game_logic|input_matrix[414][0]~237                     ; LABCELL_X35_Y10_N39  ; 3       ; Clock enable              ; no     ; --                   ; --               ; --                        ;
; etch_a_sketch:game_logic|input_matrix[415][0]~493                     ; MLABCELL_X37_Y9_N33  ; 3       ; Clock enable              ; no     ; --                   ; --               ; --                        ;
; etch_a_sketch:game_logic|input_matrix[416][1]~69                      ; LABCELL_X36_Y5_N3    ; 3       ; Clock enable              ; no     ; --                   ; --               ; --                        ;
; etch_a_sketch:game_logic|input_matrix[417][2]~325                     ; LABCELL_X30_Y4_N21   ; 3       ; Clock enable              ; no     ; --                   ; --               ; --                        ;
; etch_a_sketch:game_logic|input_matrix[418][0]~77                      ; LABCELL_X36_Y5_N45   ; 3       ; Clock enable              ; no     ; --                   ; --               ; --                        ;
; etch_a_sketch:game_logic|input_matrix[419][1]~333                     ; LABCELL_X30_Y4_N39   ; 3       ; Clock enable              ; no     ; --                   ; --               ; --                        ;
; etch_a_sketch:game_logic|input_matrix[41][2]~925                      ; LABCELL_X51_Y12_N42  ; 3       ; Clock enable              ; no     ; --                   ; --               ; --                        ;
; etch_a_sketch:game_logic|input_matrix[420][2]~101                     ; LABCELL_X30_Y11_N54  ; 3       ; Clock enable              ; no     ; --                   ; --               ; --                        ;
; etch_a_sketch:game_logic|input_matrix[421][0]~357                     ; MLABCELL_X32_Y6_N57  ; 3       ; Clock enable              ; no     ; --                   ; --               ; --                        ;
; etch_a_sketch:game_logic|input_matrix[422][1]~109                     ; LABCELL_X41_Y9_N51   ; 3       ; Clock enable              ; no     ; --                   ; --               ; --                        ;
; etch_a_sketch:game_logic|input_matrix[423][2]~365                     ; LABCELL_X30_Y5_N45   ; 3       ; Clock enable              ; no     ; --                   ; --               ; --                        ;
; etch_a_sketch:game_logic|input_matrix[424][0]~149                     ; LABCELL_X40_Y8_N54   ; 3       ; Clock enable              ; no     ; --                   ; --               ; --                        ;
; etch_a_sketch:game_logic|input_matrix[425][0]~405                     ; LABCELL_X38_Y6_N27   ; 3       ; Clock enable              ; no     ; --                   ; --               ; --                        ;
; etch_a_sketch:game_logic|input_matrix[426][2]~181                     ; LABCELL_X33_Y10_N21  ; 3       ; Clock enable              ; no     ; --                   ; --               ; --                        ;
; etch_a_sketch:game_logic|input_matrix[427][2]~437                     ; MLABCELL_X37_Y13_N57 ; 3       ; Clock enable              ; no     ; --                   ; --               ; --                        ;
; etch_a_sketch:game_logic|input_matrix[428][2]~157                     ; LABCELL_X33_Y11_N54  ; 3       ; Clock enable              ; no     ; --                   ; --               ; --                        ;
; etch_a_sketch:game_logic|input_matrix[429][2]~413                     ; LABCELL_X33_Y6_N9    ; 3       ; Clock enable              ; no     ; --                   ; --               ; --                        ;
; etch_a_sketch:game_logic|input_matrix[42][1]~985                      ; LABCELL_X48_Y12_N24  ; 3       ; Clock enable              ; no     ; --                   ; --               ; --                        ;
; etch_a_sketch:game_logic|input_matrix[430][2]~189                     ; MLABCELL_X42_Y13_N57 ; 3       ; Clock enable              ; no     ; --                   ; --               ; --                        ;
; etch_a_sketch:game_logic|input_matrix[431][2]~445                     ; LABCELL_X33_Y5_N9    ; 3       ; Clock enable              ; no     ; --                   ; --               ; --                        ;
; etch_a_sketch:game_logic|input_matrix[432][0]~85                      ; MLABCELL_X32_Y3_N21  ; 3       ; Clock enable              ; no     ; --                   ; --               ; --                        ;
; etch_a_sketch:game_logic|input_matrix[433][1]~341                     ; LABCELL_X27_Y4_N9    ; 3       ; Clock enable              ; no     ; --                   ; --               ; --                        ;
; etch_a_sketch:game_logic|input_matrix[434][1]~93                      ; LABCELL_X36_Y5_N27   ; 3       ; Clock enable              ; no     ; --                   ; --               ; --                        ;
; etch_a_sketch:game_logic|input_matrix[435][2]~349                     ; LABCELL_X28_Y4_N12   ; 3       ; Clock enable              ; no     ; --                   ; --               ; --                        ;
; etch_a_sketch:game_logic|input_matrix[436][0]~117                     ; LABCELL_X33_Y13_N21  ; 3       ; Clock enable              ; no     ; --                   ; --               ; --                        ;
; etch_a_sketch:game_logic|input_matrix[437][2]~373                     ; LABCELL_X31_Y5_N57   ; 3       ; Clock enable              ; no     ; --                   ; --               ; --                        ;
; etch_a_sketch:game_logic|input_matrix[438][1]~125                     ; MLABCELL_X37_Y6_N3   ; 3       ; Clock enable              ; no     ; --                   ; --               ; --                        ;
; etch_a_sketch:game_logic|input_matrix[439][1]~381                     ; LABCELL_X30_Y5_N9    ; 3       ; Clock enable              ; no     ; --                   ; --               ; --                        ;
; etch_a_sketch:game_logic|input_matrix[43][0]~989                      ; LABCELL_X48_Y12_N45  ; 3       ; Clock enable              ; no     ; --                   ; --               ; --                        ;
; etch_a_sketch:game_logic|input_matrix[440][1]~213                     ; LABCELL_X33_Y12_N39  ; 3       ; Clock enable              ; no     ; --                   ; --               ; --                        ;
; etch_a_sketch:game_logic|input_matrix[441][1]~469                     ; MLABCELL_X37_Y10_N15 ; 3       ; Clock enable              ; no     ; --                   ; --               ; --                        ;
; etch_a_sketch:game_logic|input_matrix[442][0]~245                     ; LABCELL_X28_Y3_N3    ; 3       ; Clock enable              ; no     ; --                   ; --               ; --                        ;
; etch_a_sketch:game_logic|input_matrix[443][0]~501                     ; LABCELL_X33_Y4_N9    ; 3       ; Clock enable              ; no     ; --                   ; --               ; --                        ;
; etch_a_sketch:game_logic|input_matrix[444][2]~221                     ; LABCELL_X30_Y12_N39  ; 3       ; Clock enable              ; no     ; --                   ; --               ; --                        ;
; etch_a_sketch:game_logic|input_matrix[445][2]~477                     ; LABCELL_X33_Y8_N36   ; 3       ; Clock enable              ; no     ; --                   ; --               ; --                        ;
; etch_a_sketch:game_logic|input_matrix[446][0]~253                     ; LABCELL_X38_Y10_N45  ; 3       ; Clock enable              ; no     ; --                   ; --               ; --                        ;
; etch_a_sketch:game_logic|input_matrix[447][0]~509                     ; LABCELL_X31_Y5_N27   ; 3       ; Clock enable              ; no     ; --                   ; --               ; --                        ;
; etch_a_sketch:game_logic|input_matrix[448][1]~7                       ; MLABCELL_X42_Y14_N42 ; 3       ; Clock enable              ; no     ; --                   ; --               ; --                        ;
; etch_a_sketch:game_logic|input_matrix[449][0]~263                     ; LABCELL_X28_Y11_N54  ; 3       ; Clock enable              ; no     ; --                   ; --               ; --                        ;
; etch_a_sketch:game_logic|input_matrix[44][1]~923                      ; LABCELL_X53_Y11_N6   ; 3       ; Clock enable              ; no     ; --                   ; --               ; --                        ;
; etch_a_sketch:game_logic|input_matrix[450][2]~15                      ; LABCELL_X41_Y12_N54  ; 3       ; Clock enable              ; no     ; --                   ; --               ; --                        ;
; etch_a_sketch:game_logic|input_matrix[451][2]~271                     ; LABCELL_X27_Y13_N45  ; 3       ; Clock enable              ; no     ; --                   ; --               ; --                        ;
; etch_a_sketch:game_logic|input_matrix[452][1]~39                      ; LABCELL_X38_Y12_N27  ; 3       ; Clock enable              ; no     ; --                   ; --               ; --                        ;
; etch_a_sketch:game_logic|input_matrix[453][2]~295                     ; LABCELL_X33_Y7_N3    ; 3       ; Clock enable              ; no     ; --                   ; --               ; --                        ;
; etch_a_sketch:game_logic|input_matrix[454][1]~47                      ; MLABCELL_X32_Y11_N54 ; 3       ; Clock enable              ; no     ; --                   ; --               ; --                        ;
; etch_a_sketch:game_logic|input_matrix[455][1]~303                     ; LABCELL_X41_Y7_N24   ; 3       ; Clock enable              ; no     ; --                   ; --               ; --                        ;
; etch_a_sketch:game_logic|input_matrix[456][0]~135                     ; LABCELL_X36_Y14_N54  ; 3       ; Clock enable              ; no     ; --                   ; --               ; --                        ;
; etch_a_sketch:game_logic|input_matrix[457][1]~391                     ; LABCELL_X28_Y12_N48  ; 3       ; Clock enable              ; no     ; --                   ; --               ; --                        ;
; etch_a_sketch:game_logic|input_matrix[458][0]~167                     ; MLABCELL_X32_Y14_N21 ; 3       ; Clock enable              ; no     ; --                   ; --               ; --                        ;
; etch_a_sketch:game_logic|input_matrix[459][0]~423                     ; LABCELL_X27_Y10_N45  ; 3       ; Clock enable              ; no     ; --                   ; --               ; --                        ;
; etch_a_sketch:game_logic|input_matrix[45][1]~927                      ; LABCELL_X51_Y11_N48  ; 3       ; Clock enable              ; no     ; --                   ; --               ; --                        ;
; etch_a_sketch:game_logic|input_matrix[460][0]~143                     ; LABCELL_X36_Y11_N42  ; 3       ; Clock enable              ; no     ; --                   ; --               ; --                        ;
; etch_a_sketch:game_logic|input_matrix[461][0]~399                     ; LABCELL_X27_Y7_N42   ; 3       ; Clock enable              ; no     ; --                   ; --               ; --                        ;
; etch_a_sketch:game_logic|input_matrix[462][1]~175                     ; LABCELL_X40_Y13_N45  ; 3       ; Clock enable              ; no     ; --                   ; --               ; --                        ;
; etch_a_sketch:game_logic|input_matrix[463][2]~431                     ; LABCELL_X36_Y9_N0    ; 3       ; Clock enable              ; no     ; --                   ; --               ; --                        ;
; etch_a_sketch:game_logic|input_matrix[464][0]~23                      ; LABCELL_X43_Y13_N27  ; 3       ; Clock enable              ; no     ; --                   ; --               ; --                        ;
; etch_a_sketch:game_logic|input_matrix[465][0]~279                     ; LABCELL_X27_Y9_N45   ; 3       ; Clock enable              ; no     ; --                   ; --               ; --                        ;
; etch_a_sketch:game_logic|input_matrix[466][0]~31                      ; LABCELL_X40_Y12_N54  ; 3       ; Clock enable              ; no     ; --                   ; --               ; --                        ;
; etch_a_sketch:game_logic|input_matrix[467][2]~287                     ; LABCELL_X31_Y11_N57  ; 3       ; Clock enable              ; no     ; --                   ; --               ; --                        ;
; etch_a_sketch:game_logic|input_matrix[468][1]~55                      ; LABCELL_X35_Y13_N18  ; 3       ; Clock enable              ; no     ; --                   ; --               ; --                        ;
; etch_a_sketch:game_logic|input_matrix[469][2]~311                     ; MLABCELL_X32_Y7_N39  ; 3       ; Clock enable              ; no     ; --                   ; --               ; --                        ;
; etch_a_sketch:game_logic|input_matrix[46][1]~987                      ; MLABCELL_X42_Y13_N51 ; 3       ; Clock enable              ; no     ; --                   ; --               ; --                        ;
; etch_a_sketch:game_logic|input_matrix[470][2]~63                      ; MLABCELL_X37_Y8_N21  ; 3       ; Clock enable              ; no     ; --                   ; --               ; --                        ;
; etch_a_sketch:game_logic|input_matrix[471][1]~319                     ; MLABCELL_X37_Y7_N27  ; 3       ; Clock enable              ; no     ; --                   ; --               ; --                        ;
; etch_a_sketch:game_logic|input_matrix[472][2]~199                     ; LABCELL_X31_Y14_N54  ; 3       ; Clock enable              ; no     ; --                   ; --               ; --                        ;
; etch_a_sketch:game_logic|input_matrix[473][1]~455                     ; MLABCELL_X42_Y12_N30 ; 3       ; Clock enable              ; no     ; --                   ; --               ; --                        ;
; etch_a_sketch:game_logic|input_matrix[474][1]~231                     ; LABCELL_X36_Y12_N48  ; 3       ; Clock enable              ; no     ; --                   ; --               ; --                        ;
; etch_a_sketch:game_logic|input_matrix[475][1]~487                     ; LABCELL_X40_Y10_N57  ; 3       ; Clock enable              ; no     ; --                   ; --               ; --                        ;
; etch_a_sketch:game_logic|input_matrix[476][1]~207                     ; LABCELL_X31_Y12_N27  ; 3       ; Clock enable              ; no     ; --                   ; --               ; --                        ;
; etch_a_sketch:game_logic|input_matrix[477][1]~463                     ; MLABCELL_X32_Y7_N21  ; 3       ; Clock enable              ; no     ; --                   ; --               ; --                        ;
; etch_a_sketch:game_logic|input_matrix[478][1]~239                     ; LABCELL_X35_Y10_N57  ; 3       ; Clock enable              ; no     ; --                   ; --               ; --                        ;
; etch_a_sketch:game_logic|input_matrix[479][2]~495                     ; LABCELL_X36_Y7_N54   ; 3       ; Clock enable              ; no     ; --                   ; --               ; --                        ;
; etch_a_sketch:game_logic|input_matrix[47][1]~991                      ; LABCELL_X54_Y11_N45  ; 3       ; Clock enable              ; no     ; --                   ; --               ; --                        ;
; etch_a_sketch:game_logic|input_matrix[480][0]~71                      ; LABCELL_X36_Y6_N27   ; 3       ; Clock enable              ; no     ; --                   ; --               ; --                        ;
; etch_a_sketch:game_logic|input_matrix[481][2]~327                     ; LABCELL_X31_Y4_N3    ; 3       ; Clock enable              ; no     ; --                   ; --               ; --                        ;
; etch_a_sketch:game_logic|input_matrix[482][2]~79                      ; MLABCELL_X37_Y5_N54  ; 3       ; Clock enable              ; no     ; --                   ; --               ; --                        ;
; etch_a_sketch:game_logic|input_matrix[483][2]~335                     ; LABCELL_X35_Y4_N54   ; 3       ; Clock enable              ; no     ; --                   ; --               ; --                        ;
; etch_a_sketch:game_logic|input_matrix[484][0]~103                     ; LABCELL_X30_Y13_N3   ; 3       ; Clock enable              ; no     ; --                   ; --               ; --                        ;
; etch_a_sketch:game_logic|input_matrix[485][1]~359                     ; LABCELL_X35_Y6_N54   ; 3       ; Clock enable              ; no     ; --                   ; --               ; --                        ;
; etch_a_sketch:game_logic|input_matrix[486][1]~111                     ; LABCELL_X35_Y9_N45   ; 3       ; Clock enable              ; no     ; --                   ; --               ; --                        ;
; etch_a_sketch:game_logic|input_matrix[487][2]~367                     ; LABCELL_X31_Y3_N57   ; 3       ; Clock enable              ; no     ; --                   ; --               ; --                        ;
; etch_a_sketch:game_logic|input_matrix[488][2]~151                     ; LABCELL_X41_Y8_N33   ; 3       ; Clock enable              ; no     ; --                   ; --               ; --                        ;
; etch_a_sketch:game_logic|input_matrix[489][2]~407                     ; LABCELL_X38_Y6_N21   ; 3       ; Clock enable              ; no     ; --                   ; --               ; --                        ;
; etch_a_sketch:game_logic|input_matrix[48][1]~937                      ; LABCELL_X46_Y5_N12   ; 3       ; Clock enable              ; no     ; --                   ; --               ; --                        ;
; etch_a_sketch:game_logic|input_matrix[490][0]~183                     ; LABCELL_X33_Y10_N15  ; 3       ; Clock enable              ; no     ; --                   ; --               ; --                        ;
; etch_a_sketch:game_logic|input_matrix[491][0]~439                     ; MLABCELL_X37_Y10_N21 ; 3       ; Clock enable              ; no     ; --                   ; --               ; --                        ;
; etch_a_sketch:game_logic|input_matrix[492][0]~159                     ; LABCELL_X41_Y11_N0   ; 3       ; Clock enable              ; no     ; --                   ; --               ; --                        ;
; etch_a_sketch:game_logic|input_matrix[493][0]~415                     ; LABCELL_X33_Y8_N51   ; 3       ; Clock enable              ; no     ; --                   ; --               ; --                        ;
; etch_a_sketch:game_logic|input_matrix[494][0]~191                     ; MLABCELL_X42_Y13_N30 ; 3       ; Clock enable              ; no     ; --                   ; --               ; --                        ;
; etch_a_sketch:game_logic|input_matrix[495][0]~447                     ; LABCELL_X33_Y5_N57   ; 3       ; Clock enable              ; no     ; --                   ; --               ; --                        ;
; etch_a_sketch:game_logic|input_matrix[496][1]~87                      ; LABCELL_X33_Y3_N0    ; 3       ; Clock enable              ; no     ; --                   ; --               ; --                        ;
; etch_a_sketch:game_logic|input_matrix[497][1]~343                     ; LABCELL_X27_Y4_N54   ; 3       ; Clock enable              ; no     ; --                   ; --               ; --                        ;
; etch_a_sketch:game_logic|input_matrix[498][1]~95                      ; LABCELL_X41_Y5_N18   ; 3       ; Clock enable              ; no     ; --                   ; --               ; --                        ;
; etch_a_sketch:game_logic|input_matrix[499][1]~351                     ; LABCELL_X28_Y4_N45   ; 3       ; Clock enable              ; no     ; --                   ; --               ; --                        ;
; etch_a_sketch:game_logic|input_matrix[49][1]~941                      ; LABCELL_X43_Y7_N42   ; 3       ; Clock enable              ; no     ; --                   ; --               ; --                        ;
; etch_a_sketch:game_logic|input_matrix[4][1]~899                       ; LABCELL_X41_Y8_N30   ; 3       ; Clock enable              ; no     ; --                   ; --               ; --                        ;
; etch_a_sketch:game_logic|input_matrix[500][1]~119                     ; LABCELL_X33_Y13_N54  ; 3       ; Clock enable              ; no     ; --                   ; --               ; --                        ;
; etch_a_sketch:game_logic|input_matrix[501][1]~375                     ; LABCELL_X30_Y6_N12   ; 3       ; Clock enable              ; no     ; --                   ; --               ; --                        ;
; etch_a_sketch:game_logic|input_matrix[502][1]~127                     ; LABCELL_X36_Y8_N54   ; 3       ; Clock enable              ; no     ; --                   ; --               ; --                        ;
; etch_a_sketch:game_logic|input_matrix[503][1]~383                     ; LABCELL_X30_Y5_N18   ; 3       ; Clock enable              ; no     ; --                   ; --               ; --                        ;
; etch_a_sketch:game_logic|input_matrix[504][0]~215                     ; LABCELL_X33_Y12_N57  ; 3       ; Clock enable              ; no     ; --                   ; --               ; --                        ;
; etch_a_sketch:game_logic|input_matrix[505][2]~471                     ; LABCELL_X36_Y10_N54  ; 3       ; Clock enable              ; no     ; --                   ; --               ; --                        ;
; etch_a_sketch:game_logic|input_matrix[506][1]~247                     ; LABCELL_X27_Y5_N9    ; 3       ; Clock enable              ; no     ; --                   ; --               ; --                        ;
; etch_a_sketch:game_logic|input_matrix[507][1]~503                     ; LABCELL_X33_Y4_N54   ; 3       ; Clock enable              ; no     ; --                   ; --               ; --                        ;
; etch_a_sketch:game_logic|input_matrix[508][1]~223                     ; LABCELL_X30_Y12_N54  ; 3       ; Clock enable              ; no     ; --                   ; --               ; --                        ;
; etch_a_sketch:game_logic|input_matrix[509][1]~479                     ; MLABCELL_X32_Y8_N57  ; 3       ; Clock enable              ; no     ; --                   ; --               ; --                        ;
; etch_a_sketch:game_logic|input_matrix[50][2]~997                      ; LABCELL_X46_Y7_N57   ; 3       ; Clock enable              ; no     ; --                   ; --               ; --                        ;
; etch_a_sketch:game_logic|input_matrix[510][0]~255                     ; LABCELL_X38_Y10_N3   ; 3       ; Clock enable              ; no     ; --                   ; --               ; --                        ;
; etch_a_sketch:game_logic|input_matrix[511][0]~511                     ; LABCELL_X35_Y7_N57   ; 3       ; Clock enable              ; no     ; --                   ; --               ; --                        ;
; etch_a_sketch:game_logic|input_matrix[51][2]~1005                     ; LABCELL_X46_Y6_N15   ; 3       ; Clock enable              ; no     ; --                   ; --               ; --                        ;
; etch_a_sketch:game_logic|input_matrix[52][2]~939                      ; LABCELL_X45_Y9_N39   ; 3       ; Clock enable              ; no     ; --                   ; --               ; --                        ;
; etch_a_sketch:game_logic|input_matrix[53][2]~943                      ; LABCELL_X43_Y7_N45   ; 3       ; Clock enable              ; no     ; --                   ; --               ; --                        ;
; etch_a_sketch:game_logic|input_matrix[54][1]~999                      ; LABCELL_X46_Y7_N54   ; 3       ; Clock enable              ; no     ; --                   ; --               ; --                        ;
; etch_a_sketch:game_logic|input_matrix[55][2]~1007                     ; LABCELL_X46_Y6_N54   ; 3       ; Clock enable              ; no     ; --                   ; --               ; --                        ;
; etch_a_sketch:game_logic|input_matrix[56][0]~953                      ; LABCELL_X45_Y9_N54   ; 3       ; Clock enable              ; no     ; --                   ; --               ; --                        ;
; etch_a_sketch:game_logic|input_matrix[57][0]~957                      ; LABCELL_X45_Y9_N57   ; 3       ; Clock enable              ; no     ; --                   ; --               ; --                        ;
; etch_a_sketch:game_logic|input_matrix[58][2]~1013                     ; MLABCELL_X47_Y7_N3   ; 3       ; Clock enable              ; no     ; --                   ; --               ; --                        ;
; etch_a_sketch:game_logic|input_matrix[59][2]~1021                     ; LABCELL_X45_Y9_N36   ; 3       ; Clock enable              ; no     ; --                   ; --               ; --                        ;
; etch_a_sketch:game_logic|input_matrix[5][0]~903                       ; LABCELL_X46_Y4_N18   ; 3       ; Clock enable              ; no     ; --                   ; --               ; --                        ;
; etch_a_sketch:game_logic|input_matrix[60][2]~955                      ; LABCELL_X43_Y12_N6   ; 3       ; Clock enable              ; no     ; --                   ; --               ; --                        ;
; etch_a_sketch:game_logic|input_matrix[61][2]~959                      ; MLABCELL_X42_Y10_N57 ; 3       ; Clock enable              ; no     ; --                   ; --               ; --                        ;
; etch_a_sketch:game_logic|input_matrix[62][2]~1015                     ; LABCELL_X40_Y7_N18   ; 3       ; Clock enable              ; no     ; --                   ; --               ; --                        ;
; etch_a_sketch:game_logic|input_matrix[63][0]~1023                     ; LABCELL_X45_Y7_N57   ; 3       ; Clock enable              ; no     ; --                   ; --               ; --                        ;
; etch_a_sketch:game_logic|input_matrix[64][0]~769                      ; MLABCELL_X47_Y9_N36  ; 3       ; Clock enable              ; no     ; --                   ; --               ; --                        ;
; etch_a_sketch:game_logic|input_matrix[65][2]~833                      ; LABCELL_X46_Y6_N12   ; 3       ; Clock enable              ; no     ; --                   ; --               ; --                        ;
; etch_a_sketch:game_logic|input_matrix[66][2]~801                      ; LABCELL_X43_Y9_N24   ; 3       ; Clock enable              ; no     ; --                   ; --               ; --                        ;
; etch_a_sketch:game_logic|input_matrix[67][1]~865                      ; LABCELL_X43_Y10_N15  ; 3       ; Clock enable              ; no     ; --                   ; --               ; --                        ;
; etch_a_sketch:game_logic|input_matrix[68][1]~771                      ; MLABCELL_X47_Y9_N18  ; 3       ; Clock enable              ; no     ; --                   ; --               ; --                        ;
; etch_a_sketch:game_logic|input_matrix[69][0]~835                      ; MLABCELL_X42_Y9_N0   ; 3       ; Clock enable              ; no     ; --                   ; --               ; --                        ;
; etch_a_sketch:game_logic|input_matrix[6][1]~963                       ; LABCELL_X43_Y8_N9    ; 3       ; Clock enable              ; no     ; --                   ; --               ; --                        ;
; etch_a_sketch:game_logic|input_matrix[70][0]~803                      ; LABCELL_X43_Y11_N54  ; 3       ; Clock enable              ; no     ; --                   ; --               ; --                        ;
; etch_a_sketch:game_logic|input_matrix[71][2]~873                      ; MLABCELL_X42_Y9_N45  ; 3       ; Clock enable              ; no     ; --                   ; --               ; --                        ;
; etch_a_sketch:game_logic|input_matrix[72][2]~773                      ; LABCELL_X53_Y10_N30  ; 3       ; Clock enable              ; no     ; --                   ; --               ; --                        ;
; etch_a_sketch:game_logic|input_matrix[73][2]~837                      ; LABCELL_X46_Y13_N42  ; 3       ; Clock enable              ; no     ; --                   ; --               ; --                        ;
; etch_a_sketch:game_logic|input_matrix[74][2]~805                      ; LABCELL_X46_Y13_N48  ; 3       ; Clock enable              ; no     ; --                   ; --               ; --                        ;
; etch_a_sketch:game_logic|input_matrix[75][2]~867                      ; MLABCELL_X50_Y11_N24 ; 3       ; Clock enable              ; no     ; --                   ; --               ; --                        ;
; etch_a_sketch:game_logic|input_matrix[76][2]~775                      ; MLABCELL_X47_Y9_N21  ; 3       ; Clock enable              ; no     ; --                   ; --               ; --                        ;
; etch_a_sketch:game_logic|input_matrix[77][1]~839                      ; LABCELL_X48_Y13_N12  ; 3       ; Clock enable              ; no     ; --                   ; --               ; --                        ;
; etch_a_sketch:game_logic|input_matrix[78][0]~807                      ; LABCELL_X48_Y11_N21  ; 3       ; Clock enable              ; no     ; --                   ; --               ; --                        ;
; etch_a_sketch:game_logic|input_matrix[79][1]~875                      ; LABCELL_X54_Y11_N24  ; 3       ; Clock enable              ; no     ; --                   ; --               ; --                        ;
; etch_a_sketch:game_logic|input_matrix[7][2]~967                       ; LABCELL_X45_Y6_N18   ; 3       ; Clock enable              ; no     ; --                   ; --               ; --                        ;
; etch_a_sketch:game_logic|input_matrix[80][0]~785                      ; LABCELL_X41_Y9_N30   ; 3       ; Clock enable              ; no     ; --                   ; --               ; --                        ;
; etch_a_sketch:game_logic|input_matrix[81][0]~849                      ; LABCELL_X31_Y9_N27   ; 3       ; Clock enable              ; no     ; --                   ; --               ; --                        ;
; etch_a_sketch:game_logic|input_matrix[82][0]~817                      ; MLABCELL_X42_Y8_N36  ; 3       ; Clock enable              ; no     ; --                   ; --               ; --                        ;
; etch_a_sketch:game_logic|input_matrix[83][0]~869                      ; MLABCELL_X42_Y8_N42  ; 3       ; Clock enable              ; no     ; --                   ; --               ; --                        ;
; etch_a_sketch:game_logic|input_matrix[84][1]~787                      ; LABCELL_X51_Y13_N18  ; 3       ; Clock enable              ; no     ; --                   ; --               ; --                        ;
; etch_a_sketch:game_logic|input_matrix[85][0]~851                      ; MLABCELL_X42_Y9_N42  ; 3       ; Clock enable              ; no     ; --                   ; --               ; --                        ;
; etch_a_sketch:game_logic|input_matrix[86][0]~819                      ; LABCELL_X51_Y11_N51  ; 3       ; Clock enable              ; no     ; --                   ; --               ; --                        ;
; etch_a_sketch:game_logic|input_matrix[87][0]~877                      ; LABCELL_X40_Y9_N54   ; 3       ; Clock enable              ; no     ; --                   ; --               ; --                        ;
; etch_a_sketch:game_logic|input_matrix[88][0]~789                      ; LABCELL_X45_Y10_N42  ; 3       ; Clock enable              ; no     ; --                   ; --               ; --                        ;
; etch_a_sketch:game_logic|input_matrix[89][2]~853                      ; LABCELL_X46_Y12_N54  ; 3       ; Clock enable              ; no     ; --                   ; --               ; --                        ;
; etch_a_sketch:game_logic|input_matrix[8][1]~913                       ; LABCELL_X54_Y10_N24  ; 3       ; Clock enable              ; no     ; --                   ; --               ; --                        ;
; etch_a_sketch:game_logic|input_matrix[90][2]~821                      ; LABCELL_X53_Y10_N27  ; 3       ; Clock enable              ; no     ; --                   ; --               ; --                        ;
; etch_a_sketch:game_logic|input_matrix[91][2]~871                      ; MLABCELL_X50_Y11_N27 ; 3       ; Clock enable              ; no     ; --                   ; --               ; --                        ;
; etch_a_sketch:game_logic|input_matrix[92][0]~791                      ; LABCELL_X54_Y8_N12   ; 3       ; Clock enable              ; no     ; --                   ; --               ; --                        ;
; etch_a_sketch:game_logic|input_matrix[93][0]~855                      ; LABCELL_X54_Y9_N6    ; 3       ; Clock enable              ; no     ; --                   ; --               ; --                        ;
; etch_a_sketch:game_logic|input_matrix[94][0]~823                      ; LABCELL_X54_Y7_N6    ; 3       ; Clock enable              ; no     ; --                   ; --               ; --                        ;
; etch_a_sketch:game_logic|input_matrix[95][2]~879                      ; LABCELL_X49_Y7_N0    ; 3       ; Clock enable              ; no     ; --                   ; --               ; --                        ;
; etch_a_sketch:game_logic|input_matrix[96][0]~777                      ; LABCELL_X49_Y4_N9    ; 3       ; Clock enable              ; no     ; --                   ; --               ; --                        ;
; etch_a_sketch:game_logic|input_matrix[97][0]~841                      ; LABCELL_X48_Y7_N3    ; 3       ; Clock enable              ; no     ; --                   ; --               ; --                        ;
; etch_a_sketch:game_logic|input_matrix[98][0]~809                      ; MLABCELL_X50_Y7_N3   ; 3       ; Clock enable              ; no     ; --                   ; --               ; --                        ;
; etch_a_sketch:game_logic|input_matrix[99][1]~881                      ; LABCELL_X54_Y7_N21   ; 3       ; Clock enable              ; no     ; --                   ; --               ; --                        ;
; etch_a_sketch:game_logic|input_matrix[9][1]~917                       ; LABCELL_X54_Y10_N6   ; 3       ; Clock enable              ; no     ; --                   ; --               ; --                        ;
; led_matrix_ctrl_path:ctrl_path|CE                                     ; LABCELL_X18_Y3_N12   ; 55      ; Clock enable              ; no     ; --                   ; --               ; --                        ;
; led_matrix_ctrl_path:ctrl_path|WideOr7                                ; LABCELL_X18_Y3_N42   ; 33      ; Sync. clear               ; no     ; --                   ; --               ; --                        ;
; led_matrix_data_path:data_path|always2~0                              ; MLABCELL_X6_Y9_N42   ; 21      ; Clock enable              ; no     ; --                   ; --               ; --                        ;
; led_matrix_data_path:data_path|two_port_ram:color_matrix|Decoder0~10  ; LABCELL_X15_Y10_N33  ; 3       ; Clock enable              ; no     ; --                   ; --               ; --                        ;
; led_matrix_data_path:data_path|two_port_ram:color_matrix|Decoder0~100 ; LABCELL_X11_Y14_N48  ; 3       ; Clock enable              ; no     ; --                   ; --               ; --                        ;
; led_matrix_data_path:data_path|two_port_ram:color_matrix|Decoder0~101 ; LABCELL_X9_Y12_N48   ; 3       ; Clock enable              ; no     ; --                   ; --               ; --                        ;
; led_matrix_data_path:data_path|two_port_ram:color_matrix|Decoder0~102 ; LABCELL_X9_Y11_N12   ; 3       ; Clock enable              ; no     ; --                   ; --               ; --                        ;
; led_matrix_data_path:data_path|two_port_ram:color_matrix|Decoder0~103 ; LABCELL_X9_Y13_N45   ; 3       ; Clock enable              ; no     ; --                   ; --               ; --                        ;
; led_matrix_data_path:data_path|two_port_ram:color_matrix|Decoder0~104 ; LABCELL_X1_Y7_N42    ; 3       ; Clock enable              ; no     ; --                   ; --               ; --                        ;
; led_matrix_data_path:data_path|two_port_ram:color_matrix|Decoder0~105 ; MLABCELL_X6_Y12_N21  ; 3       ; Clock enable              ; no     ; --                   ; --               ; --                        ;
; led_matrix_data_path:data_path|two_port_ram:color_matrix|Decoder0~106 ; LABCELL_X1_Y6_N51    ; 3       ; Clock enable              ; no     ; --                   ; --               ; --                        ;
; led_matrix_data_path:data_path|two_port_ram:color_matrix|Decoder0~107 ; LABCELL_X1_Y8_N6     ; 3       ; Clock enable              ; no     ; --                   ; --               ; --                        ;
; led_matrix_data_path:data_path|two_port_ram:color_matrix|Decoder0~108 ; LABCELL_X1_Y5_N48    ; 3       ; Clock enable              ; no     ; --                   ; --               ; --                        ;
; led_matrix_data_path:data_path|two_port_ram:color_matrix|Decoder0~109 ; MLABCELL_X6_Y12_N39  ; 3       ; Clock enable              ; no     ; --                   ; --               ; --                        ;
; led_matrix_data_path:data_path|two_port_ram:color_matrix|Decoder0~110 ; LABCELL_X1_Y6_N6     ; 3       ; Clock enable              ; no     ; --                   ; --               ; --                        ;
; led_matrix_data_path:data_path|two_port_ram:color_matrix|Decoder0~111 ; LABCELL_X21_Y7_N36   ; 3       ; Clock enable              ; no     ; --                   ; --               ; --                        ;
; led_matrix_data_path:data_path|two_port_ram:color_matrix|Decoder0~112 ; MLABCELL_X3_Y7_N3    ; 3       ; Clock enable              ; no     ; --                   ; --               ; --                        ;
; led_matrix_data_path:data_path|two_port_ram:color_matrix|Decoder0~113 ; LABCELL_X15_Y9_N3    ; 3       ; Clock enable              ; no     ; --                   ; --               ; --                        ;
; led_matrix_data_path:data_path|two_port_ram:color_matrix|Decoder0~114 ; LABCELL_X17_Y11_N27  ; 3       ; Clock enable              ; no     ; --                   ; --               ; --                        ;
; led_matrix_data_path:data_path|two_port_ram:color_matrix|Decoder0~115 ; MLABCELL_X19_Y7_N9   ; 3       ; Clock enable              ; no     ; --                   ; --               ; --                        ;
; led_matrix_data_path:data_path|two_port_ram:color_matrix|Decoder0~116 ; MLABCELL_X3_Y7_N54   ; 3       ; Clock enable              ; no     ; --                   ; --               ; --                        ;
; led_matrix_data_path:data_path|two_port_ram:color_matrix|Decoder0~117 ; MLABCELL_X6_Y11_N54  ; 3       ; Clock enable              ; no     ; --                   ; --               ; --                        ;
; led_matrix_data_path:data_path|two_port_ram:color_matrix|Decoder0~118 ; MLABCELL_X6_Y8_N48   ; 3       ; Clock enable              ; no     ; --                   ; --               ; --                        ;
; led_matrix_data_path:data_path|two_port_ram:color_matrix|Decoder0~119 ; MLABCELL_X6_Y11_N39  ; 3       ; Clock enable              ; no     ; --                   ; --               ; --                        ;
; led_matrix_data_path:data_path|two_port_ram:color_matrix|Decoder0~12  ; MLABCELL_X14_Y14_N27 ; 3       ; Clock enable              ; no     ; --                   ; --               ; --                        ;
; led_matrix_data_path:data_path|two_port_ram:color_matrix|Decoder0~120 ; LABCELL_X18_Y13_N51  ; 3       ; Clock enable              ; no     ; --                   ; --               ; --                        ;
; led_matrix_data_path:data_path|two_port_ram:color_matrix|Decoder0~121 ; LABCELL_X15_Y10_N3   ; 3       ; Clock enable              ; no     ; --                   ; --               ; --                        ;
; led_matrix_data_path:data_path|two_port_ram:color_matrix|Decoder0~122 ; LABCELL_X7_Y9_N0     ; 3       ; Clock enable              ; no     ; --                   ; --               ; --                        ;
; led_matrix_data_path:data_path|two_port_ram:color_matrix|Decoder0~123 ; LABCELL_X11_Y13_N3   ; 3       ; Clock enable              ; no     ; --                   ; --               ; --                        ;
; led_matrix_data_path:data_path|two_port_ram:color_matrix|Decoder0~124 ; MLABCELL_X6_Y13_N24  ; 3       ; Clock enable              ; no     ; --                   ; --               ; --                        ;
; led_matrix_data_path:data_path|two_port_ram:color_matrix|Decoder0~125 ; LABCELL_X17_Y12_N24  ; 3       ; Clock enable              ; no     ; --                   ; --               ; --                        ;
; led_matrix_data_path:data_path|two_port_ram:color_matrix|Decoder0~126 ; LABCELL_X17_Y13_N24  ; 3       ; Clock enable              ; no     ; --                   ; --               ; --                        ;
; led_matrix_data_path:data_path|two_port_ram:color_matrix|Decoder0~127 ; MLABCELL_X6_Y13_N15  ; 3       ; Clock enable              ; no     ; --                   ; --               ; --                        ;
; led_matrix_data_path:data_path|two_port_ram:color_matrix|Decoder0~128 ; MLABCELL_X14_Y12_N51 ; 3       ; Clock enable              ; no     ; --                   ; --               ; --                        ;
; led_matrix_data_path:data_path|two_port_ram:color_matrix|Decoder0~129 ; LABCELL_X15_Y9_N42   ; 3       ; Clock enable              ; no     ; --                   ; --               ; --                        ;
; led_matrix_data_path:data_path|two_port_ram:color_matrix|Decoder0~13  ; LABCELL_X10_Y11_N51  ; 3       ; Clock enable              ; no     ; --                   ; --               ; --                        ;
; led_matrix_data_path:data_path|two_port_ram:color_matrix|Decoder0~130 ; LABCELL_X10_Y13_N42  ; 3       ; Clock enable              ; no     ; --                   ; --               ; --                        ;
; led_matrix_data_path:data_path|two_port_ram:color_matrix|Decoder0~131 ; MLABCELL_X8_Y13_N6   ; 3       ; Clock enable              ; no     ; --                   ; --               ; --                        ;
; led_matrix_data_path:data_path|two_port_ram:color_matrix|Decoder0~132 ; MLABCELL_X14_Y12_N57 ; 3       ; Clock enable              ; no     ; --                   ; --               ; --                        ;
; led_matrix_data_path:data_path|two_port_ram:color_matrix|Decoder0~133 ; LABCELL_X9_Y12_N21   ; 3       ; Clock enable              ; no     ; --                   ; --               ; --                        ;
; led_matrix_data_path:data_path|two_port_ram:color_matrix|Decoder0~134 ; LABCELL_X11_Y11_N27  ; 3       ; Clock enable              ; no     ; --                   ; --               ; --                        ;
; led_matrix_data_path:data_path|two_port_ram:color_matrix|Decoder0~135 ; LABCELL_X9_Y12_N51   ; 3       ; Clock enable              ; no     ; --                   ; --               ; --                        ;
; led_matrix_data_path:data_path|two_port_ram:color_matrix|Decoder0~136 ; LABCELL_X22_Y10_N45  ; 3       ; Clock enable              ; no     ; --                   ; --               ; --                        ;
; led_matrix_data_path:data_path|two_port_ram:color_matrix|Decoder0~137 ; LABCELL_X18_Y10_N36  ; 3       ; Clock enable              ; no     ; --                   ; --               ; --                        ;
; led_matrix_data_path:data_path|two_port_ram:color_matrix|Decoder0~138 ; LABCELL_X1_Y10_N51   ; 3       ; Clock enable              ; no     ; --                   ; --               ; --                        ;
; led_matrix_data_path:data_path|two_port_ram:color_matrix|Decoder0~139 ; LABCELL_X18_Y6_N48   ; 3       ; Clock enable              ; no     ; --                   ; --               ; --                        ;
; led_matrix_data_path:data_path|two_port_ram:color_matrix|Decoder0~140 ; MLABCELL_X3_Y10_N51  ; 3       ; Clock enable              ; no     ; --                   ; --               ; --                        ;
; led_matrix_data_path:data_path|two_port_ram:color_matrix|Decoder0~141 ; MLABCELL_X6_Y8_N57   ; 3       ; Clock enable              ; no     ; --                   ; --               ; --                        ;
; led_matrix_data_path:data_path|two_port_ram:color_matrix|Decoder0~142 ; MLABCELL_X8_Y13_N36  ; 3       ; Clock enable              ; no     ; --                   ; --               ; --                        ;
; led_matrix_data_path:data_path|two_port_ram:color_matrix|Decoder0~143 ; MLABCELL_X3_Y12_N42  ; 3       ; Clock enable              ; no     ; --                   ; --               ; --                        ;
; led_matrix_data_path:data_path|two_port_ram:color_matrix|Decoder0~144 ; LABCELL_X4_Y9_N36    ; 3       ; Clock enable              ; no     ; --                   ; --               ; --                        ;
; led_matrix_data_path:data_path|two_port_ram:color_matrix|Decoder0~145 ; LABCELL_X7_Y13_N48   ; 3       ; Clock enable              ; no     ; --                   ; --               ; --                        ;
; led_matrix_data_path:data_path|two_port_ram:color_matrix|Decoder0~146 ; LABCELL_X4_Y9_N24    ; 3       ; Clock enable              ; no     ; --                   ; --               ; --                        ;
; led_matrix_data_path:data_path|two_port_ram:color_matrix|Decoder0~147 ; LABCELL_X7_Y11_N30   ; 3       ; Clock enable              ; no     ; --                   ; --               ; --                        ;
; led_matrix_data_path:data_path|two_port_ram:color_matrix|Decoder0~148 ; MLABCELL_X3_Y5_N57   ; 3       ; Clock enable              ; no     ; --                   ; --               ; --                        ;
; led_matrix_data_path:data_path|two_port_ram:color_matrix|Decoder0~149 ; MLABCELL_X6_Y8_N36   ; 3       ; Clock enable              ; no     ; --                   ; --               ; --                        ;
; led_matrix_data_path:data_path|two_port_ram:color_matrix|Decoder0~15  ; LABCELL_X1_Y7_N48    ; 3       ; Clock enable              ; no     ; --                   ; --               ; --                        ;
; led_matrix_data_path:data_path|two_port_ram:color_matrix|Decoder0~150 ; LABCELL_X7_Y11_N3    ; 3       ; Clock enable              ; no     ; --                   ; --               ; --                        ;
; led_matrix_data_path:data_path|two_port_ram:color_matrix|Decoder0~151 ; MLABCELL_X6_Y11_N3   ; 3       ; Clock enable              ; no     ; --                   ; --               ; --                        ;
; led_matrix_data_path:data_path|two_port_ram:color_matrix|Decoder0~153 ; LABCELL_X15_Y12_N54  ; 3       ; Clock enable              ; no     ; --                   ; --               ; --                        ;
; led_matrix_data_path:data_path|two_port_ram:color_matrix|Decoder0~155 ; LABCELL_X17_Y9_N51   ; 3       ; Clock enable              ; no     ; --                   ; --               ; --                        ;
; led_matrix_data_path:data_path|two_port_ram:color_matrix|Decoder0~157 ; LABCELL_X1_Y9_N36    ; 3       ; Clock enable              ; no     ; --                   ; --               ; --                        ;
; led_matrix_data_path:data_path|two_port_ram:color_matrix|Decoder0~159 ; LABCELL_X22_Y10_N0   ; 3       ; Clock enable              ; no     ; --                   ; --               ; --                        ;
; led_matrix_data_path:data_path|two_port_ram:color_matrix|Decoder0~16  ; MLABCELL_X8_Y11_N15  ; 3       ; Clock enable              ; no     ; --                   ; --               ; --                        ;
; led_matrix_data_path:data_path|two_port_ram:color_matrix|Decoder0~161 ; MLABCELL_X14_Y14_N36 ; 3       ; Clock enable              ; no     ; --                   ; --               ; --                        ;
; led_matrix_data_path:data_path|two_port_ram:color_matrix|Decoder0~163 ; LABCELL_X11_Y9_N33   ; 3       ; Clock enable              ; no     ; --                   ; --               ; --                        ;
; led_matrix_data_path:data_path|two_port_ram:color_matrix|Decoder0~165 ; LABCELL_X2_Y7_N36    ; 3       ; Clock enable              ; no     ; --                   ; --               ; --                        ;
; led_matrix_data_path:data_path|two_port_ram:color_matrix|Decoder0~167 ; MLABCELL_X8_Y9_N24   ; 3       ; Clock enable              ; no     ; --                   ; --               ; --                        ;
; led_matrix_data_path:data_path|two_port_ram:color_matrix|Decoder0~169 ; LABCELL_X21_Y10_N6   ; 3       ; Clock enable              ; no     ; --                   ; --               ; --                        ;
; led_matrix_data_path:data_path|two_port_ram:color_matrix|Decoder0~171 ; LABCELL_X17_Y9_N54   ; 3       ; Clock enable              ; no     ; --                   ; --               ; --                        ;
; led_matrix_data_path:data_path|two_port_ram:color_matrix|Decoder0~173 ; MLABCELL_X3_Y6_N18   ; 3       ; Clock enable              ; no     ; --                   ; --               ; --                        ;
; led_matrix_data_path:data_path|two_port_ram:color_matrix|Decoder0~175 ; LABCELL_X13_Y9_N57   ; 3       ; Clock enable              ; no     ; --                   ; --               ; --                        ;
; led_matrix_data_path:data_path|two_port_ram:color_matrix|Decoder0~177 ; MLABCELL_X8_Y9_N42   ; 3       ; Clock enable              ; no     ; --                   ; --               ; --                        ;
; led_matrix_data_path:data_path|two_port_ram:color_matrix|Decoder0~179 ; LABCELL_X17_Y12_N21  ; 3       ; Clock enable              ; no     ; --                   ; --               ; --                        ;
; led_matrix_data_path:data_path|two_port_ram:color_matrix|Decoder0~18  ; LABCELL_X13_Y7_N12   ; 3       ; Clock enable              ; no     ; --                   ; --               ; --                        ;
; led_matrix_data_path:data_path|two_port_ram:color_matrix|Decoder0~181 ; MLABCELL_X8_Y8_N0    ; 3       ; Clock enable              ; no     ; --                   ; --               ; --                        ;
; led_matrix_data_path:data_path|two_port_ram:color_matrix|Decoder0~183 ; MLABCELL_X8_Y9_N57   ; 3       ; Clock enable              ; no     ; --                   ; --               ; --                        ;
; led_matrix_data_path:data_path|two_port_ram:color_matrix|Decoder0~184 ; LABCELL_X13_Y10_N42  ; 3       ; Clock enable              ; no     ; --                   ; --               ; --                        ;
; led_matrix_data_path:data_path|two_port_ram:color_matrix|Decoder0~185 ; LABCELL_X13_Y5_N51   ; 3       ; Clock enable              ; no     ; --                   ; --               ; --                        ;
; led_matrix_data_path:data_path|two_port_ram:color_matrix|Decoder0~186 ; LABCELL_X9_Y8_N21    ; 3       ; Clock enable              ; no     ; --                   ; --               ; --                        ;
; led_matrix_data_path:data_path|two_port_ram:color_matrix|Decoder0~187 ; LABCELL_X9_Y8_N39    ; 3       ; Clock enable              ; no     ; --                   ; --               ; --                        ;
; led_matrix_data_path:data_path|two_port_ram:color_matrix|Decoder0~188 ; LABCELL_X4_Y3_N51    ; 3       ; Clock enable              ; no     ; --                   ; --               ; --                        ;
; led_matrix_data_path:data_path|two_port_ram:color_matrix|Decoder0~189 ; MLABCELL_X3_Y11_N51  ; 3       ; Clock enable              ; no     ; --                   ; --               ; --                        ;
; led_matrix_data_path:data_path|two_port_ram:color_matrix|Decoder0~19  ; LABCELL_X9_Y7_N3     ; 3       ; Clock enable              ; no     ; --                   ; --               ; --                        ;
; led_matrix_data_path:data_path|two_port_ram:color_matrix|Decoder0~190 ; MLABCELL_X14_Y9_N51  ; 3       ; Clock enable              ; no     ; --                   ; --               ; --                        ;
; led_matrix_data_path:data_path|two_port_ram:color_matrix|Decoder0~191 ; LABCELL_X2_Y8_N54    ; 3       ; Clock enable              ; no     ; --                   ; --               ; --                        ;
; led_matrix_data_path:data_path|two_port_ram:color_matrix|Decoder0~192 ; LABCELL_X17_Y9_N6    ; 3       ; Clock enable              ; no     ; --                   ; --               ; --                        ;
; led_matrix_data_path:data_path|two_port_ram:color_matrix|Decoder0~193 ; MLABCELL_X14_Y8_N36  ; 3       ; Clock enable              ; no     ; --                   ; --               ; --                        ;
; led_matrix_data_path:data_path|two_port_ram:color_matrix|Decoder0~194 ; LABCELL_X17_Y11_N0   ; 3       ; Clock enable              ; no     ; --                   ; --               ; --                        ;
; led_matrix_data_path:data_path|two_port_ram:color_matrix|Decoder0~195 ; LABCELL_X17_Y11_N51  ; 3       ; Clock enable              ; no     ; --                   ; --               ; --                        ;
; led_matrix_data_path:data_path|two_port_ram:color_matrix|Decoder0~196 ; LABCELL_X15_Y11_N51  ; 3       ; Clock enable              ; no     ; --                   ; --               ; --                        ;
; led_matrix_data_path:data_path|two_port_ram:color_matrix|Decoder0~197 ; LABCELL_X4_Y3_N42    ; 3       ; Clock enable              ; no     ; --                   ; --               ; --                        ;
; led_matrix_data_path:data_path|two_port_ram:color_matrix|Decoder0~198 ; LABCELL_X11_Y11_N45  ; 3       ; Clock enable              ; no     ; --                   ; --               ; --                        ;
; led_matrix_data_path:data_path|two_port_ram:color_matrix|Decoder0~199 ; MLABCELL_X3_Y11_N45  ; 3       ; Clock enable              ; no     ; --                   ; --               ; --                        ;
; led_matrix_data_path:data_path|two_port_ram:color_matrix|Decoder0~2   ; LABCELL_X15_Y12_N48  ; 3       ; Clock enable              ; no     ; --                   ; --               ; --                        ;
; led_matrix_data_path:data_path|two_port_ram:color_matrix|Decoder0~200 ; LABCELL_X18_Y12_N57  ; 3       ; Clock enable              ; no     ; --                   ; --               ; --                        ;
; led_matrix_data_path:data_path|two_port_ram:color_matrix|Decoder0~201 ; LABCELL_X17_Y9_N18   ; 3       ; Clock enable              ; no     ; --                   ; --               ; --                        ;
; led_matrix_data_path:data_path|two_port_ram:color_matrix|Decoder0~202 ; LABCELL_X2_Y9_N36    ; 3       ; Clock enable              ; no     ; --                   ; --               ; --                        ;
; led_matrix_data_path:data_path|two_port_ram:color_matrix|Decoder0~203 ; LABCELL_X4_Y10_N12   ; 3       ; Clock enable              ; no     ; --                   ; --               ; --                        ;
; led_matrix_data_path:data_path|two_port_ram:color_matrix|Decoder0~204 ; LABCELL_X17_Y10_N30  ; 3       ; Clock enable              ; no     ; --                   ; --               ; --                        ;
; led_matrix_data_path:data_path|two_port_ram:color_matrix|Decoder0~205 ; LABCELL_X11_Y9_N6    ; 3       ; Clock enable              ; no     ; --                   ; --               ; --                        ;
; led_matrix_data_path:data_path|two_port_ram:color_matrix|Decoder0~206 ; LABCELL_X17_Y10_N3   ; 3       ; Clock enable              ; no     ; --                   ; --               ; --                        ;
; led_matrix_data_path:data_path|two_port_ram:color_matrix|Decoder0~207 ; LABCELL_X11_Y9_N57   ; 3       ; Clock enable              ; no     ; --                   ; --               ; --                        ;
; led_matrix_data_path:data_path|two_port_ram:color_matrix|Decoder0~208 ; MLABCELL_X14_Y11_N51 ; 3       ; Clock enable              ; no     ; --                   ; --               ; --                        ;
; led_matrix_data_path:data_path|two_port_ram:color_matrix|Decoder0~209 ; LABCELL_X7_Y7_N45    ; 3       ; Clock enable              ; no     ; --                   ; --               ; --                        ;
; led_matrix_data_path:data_path|two_port_ram:color_matrix|Decoder0~21  ; LABCELL_X22_Y10_N27  ; 3       ; Clock enable              ; no     ; --                   ; --               ; --                        ;
; led_matrix_data_path:data_path|two_port_ram:color_matrix|Decoder0~210 ; LABCELL_X2_Y4_N51    ; 3       ; Clock enable              ; no     ; --                   ; --               ; --                        ;
; led_matrix_data_path:data_path|two_port_ram:color_matrix|Decoder0~211 ; LABCELL_X13_Y9_N0    ; 3       ; Clock enable              ; no     ; --                   ; --               ; --                        ;
; led_matrix_data_path:data_path|two_port_ram:color_matrix|Decoder0~212 ; MLABCELL_X14_Y11_N45 ; 3       ; Clock enable              ; no     ; --                   ; --               ; --                        ;
; led_matrix_data_path:data_path|two_port_ram:color_matrix|Decoder0~213 ; MLABCELL_X14_Y10_N12 ; 3       ; Clock enable              ; no     ; --                   ; --               ; --                        ;
; led_matrix_data_path:data_path|two_port_ram:color_matrix|Decoder0~214 ; LABCELL_X9_Y11_N24   ; 3       ; Clock enable              ; no     ; --                   ; --               ; --                        ;
; led_matrix_data_path:data_path|two_port_ram:color_matrix|Decoder0~215 ; MLABCELL_X14_Y10_N45 ; 3       ; Clock enable              ; no     ; --                   ; --               ; --                        ;
; led_matrix_data_path:data_path|two_port_ram:color_matrix|Decoder0~216 ; LABCELL_X13_Y12_N30  ; 3       ; Clock enable              ; no     ; --                   ; --               ; --                        ;
; led_matrix_data_path:data_path|two_port_ram:color_matrix|Decoder0~217 ; LABCELL_X10_Y12_N48  ; 3       ; Clock enable              ; no     ; --                   ; --               ; --                        ;
; led_matrix_data_path:data_path|two_port_ram:color_matrix|Decoder0~218 ; MLABCELL_X14_Y13_N9  ; 3       ; Clock enable              ; no     ; --                   ; --               ; --                        ;
; led_matrix_data_path:data_path|two_port_ram:color_matrix|Decoder0~219 ; LABCELL_X10_Y12_N15  ; 3       ; Clock enable              ; no     ; --                   ; --               ; --                        ;
; led_matrix_data_path:data_path|two_port_ram:color_matrix|Decoder0~22  ; LABCELL_X9_Y13_N54   ; 3       ; Clock enable              ; no     ; --                   ; --               ; --                        ;
; led_matrix_data_path:data_path|two_port_ram:color_matrix|Decoder0~220 ; LABCELL_X13_Y13_N33  ; 3       ; Clock enable              ; no     ; --                   ; --               ; --                        ;
; led_matrix_data_path:data_path|two_port_ram:color_matrix|Decoder0~221 ; LABCELL_X13_Y13_N54  ; 3       ; Clock enable              ; no     ; --                   ; --               ; --                        ;
; led_matrix_data_path:data_path|two_port_ram:color_matrix|Decoder0~222 ; LABCELL_X18_Y11_N45  ; 3       ; Clock enable              ; no     ; --                   ; --               ; --                        ;
; led_matrix_data_path:data_path|two_port_ram:color_matrix|Decoder0~223 ; MLABCELL_X14_Y13_N54 ; 3       ; Clock enable              ; no     ; --                   ; --               ; --                        ;
; led_matrix_data_path:data_path|two_port_ram:color_matrix|Decoder0~224 ; LABCELL_X15_Y13_N6   ; 3       ; Clock enable              ; no     ; --                   ; --               ; --                        ;
; led_matrix_data_path:data_path|two_port_ram:color_matrix|Decoder0~225 ; LABCELL_X9_Y7_N21    ; 3       ; Clock enable              ; no     ; --                   ; --               ; --                        ;
; led_matrix_data_path:data_path|two_port_ram:color_matrix|Decoder0~226 ; LABCELL_X17_Y11_N54  ; 3       ; Clock enable              ; no     ; --                   ; --               ; --                        ;
; led_matrix_data_path:data_path|two_port_ram:color_matrix|Decoder0~227 ; LABCELL_X11_Y11_N21  ; 3       ; Clock enable              ; no     ; --                   ; --               ; --                        ;
; led_matrix_data_path:data_path|two_port_ram:color_matrix|Decoder0~228 ; LABCELL_X2_Y10_N15   ; 3       ; Clock enable              ; no     ; --                   ; --               ; --                        ;
; led_matrix_data_path:data_path|two_port_ram:color_matrix|Decoder0~229 ; MLABCELL_X8_Y9_N0    ; 3       ; Clock enable              ; no     ; --                   ; --               ; --                        ;
; led_matrix_data_path:data_path|two_port_ram:color_matrix|Decoder0~230 ; MLABCELL_X14_Y10_N27 ; 3       ; Clock enable              ; no     ; --                   ; --               ; --                        ;
; led_matrix_data_path:data_path|two_port_ram:color_matrix|Decoder0~231 ; MLABCELL_X8_Y9_N6    ; 3       ; Clock enable              ; no     ; --                   ; --               ; --                        ;
; led_matrix_data_path:data_path|two_port_ram:color_matrix|Decoder0~232 ; LABCELL_X21_Y10_N57  ; 3       ; Clock enable              ; no     ; --                   ; --               ; --                        ;
; led_matrix_data_path:data_path|two_port_ram:color_matrix|Decoder0~233 ; LABCELL_X13_Y10_N0   ; 3       ; Clock enable              ; no     ; --                   ; --               ; --                        ;
; led_matrix_data_path:data_path|two_port_ram:color_matrix|Decoder0~234 ; LABCELL_X18_Y12_N0   ; 3       ; Clock enable              ; no     ; --                   ; --               ; --                        ;
; led_matrix_data_path:data_path|two_port_ram:color_matrix|Decoder0~235 ; LABCELL_X13_Y12_N27  ; 3       ; Clock enable              ; no     ; --                   ; --               ; --                        ;
; led_matrix_data_path:data_path|two_port_ram:color_matrix|Decoder0~236 ; LABCELL_X17_Y13_N45  ; 3       ; Clock enable              ; no     ; --                   ; --               ; --                        ;
; led_matrix_data_path:data_path|two_port_ram:color_matrix|Decoder0~237 ; LABCELL_X17_Y13_N48  ; 3       ; Clock enable              ; no     ; --                   ; --               ; --                        ;
; led_matrix_data_path:data_path|two_port_ram:color_matrix|Decoder0~238 ; LABCELL_X11_Y13_N51  ; 3       ; Clock enable              ; no     ; --                   ; --               ; --                        ;
; led_matrix_data_path:data_path|two_port_ram:color_matrix|Decoder0~239 ; LABCELL_X11_Y13_N39  ; 3       ; Clock enable              ; no     ; --                   ; --               ; --                        ;
; led_matrix_data_path:data_path|two_port_ram:color_matrix|Decoder0~24  ; MLABCELL_X14_Y14_N42 ; 3       ; Clock enable              ; no     ; --                   ; --               ; --                        ;
; led_matrix_data_path:data_path|two_port_ram:color_matrix|Decoder0~240 ; LABCELL_X15_Y5_N18   ; 3       ; Clock enable              ; no     ; --                   ; --               ; --                        ;
; led_matrix_data_path:data_path|two_port_ram:color_matrix|Decoder0~241 ; LABCELL_X13_Y5_N33   ; 3       ; Clock enable              ; no     ; --                   ; --               ; --                        ;
; led_matrix_data_path:data_path|two_port_ram:color_matrix|Decoder0~242 ; LABCELL_X7_Y8_N51    ; 3       ; Clock enable              ; no     ; --                   ; --               ; --                        ;
; led_matrix_data_path:data_path|two_port_ram:color_matrix|Decoder0~243 ; LABCELL_X7_Y8_N45    ; 3       ; Clock enable              ; no     ; --                   ; --               ; --                        ;
; led_matrix_data_path:data_path|two_port_ram:color_matrix|Decoder0~244 ; MLABCELL_X3_Y10_N57  ; 3       ; Clock enable              ; no     ; --                   ; --               ; --                        ;
; led_matrix_data_path:data_path|two_port_ram:color_matrix|Decoder0~245 ; MLABCELL_X3_Y10_N36  ; 3       ; Clock enable              ; no     ; --                   ; --               ; --                        ;
; led_matrix_data_path:data_path|two_port_ram:color_matrix|Decoder0~246 ; LABCELL_X4_Y10_N3    ; 3       ; Clock enable              ; no     ; --                   ; --               ; --                        ;
; led_matrix_data_path:data_path|two_port_ram:color_matrix|Decoder0~247 ; LABCELL_X7_Y10_N54   ; 3       ; Clock enable              ; no     ; --                   ; --               ; --                        ;
; led_matrix_data_path:data_path|two_port_ram:color_matrix|Decoder0~248 ; LABCELL_X2_Y7_N42    ; 3       ; Clock enable              ; no     ; --                   ; --               ; --                        ;
; led_matrix_data_path:data_path|two_port_ram:color_matrix|Decoder0~249 ; LABCELL_X15_Y14_N48  ; 3       ; Clock enable              ; no     ; --                   ; --               ; --                        ;
; led_matrix_data_path:data_path|two_port_ram:color_matrix|Decoder0~25  ; MLABCELL_X3_Y8_N21   ; 3       ; Clock enable              ; no     ; --                   ; --               ; --                        ;
; led_matrix_data_path:data_path|two_port_ram:color_matrix|Decoder0~250 ; LABCELL_X17_Y4_N39   ; 3       ; Clock enable              ; no     ; --                   ; --               ; --                        ;
; led_matrix_data_path:data_path|two_port_ram:color_matrix|Decoder0~251 ; MLABCELL_X6_Y12_N54  ; 3       ; Clock enable              ; no     ; --                   ; --               ; --                        ;
; led_matrix_data_path:data_path|two_port_ram:color_matrix|Decoder0~252 ; LABCELL_X15_Y11_N30  ; 3       ; Clock enable              ; no     ; --                   ; --               ; --                        ;
; led_matrix_data_path:data_path|two_port_ram:color_matrix|Decoder0~253 ; LABCELL_X15_Y11_N27  ; 3       ; Clock enable              ; no     ; --                   ; --               ; --                        ;
; led_matrix_data_path:data_path|two_port_ram:color_matrix|Decoder0~254 ; LABCELL_X4_Y12_N24   ; 3       ; Clock enable              ; no     ; --                   ; --               ; --                        ;
; led_matrix_data_path:data_path|two_port_ram:color_matrix|Decoder0~255 ; LABCELL_X4_Y12_N12   ; 3       ; Clock enable              ; no     ; --                   ; --               ; --                        ;
; led_matrix_data_path:data_path|two_port_ram:color_matrix|Decoder0~256 ; LABCELL_X2_Y7_N54    ; 3       ; Clock enable              ; no     ; --                   ; --               ; --                        ;
; led_matrix_data_path:data_path|two_port_ram:color_matrix|Decoder0~257 ; MLABCELL_X3_Y7_N51   ; 3       ; Clock enable              ; no     ; --                   ; --               ; --                        ;
; led_matrix_data_path:data_path|two_port_ram:color_matrix|Decoder0~258 ; LABCELL_X17_Y4_N6    ; 3       ; Clock enable              ; no     ; --                   ; --               ; --                        ;
; led_matrix_data_path:data_path|two_port_ram:color_matrix|Decoder0~259 ; LABCELL_X11_Y8_N6    ; 3       ; Clock enable              ; no     ; --                   ; --               ; --                        ;
; led_matrix_data_path:data_path|two_port_ram:color_matrix|Decoder0~260 ; LABCELL_X18_Y10_N45  ; 3       ; Clock enable              ; no     ; --                   ; --               ; --                        ;
; led_matrix_data_path:data_path|two_port_ram:color_matrix|Decoder0~261 ; MLABCELL_X3_Y9_N48   ; 3       ; Clock enable              ; no     ; --                   ; --               ; --                        ;
; led_matrix_data_path:data_path|two_port_ram:color_matrix|Decoder0~262 ; LABCELL_X11_Y9_N42   ; 3       ; Clock enable              ; no     ; --                   ; --               ; --                        ;
; led_matrix_data_path:data_path|two_port_ram:color_matrix|Decoder0~263 ; LABCELL_X4_Y11_N39   ; 3       ; Clock enable              ; no     ; --                   ; --               ; --                        ;
; led_matrix_data_path:data_path|two_port_ram:color_matrix|Decoder0~264 ; MLABCELL_X8_Y12_N18  ; 3       ; Clock enable              ; no     ; --                   ; --               ; --                        ;
; led_matrix_data_path:data_path|two_port_ram:color_matrix|Decoder0~265 ; MLABCELL_X19_Y9_N0   ; 3       ; Clock enable              ; no     ; --                   ; --               ; --                        ;
; led_matrix_data_path:data_path|two_port_ram:color_matrix|Decoder0~266 ; LABCELL_X1_Y9_N45    ; 3       ; Clock enable              ; no     ; --                   ; --               ; --                        ;
; led_matrix_data_path:data_path|two_port_ram:color_matrix|Decoder0~267 ; MLABCELL_X14_Y9_N39  ; 3       ; Clock enable              ; no     ; --                   ; --               ; --                        ;
; led_matrix_data_path:data_path|two_port_ram:color_matrix|Decoder0~268 ; MLABCELL_X6_Y9_N6    ; 3       ; Clock enable              ; no     ; --                   ; --               ; --                        ;
; led_matrix_data_path:data_path|two_port_ram:color_matrix|Decoder0~269 ; MLABCELL_X14_Y9_N15  ; 3       ; Clock enable              ; no     ; --                   ; --               ; --                        ;
; led_matrix_data_path:data_path|two_port_ram:color_matrix|Decoder0~27  ; LABCELL_X18_Y12_N36  ; 3       ; Clock enable              ; no     ; --                   ; --               ; --                        ;
; led_matrix_data_path:data_path|two_port_ram:color_matrix|Decoder0~270 ; LABCELL_X13_Y8_N24   ; 3       ; Clock enable              ; no     ; --                   ; --               ; --                        ;
; led_matrix_data_path:data_path|two_port_ram:color_matrix|Decoder0~271 ; MLABCELL_X14_Y9_N57  ; 3       ; Clock enable              ; no     ; --                   ; --               ; --                        ;
; led_matrix_data_path:data_path|two_port_ram:color_matrix|Decoder0~272 ; LABCELL_X22_Y11_N36  ; 3       ; Clock enable              ; no     ; --                   ; --               ; --                        ;
; led_matrix_data_path:data_path|two_port_ram:color_matrix|Decoder0~273 ; LABCELL_X15_Y13_N51  ; 3       ; Clock enable              ; no     ; --                   ; --               ; --                        ;
; led_matrix_data_path:data_path|two_port_ram:color_matrix|Decoder0~274 ; LABCELL_X1_Y8_N3     ; 3       ; Clock enable              ; no     ; --                   ; --               ; --                        ;
; led_matrix_data_path:data_path|two_port_ram:color_matrix|Decoder0~275 ; LABCELL_X7_Y10_N45   ; 3       ; Clock enable              ; no     ; --                   ; --               ; --                        ;
; led_matrix_data_path:data_path|two_port_ram:color_matrix|Decoder0~276 ; LABCELL_X7_Y7_N0     ; 3       ; Clock enable              ; no     ; --                   ; --               ; --                        ;
; led_matrix_data_path:data_path|two_port_ram:color_matrix|Decoder0~277 ; LABCELL_X13_Y8_N30   ; 3       ; Clock enable              ; no     ; --                   ; --               ; --                        ;
; led_matrix_data_path:data_path|two_port_ram:color_matrix|Decoder0~278 ; LABCELL_X4_Y9_N57    ; 3       ; Clock enable              ; no     ; --                   ; --               ; --                        ;
; led_matrix_data_path:data_path|two_port_ram:color_matrix|Decoder0~279 ; LABCELL_X11_Y10_N54  ; 3       ; Clock enable              ; no     ; --                   ; --               ; --                        ;
; led_matrix_data_path:data_path|two_port_ram:color_matrix|Decoder0~280 ; MLABCELL_X8_Y12_N12  ; 3       ; Clock enable              ; no     ; --                   ; --               ; --                        ;
; led_matrix_data_path:data_path|two_port_ram:color_matrix|Decoder0~281 ; MLABCELL_X8_Y12_N54  ; 3       ; Clock enable              ; no     ; --                   ; --               ; --                        ;
; led_matrix_data_path:data_path|two_port_ram:color_matrix|Decoder0~282 ; MLABCELL_X14_Y11_N36 ; 3       ; Clock enable              ; no     ; --                   ; --               ; --                        ;
; led_matrix_data_path:data_path|two_port_ram:color_matrix|Decoder0~283 ; LABCELL_X9_Y7_N39    ; 3       ; Clock enable              ; no     ; --                   ; --               ; --                        ;
; led_matrix_data_path:data_path|two_port_ram:color_matrix|Decoder0~284 ; LABCELL_X18_Y10_N18  ; 3       ; Clock enable              ; no     ; --                   ; --               ; --                        ;
; led_matrix_data_path:data_path|two_port_ram:color_matrix|Decoder0~285 ; LABCELL_X11_Y11_N54  ; 3       ; Clock enable              ; no     ; --                   ; --               ; --                        ;
; led_matrix_data_path:data_path|two_port_ram:color_matrix|Decoder0~286 ; LABCELL_X11_Y10_N18  ; 3       ; Clock enable              ; no     ; --                   ; --               ; --                        ;
; led_matrix_data_path:data_path|two_port_ram:color_matrix|Decoder0~287 ; LABCELL_X7_Y12_N12   ; 3       ; Clock enable              ; no     ; --                   ; --               ; --                        ;
; led_matrix_data_path:data_path|two_port_ram:color_matrix|Decoder0~288 ; MLABCELL_X8_Y10_N42  ; 3       ; Clock enable              ; no     ; --                   ; --               ; --                        ;
; led_matrix_data_path:data_path|two_port_ram:color_matrix|Decoder0~289 ; MLABCELL_X8_Y8_N15   ; 3       ; Clock enable              ; no     ; --                   ; --               ; --                        ;
; led_matrix_data_path:data_path|two_port_ram:color_matrix|Decoder0~29  ; LABCELL_X2_Y12_N33   ; 3       ; Clock enable              ; no     ; --                   ; --               ; --                        ;
; led_matrix_data_path:data_path|two_port_ram:color_matrix|Decoder0~290 ; LABCELL_X17_Y8_N6    ; 3       ; Clock enable              ; no     ; --                   ; --               ; --                        ;
; led_matrix_data_path:data_path|two_port_ram:color_matrix|Decoder0~291 ; LABCELL_X9_Y10_N27   ; 3       ; Clock enable              ; no     ; --                   ; --               ; --                        ;
; led_matrix_data_path:data_path|two_port_ram:color_matrix|Decoder0~292 ; MLABCELL_X19_Y10_N36 ; 3       ; Clock enable              ; no     ; --                   ; --               ; --                        ;
; led_matrix_data_path:data_path|two_port_ram:color_matrix|Decoder0~293 ; MLABCELL_X3_Y9_N6    ; 3       ; Clock enable              ; no     ; --                   ; --               ; --                        ;
; led_matrix_data_path:data_path|two_port_ram:color_matrix|Decoder0~294 ; LABCELL_X10_Y10_N48  ; 3       ; Clock enable              ; no     ; --                   ; --               ; --                        ;
; led_matrix_data_path:data_path|two_port_ram:color_matrix|Decoder0~295 ; LABCELL_X11_Y10_N42  ; 3       ; Clock enable              ; no     ; --                   ; --               ; --                        ;
; led_matrix_data_path:data_path|two_port_ram:color_matrix|Decoder0~297 ; LABCELL_X17_Y8_N21   ; 3       ; Clock enable              ; no     ; --                   ; --               ; --                        ;
; led_matrix_data_path:data_path|two_port_ram:color_matrix|Decoder0~298 ; LABCELL_X10_Y6_N27   ; 3       ; Clock enable              ; no     ; --                   ; --               ; --                        ;
; led_matrix_data_path:data_path|two_port_ram:color_matrix|Decoder0~299 ; LABCELL_X23_Y11_N27  ; 3       ; Clock enable              ; no     ; --                   ; --               ; --                        ;
; led_matrix_data_path:data_path|two_port_ram:color_matrix|Decoder0~30  ; LABCELL_X22_Y9_N21   ; 3       ; Clock enable              ; no     ; --                   ; --               ; --                        ;
; led_matrix_data_path:data_path|two_port_ram:color_matrix|Decoder0~300 ; LABCELL_X18_Y7_N30   ; 3       ; Clock enable              ; no     ; --                   ; --               ; --                        ;
; led_matrix_data_path:data_path|two_port_ram:color_matrix|Decoder0~302 ; LABCELL_X21_Y5_N48   ; 3       ; Clock enable              ; no     ; --                   ; --               ; --                        ;
; led_matrix_data_path:data_path|two_port_ram:color_matrix|Decoder0~303 ; MLABCELL_X8_Y4_N27   ; 3       ; Clock enable              ; no     ; --                   ; --               ; --                        ;
; led_matrix_data_path:data_path|two_port_ram:color_matrix|Decoder0~304 ; LABCELL_X23_Y9_N51   ; 3       ; Clock enable              ; no     ; --                   ; --               ; --                        ;
; led_matrix_data_path:data_path|two_port_ram:color_matrix|Decoder0~305 ; MLABCELL_X8_Y4_N42   ; 3       ; Clock enable              ; no     ; --                   ; --               ; --                        ;
; led_matrix_data_path:data_path|two_port_ram:color_matrix|Decoder0~306 ; LABCELL_X17_Y1_N15   ; 3       ; Clock enable              ; no     ; --                   ; --               ; --                        ;
; led_matrix_data_path:data_path|two_port_ram:color_matrix|Decoder0~307 ; LABCELL_X15_Y8_N54   ; 3       ; Clock enable              ; no     ; --                   ; --               ; --                        ;
; led_matrix_data_path:data_path|two_port_ram:color_matrix|Decoder0~308 ; MLABCELL_X8_Y4_N36   ; 3       ; Clock enable              ; no     ; --                   ; --               ; --                        ;
; led_matrix_data_path:data_path|two_port_ram:color_matrix|Decoder0~309 ; LABCELL_X7_Y3_N51    ; 3       ; Clock enable              ; no     ; --                   ; --               ; --                        ;
; led_matrix_data_path:data_path|two_port_ram:color_matrix|Decoder0~31  ; LABCELL_X22_Y9_N42   ; 3       ; Clock enable              ; no     ; --                   ; --               ; --                        ;
; led_matrix_data_path:data_path|two_port_ram:color_matrix|Decoder0~310 ; MLABCELL_X25_Y9_N42  ; 3       ; Clock enable              ; no     ; --                   ; --               ; --                        ;
; led_matrix_data_path:data_path|two_port_ram:color_matrix|Decoder0~311 ; LABCELL_X10_Y6_N42   ; 3       ; Clock enable              ; no     ; --                   ; --               ; --                        ;
; led_matrix_data_path:data_path|two_port_ram:color_matrix|Decoder0~312 ; MLABCELL_X14_Y1_N24  ; 3       ; Clock enable              ; no     ; --                   ; --               ; --                        ;
; led_matrix_data_path:data_path|two_port_ram:color_matrix|Decoder0~313 ; LABCELL_X10_Y7_N36   ; 3       ; Clock enable              ; no     ; --                   ; --               ; --                        ;
; led_matrix_data_path:data_path|two_port_ram:color_matrix|Decoder0~315 ; LABCELL_X18_Y8_N33   ; 3       ; Clock enable              ; no     ; --                   ; --               ; --                        ;
; led_matrix_data_path:data_path|two_port_ram:color_matrix|Decoder0~316 ; LABCELL_X11_Y4_N51   ; 3       ; Clock enable              ; no     ; --                   ; --               ; --                        ;
; led_matrix_data_path:data_path|two_port_ram:color_matrix|Decoder0~317 ; LABCELL_X23_Y11_N54  ; 3       ; Clock enable              ; no     ; --                   ; --               ; --                        ;
; led_matrix_data_path:data_path|two_port_ram:color_matrix|Decoder0~318 ; MLABCELL_X8_Y2_N27   ; 3       ; Clock enable              ; no     ; --                   ; --               ; --                        ;
; led_matrix_data_path:data_path|two_port_ram:color_matrix|Decoder0~32  ; LABCELL_X15_Y10_N45  ; 3       ; Clock enable              ; no     ; --                   ; --               ; --                        ;
; led_matrix_data_path:data_path|two_port_ram:color_matrix|Decoder0~320 ; LABCELL_X23_Y9_N57   ; 3       ; Clock enable              ; no     ; --                   ; --               ; --                        ;
; led_matrix_data_path:data_path|two_port_ram:color_matrix|Decoder0~321 ; MLABCELL_X8_Y4_N57   ; 3       ; Clock enable              ; no     ; --                   ; --               ; --                        ;
; led_matrix_data_path:data_path|two_port_ram:color_matrix|Decoder0~322 ; LABCELL_X23_Y9_N36   ; 3       ; Clock enable              ; no     ; --                   ; --               ; --                        ;
; led_matrix_data_path:data_path|two_port_ram:color_matrix|Decoder0~323 ; MLABCELL_X8_Y1_N48   ; 3       ; Clock enable              ; no     ; --                   ; --               ; --                        ;
; led_matrix_data_path:data_path|two_port_ram:color_matrix|Decoder0~324 ; LABCELL_X10_Y1_N0    ; 3       ; Clock enable              ; no     ; --                   ; --               ; --                        ;
; led_matrix_data_path:data_path|two_port_ram:color_matrix|Decoder0~325 ; LABCELL_X15_Y8_N27   ; 3       ; Clock enable              ; no     ; --                   ; --               ; --                        ;
; led_matrix_data_path:data_path|two_port_ram:color_matrix|Decoder0~326 ; MLABCELL_X14_Y1_N57  ; 3       ; Clock enable              ; no     ; --                   ; --               ; --                        ;
; led_matrix_data_path:data_path|two_port_ram:color_matrix|Decoder0~327 ; LABCELL_X11_Y3_N33   ; 3       ; Clock enable              ; no     ; --                   ; --               ; --                        ;
; led_matrix_data_path:data_path|two_port_ram:color_matrix|Decoder0~328 ; MLABCELL_X6_Y7_N36   ; 3       ; Clock enable              ; no     ; --                   ; --               ; --                        ;
; led_matrix_data_path:data_path|two_port_ram:color_matrix|Decoder0~329 ; LABCELL_X17_Y6_N36   ; 3       ; Clock enable              ; no     ; --                   ; --               ; --                        ;
; led_matrix_data_path:data_path|two_port_ram:color_matrix|Decoder0~33  ; LABCELL_X2_Y12_N15   ; 3       ; Clock enable              ; no     ; --                   ; --               ; --                        ;
; led_matrix_data_path:data_path|two_port_ram:color_matrix|Decoder0~330 ; MLABCELL_X6_Y7_N30   ; 3       ; Clock enable              ; no     ; --                   ; --               ; --                        ;
; led_matrix_data_path:data_path|two_port_ram:color_matrix|Decoder0~331 ; LABCELL_X10_Y6_N51   ; 3       ; Clock enable              ; no     ; --                   ; --               ; --                        ;
; led_matrix_data_path:data_path|two_port_ram:color_matrix|Decoder0~332 ; LABCELL_X17_Y8_N30   ; 3       ; Clock enable              ; no     ; --                   ; --               ; --                        ;
; led_matrix_data_path:data_path|two_port_ram:color_matrix|Decoder0~333 ; LABCELL_X11_Y4_N6    ; 3       ; Clock enable              ; no     ; --                   ; --               ; --                        ;
; led_matrix_data_path:data_path|two_port_ram:color_matrix|Decoder0~334 ; LABCELL_X21_Y8_N27   ; 3       ; Clock enable              ; no     ; --                   ; --               ; --                        ;
; led_matrix_data_path:data_path|two_port_ram:color_matrix|Decoder0~335 ; MLABCELL_X8_Y2_N45   ; 3       ; Clock enable              ; no     ; --                   ; --               ; --                        ;
; led_matrix_data_path:data_path|two_port_ram:color_matrix|Decoder0~336 ; MLABCELL_X6_Y6_N51   ; 3       ; Clock enable              ; no     ; --                   ; --               ; --                        ;
; led_matrix_data_path:data_path|two_port_ram:color_matrix|Decoder0~337 ; LABCELL_X4_Y6_N27    ; 3       ; Clock enable              ; no     ; --                   ; --               ; --                        ;
; led_matrix_data_path:data_path|two_port_ram:color_matrix|Decoder0~338 ; MLABCELL_X6_Y6_N42   ; 3       ; Clock enable              ; no     ; --                   ; --               ; --                        ;
; led_matrix_data_path:data_path|two_port_ram:color_matrix|Decoder0~339 ; LABCELL_X4_Y6_N42    ; 3       ; Clock enable              ; no     ; --                   ; --               ; --                        ;
; led_matrix_data_path:data_path|two_port_ram:color_matrix|Decoder0~34  ; LABCELL_X15_Y9_N51   ; 3       ; Clock enable              ; no     ; --                   ; --               ; --                        ;
; led_matrix_data_path:data_path|two_port_ram:color_matrix|Decoder0~340 ; LABCELL_X22_Y6_N51   ; 3       ; Clock enable              ; no     ; --                   ; --               ; --                        ;
; led_matrix_data_path:data_path|two_port_ram:color_matrix|Decoder0~341 ; LABCELL_X17_Y1_N54   ; 3       ; Clock enable              ; no     ; --                   ; --               ; --                        ;
; led_matrix_data_path:data_path|two_port_ram:color_matrix|Decoder0~342 ; MLABCELL_X6_Y4_N51   ; 3       ; Clock enable              ; no     ; --                   ; --               ; --                        ;
; led_matrix_data_path:data_path|two_port_ram:color_matrix|Decoder0~343 ; LABCELL_X11_Y1_N33   ; 3       ; Clock enable              ; no     ; --                   ; --               ; --                        ;
; led_matrix_data_path:data_path|two_port_ram:color_matrix|Decoder0~344 ; LABCELL_X17_Y7_N18   ; 3       ; Clock enable              ; no     ; --                   ; --               ; --                        ;
; led_matrix_data_path:data_path|two_port_ram:color_matrix|Decoder0~345 ; LABCELL_X17_Y5_N30   ; 3       ; Clock enable              ; no     ; --                   ; --               ; --                        ;
; led_matrix_data_path:data_path|two_port_ram:color_matrix|Decoder0~346 ; LABCELL_X2_Y5_N51    ; 3       ; Clock enable              ; no     ; --                   ; --               ; --                        ;
; led_matrix_data_path:data_path|two_port_ram:color_matrix|Decoder0~347 ; LABCELL_X17_Y7_N57   ; 3       ; Clock enable              ; no     ; --                   ; --               ; --                        ;
; led_matrix_data_path:data_path|two_port_ram:color_matrix|Decoder0~348 ; MLABCELL_X25_Y6_N51  ; 3       ; Clock enable              ; no     ; --                   ; --               ; --                        ;
; led_matrix_data_path:data_path|two_port_ram:color_matrix|Decoder0~349 ; LABCELL_X11_Y4_N54   ; 3       ; Clock enable              ; no     ; --                   ; --               ; --                        ;
; led_matrix_data_path:data_path|two_port_ram:color_matrix|Decoder0~35  ; MLABCELL_X3_Y8_N36   ; 3       ; Clock enable              ; no     ; --                   ; --               ; --                        ;
; led_matrix_data_path:data_path|two_port_ram:color_matrix|Decoder0~350 ; MLABCELL_X25_Y6_N57  ; 3       ; Clock enable              ; no     ; --                   ; --               ; --                        ;
; led_matrix_data_path:data_path|two_port_ram:color_matrix|Decoder0~351 ; MLABCELL_X8_Y2_N21   ; 3       ; Clock enable              ; no     ; --                   ; --               ; --                        ;
; led_matrix_data_path:data_path|two_port_ram:color_matrix|Decoder0~352 ; MLABCELL_X6_Y6_N54   ; 3       ; Clock enable              ; no     ; --                   ; --               ; --                        ;
; led_matrix_data_path:data_path|two_port_ram:color_matrix|Decoder0~353 ; LABCELL_X4_Y5_N48    ; 3       ; Clock enable              ; no     ; --                   ; --               ; --                        ;
; led_matrix_data_path:data_path|two_port_ram:color_matrix|Decoder0~354 ; MLABCELL_X8_Y1_N45   ; 3       ; Clock enable              ; no     ; --                   ; --               ; --                        ;
; led_matrix_data_path:data_path|two_port_ram:color_matrix|Decoder0~355 ; LABCELL_X10_Y6_N3    ; 3       ; Clock enable              ; no     ; --                   ; --               ; --                        ;
; led_matrix_data_path:data_path|two_port_ram:color_matrix|Decoder0~356 ; LABCELL_X17_Y2_N27   ; 3       ; Clock enable              ; no     ; --                   ; --               ; --                        ;
; led_matrix_data_path:data_path|two_port_ram:color_matrix|Decoder0~357 ; LABCELL_X11_Y4_N36   ; 3       ; Clock enable              ; no     ; --                   ; --               ; --                        ;
; led_matrix_data_path:data_path|two_port_ram:color_matrix|Decoder0~358 ; LABCELL_X9_Y2_N57    ; 3       ; Clock enable              ; no     ; --                   ; --               ; --                        ;
; led_matrix_data_path:data_path|two_port_ram:color_matrix|Decoder0~359 ; MLABCELL_X8_Y3_N0    ; 3       ; Clock enable              ; no     ; --                   ; --               ; --                        ;
; led_matrix_data_path:data_path|two_port_ram:color_matrix|Decoder0~36  ; LABCELL_X2_Y6_N36    ; 3       ; Clock enable              ; no     ; --                   ; --               ; --                        ;
; led_matrix_data_path:data_path|two_port_ram:color_matrix|Decoder0~360 ; LABCELL_X23_Y7_N24   ; 3       ; Clock enable              ; no     ; --                   ; --               ; --                        ;
; led_matrix_data_path:data_path|two_port_ram:color_matrix|Decoder0~361 ; MLABCELL_X14_Y1_N48  ; 3       ; Clock enable              ; no     ; --                   ; --               ; --                        ;
; led_matrix_data_path:data_path|two_port_ram:color_matrix|Decoder0~362 ; LABCELL_X23_Y7_N57   ; 3       ; Clock enable              ; no     ; --                   ; --               ; --                        ;
; led_matrix_data_path:data_path|two_port_ram:color_matrix|Decoder0~363 ; LABCELL_X7_Y2_N57    ; 3       ; Clock enable              ; no     ; --                   ; --               ; --                        ;
; led_matrix_data_path:data_path|two_port_ram:color_matrix|Decoder0~364 ; LABCELL_X9_Y3_N24    ; 3       ; Clock enable              ; no     ; --                   ; --               ; --                        ;
; led_matrix_data_path:data_path|two_port_ram:color_matrix|Decoder0~365 ; LABCELL_X10_Y3_N51   ; 3       ; Clock enable              ; no     ; --                   ; --               ; --                        ;
; led_matrix_data_path:data_path|two_port_ram:color_matrix|Decoder0~366 ; LABCELL_X11_Y2_N3    ; 3       ; Clock enable              ; no     ; --                   ; --               ; --                        ;
; led_matrix_data_path:data_path|two_port_ram:color_matrix|Decoder0~367 ; LABCELL_X22_Y4_N0    ; 3       ; Clock enable              ; no     ; --                   ; --               ; --                        ;
; led_matrix_data_path:data_path|two_port_ram:color_matrix|Decoder0~368 ; MLABCELL_X14_Y5_N30  ; 3       ; Clock enable              ; no     ; --                   ; --               ; --                        ;
; led_matrix_data_path:data_path|two_port_ram:color_matrix|Decoder0~369 ; LABCELL_X10_Y3_N57   ; 3       ; Clock enable              ; no     ; --                   ; --               ; --                        ;
; led_matrix_data_path:data_path|two_port_ram:color_matrix|Decoder0~37  ; MLABCELL_X6_Y10_N3   ; 3       ; Clock enable              ; no     ; --                   ; --               ; --                        ;
; led_matrix_data_path:data_path|two_port_ram:color_matrix|Decoder0~370 ; LABCELL_X17_Y3_N48   ; 3       ; Clock enable              ; no     ; --                   ; --               ; --                        ;
; led_matrix_data_path:data_path|two_port_ram:color_matrix|Decoder0~371 ; LABCELL_X11_Y3_N54   ; 3       ; Clock enable              ; no     ; --                   ; --               ; --                        ;
; led_matrix_data_path:data_path|two_port_ram:color_matrix|Decoder0~372 ; LABCELL_X1_Y7_N0     ; 3       ; Clock enable              ; no     ; --                   ; --               ; --                        ;
; led_matrix_data_path:data_path|two_port_ram:color_matrix|Decoder0~373 ; LABCELL_X18_Y11_N54  ; 3       ; Clock enable              ; no     ; --                   ; --               ; --                        ;
; led_matrix_data_path:data_path|two_port_ram:color_matrix|Decoder0~374 ; MLABCELL_X25_Y7_N48  ; 3       ; Clock enable              ; no     ; --                   ; --               ; --                        ;
; led_matrix_data_path:data_path|two_port_ram:color_matrix|Decoder0~375 ; MLABCELL_X8_Y7_N0    ; 3       ; Clock enable              ; no     ; --                   ; --               ; --                        ;
; led_matrix_data_path:data_path|two_port_ram:color_matrix|Decoder0~376 ; LABCELL_X7_Y3_N57    ; 3       ; Clock enable              ; no     ; --                   ; --               ; --                        ;
; led_matrix_data_path:data_path|two_port_ram:color_matrix|Decoder0~377 ; LABCELL_X10_Y3_N36   ; 3       ; Clock enable              ; no     ; --                   ; --               ; --                        ;
; led_matrix_data_path:data_path|two_port_ram:color_matrix|Decoder0~378 ; MLABCELL_X19_Y6_N36  ; 3       ; Clock enable              ; no     ; --                   ; --               ; --                        ;
; led_matrix_data_path:data_path|two_port_ram:color_matrix|Decoder0~379 ; LABCELL_X11_Y3_N27   ; 3       ; Clock enable              ; no     ; --                   ; --               ; --                        ;
; led_matrix_data_path:data_path|two_port_ram:color_matrix|Decoder0~38  ; MLABCELL_X6_Y10_N30  ; 3       ; Clock enable              ; no     ; --                   ; --               ; --                        ;
; led_matrix_data_path:data_path|two_port_ram:color_matrix|Decoder0~380 ; LABCELL_X10_Y2_N57   ; 3       ; Clock enable              ; no     ; --                   ; --               ; --                        ;
; led_matrix_data_path:data_path|two_port_ram:color_matrix|Decoder0~381 ; LABCELL_X10_Y2_N21   ; 3       ; Clock enable              ; no     ; --                   ; --               ; --                        ;
; led_matrix_data_path:data_path|two_port_ram:color_matrix|Decoder0~382 ; LABCELL_X7_Y5_N48    ; 3       ; Clock enable              ; no     ; --                   ; --               ; --                        ;
; led_matrix_data_path:data_path|two_port_ram:color_matrix|Decoder0~383 ; LABCELL_X9_Y2_N48    ; 3       ; Clock enable              ; no     ; --                   ; --               ; --                        ;
; led_matrix_data_path:data_path|two_port_ram:color_matrix|Decoder0~384 ; LABCELL_X9_Y1_N48    ; 3       ; Clock enable              ; no     ; --                   ; --               ; --                        ;
; led_matrix_data_path:data_path|two_port_ram:color_matrix|Decoder0~385 ; LABCELL_X11_Y1_N6    ; 3       ; Clock enable              ; no     ; --                   ; --               ; --                        ;
; led_matrix_data_path:data_path|two_port_ram:color_matrix|Decoder0~386 ; LABCELL_X10_Y1_N39   ; 3       ; Clock enable              ; no     ; --                   ; --               ; --                        ;
; led_matrix_data_path:data_path|two_port_ram:color_matrix|Decoder0~387 ; LABCELL_X11_Y1_N57   ; 3       ; Clock enable              ; no     ; --                   ; --               ; --                        ;
; led_matrix_data_path:data_path|two_port_ram:color_matrix|Decoder0~388 ; LABCELL_X7_Y6_N12    ; 3       ; Clock enable              ; no     ; --                   ; --               ; --                        ;
; led_matrix_data_path:data_path|two_port_ram:color_matrix|Decoder0~389 ; LABCELL_X18_Y6_N12   ; 3       ; Clock enable              ; no     ; --                   ; --               ; --                        ;
; led_matrix_data_path:data_path|two_port_ram:color_matrix|Decoder0~39  ; MLABCELL_X6_Y10_N51  ; 3       ; Clock enable              ; no     ; --                   ; --               ; --                        ;
; led_matrix_data_path:data_path|two_port_ram:color_matrix|Decoder0~390 ; MLABCELL_X6_Y5_N15   ; 3       ; Clock enable              ; no     ; --                   ; --               ; --                        ;
; led_matrix_data_path:data_path|two_port_ram:color_matrix|Decoder0~391 ; LABCELL_X7_Y6_N57    ; 3       ; Clock enable              ; no     ; --                   ; --               ; --                        ;
; led_matrix_data_path:data_path|two_port_ram:color_matrix|Decoder0~392 ; LABCELL_X17_Y2_N21   ; 3       ; Clock enable              ; no     ; --                   ; --               ; --                        ;
; led_matrix_data_path:data_path|two_port_ram:color_matrix|Decoder0~393 ; LABCELL_X17_Y2_N0    ; 3       ; Clock enable              ; no     ; --                   ; --               ; --                        ;
; led_matrix_data_path:data_path|two_port_ram:color_matrix|Decoder0~394 ; LABCELL_X7_Y5_N45    ; 3       ; Clock enable              ; no     ; --                   ; --               ; --                        ;
; led_matrix_data_path:data_path|two_port_ram:color_matrix|Decoder0~395 ; LABCELL_X11_Y5_N0    ; 3       ; Clock enable              ; no     ; --                   ; --               ; --                        ;
; led_matrix_data_path:data_path|two_port_ram:color_matrix|Decoder0~396 ; MLABCELL_X3_Y4_N36   ; 3       ; Clock enable              ; no     ; --                   ; --               ; --                        ;
; led_matrix_data_path:data_path|two_port_ram:color_matrix|Decoder0~397 ; LABCELL_X13_Y5_N15   ; 3       ; Clock enable              ; no     ; --                   ; --               ; --                        ;
; led_matrix_data_path:data_path|two_port_ram:color_matrix|Decoder0~398 ; MLABCELL_X3_Y4_N45   ; 3       ; Clock enable              ; no     ; --                   ; --               ; --                        ;
; led_matrix_data_path:data_path|two_port_ram:color_matrix|Decoder0~399 ; MLABCELL_X8_Y3_N24   ; 3       ; Clock enable              ; no     ; --                   ; --               ; --                        ;
; led_matrix_data_path:data_path|two_port_ram:color_matrix|Decoder0~4   ; LABCELL_X11_Y12_N48  ; 3       ; Clock enable              ; no     ; --                   ; --               ; --                        ;
; led_matrix_data_path:data_path|two_port_ram:color_matrix|Decoder0~40  ; LABCELL_X17_Y10_N42  ; 3       ; Clock enable              ; no     ; --                   ; --               ; --                        ;
; led_matrix_data_path:data_path|two_port_ram:color_matrix|Decoder0~400 ; LABCELL_X23_Y8_N48   ; 3       ; Clock enable              ; no     ; --                   ; --               ; --                        ;
; led_matrix_data_path:data_path|two_port_ram:color_matrix|Decoder0~401 ; MLABCELL_X6_Y2_N48   ; 3       ; Clock enable              ; no     ; --                   ; --               ; --                        ;
; led_matrix_data_path:data_path|two_port_ram:color_matrix|Decoder0~402 ; LABCELL_X1_Y11_N6    ; 3       ; Clock enable              ; no     ; --                   ; --               ; --                        ;
; led_matrix_data_path:data_path|two_port_ram:color_matrix|Decoder0~403 ; LABCELL_X9_Y4_N51    ; 3       ; Clock enable              ; no     ; --                   ; --               ; --                        ;
; led_matrix_data_path:data_path|two_port_ram:color_matrix|Decoder0~404 ; LABCELL_X21_Y9_N51   ; 3       ; Clock enable              ; no     ; --                   ; --               ; --                        ;
; led_matrix_data_path:data_path|two_port_ram:color_matrix|Decoder0~405 ; MLABCELL_X8_Y3_N42   ; 3       ; Clock enable              ; no     ; --                   ; --               ; --                        ;
; led_matrix_data_path:data_path|two_port_ram:color_matrix|Decoder0~406 ; LABCELL_X18_Y4_N30   ; 3       ; Clock enable              ; no     ; --                   ; --               ; --                        ;
; led_matrix_data_path:data_path|two_port_ram:color_matrix|Decoder0~407 ; MLABCELL_X8_Y3_N36   ; 3       ; Clock enable              ; no     ; --                   ; --               ; --                        ;
; led_matrix_data_path:data_path|two_port_ram:color_matrix|Decoder0~408 ; LABCELL_X23_Y8_N30   ; 3       ; Clock enable              ; no     ; --                   ; --               ; --                        ;
; led_matrix_data_path:data_path|two_port_ram:color_matrix|Decoder0~409 ; LABCELL_X9_Y4_N12    ; 3       ; Clock enable              ; no     ; --                   ; --               ; --                        ;
; led_matrix_data_path:data_path|two_port_ram:color_matrix|Decoder0~41  ; MLABCELL_X3_Y10_N0   ; 3       ; Clock enable              ; no     ; --                   ; --               ; --                        ;
; led_matrix_data_path:data_path|two_port_ram:color_matrix|Decoder0~410 ; LABCELL_X23_Y8_N27   ; 3       ; Clock enable              ; no     ; --                   ; --               ; --                        ;
; led_matrix_data_path:data_path|two_port_ram:color_matrix|Decoder0~411 ; LABCELL_X9_Y4_N0     ; 3       ; Clock enable              ; no     ; --                   ; --               ; --                        ;
; led_matrix_data_path:data_path|two_port_ram:color_matrix|Decoder0~412 ; LABCELL_X13_Y7_N33   ; 3       ; Clock enable              ; no     ; --                   ; --               ; --                        ;
; led_matrix_data_path:data_path|two_port_ram:color_matrix|Decoder0~413 ; MLABCELL_X3_Y11_N57  ; 3       ; Clock enable              ; no     ; --                   ; --               ; --                        ;
; led_matrix_data_path:data_path|two_port_ram:color_matrix|Decoder0~414 ; LABCELL_X18_Y2_N48   ; 3       ; Clock enable              ; no     ; --                   ; --               ; --                        ;
; led_matrix_data_path:data_path|two_port_ram:color_matrix|Decoder0~415 ; LABCELL_X11_Y6_N36   ; 3       ; Clock enable              ; no     ; --                   ; --               ; --                        ;
; led_matrix_data_path:data_path|two_port_ram:color_matrix|Decoder0~416 ; LABCELL_X2_Y5_N42    ; 3       ; Clock enable              ; no     ; --                   ; --               ; --                        ;
; led_matrix_data_path:data_path|two_port_ram:color_matrix|Decoder0~417 ; LABCELL_X23_Y6_N48   ; 3       ; Clock enable              ; no     ; --                   ; --               ; --                        ;
; led_matrix_data_path:data_path|two_port_ram:color_matrix|Decoder0~418 ; LABCELL_X4_Y5_N42    ; 3       ; Clock enable              ; no     ; --                   ; --               ; --                        ;
; led_matrix_data_path:data_path|two_port_ram:color_matrix|Decoder0~419 ; LABCELL_X23_Y6_N12   ; 3       ; Clock enable              ; no     ; --                   ; --               ; --                        ;
; led_matrix_data_path:data_path|two_port_ram:color_matrix|Decoder0~42  ; LABCELL_X7_Y6_N51    ; 3       ; Clock enable              ; no     ; --                   ; --               ; --                        ;
; led_matrix_data_path:data_path|two_port_ram:color_matrix|Decoder0~420 ; LABCELL_X17_Y5_N54   ; 3       ; Clock enable              ; no     ; --                   ; --               ; --                        ;
; led_matrix_data_path:data_path|two_port_ram:color_matrix|Decoder0~421 ; LABCELL_X21_Y6_N36   ; 3       ; Clock enable              ; no     ; --                   ; --               ; --                        ;
; led_matrix_data_path:data_path|two_port_ram:color_matrix|Decoder0~422 ; MLABCELL_X6_Y7_N0    ; 3       ; Clock enable              ; no     ; --                   ; --               ; --                        ;
; led_matrix_data_path:data_path|two_port_ram:color_matrix|Decoder0~423 ; LABCELL_X18_Y5_N15   ; 3       ; Clock enable              ; no     ; --                   ; --               ; --                        ;
; led_matrix_data_path:data_path|two_port_ram:color_matrix|Decoder0~424 ; LABCELL_X13_Y1_N36   ; 3       ; Clock enable              ; no     ; --                   ; --               ; --                        ;
; led_matrix_data_path:data_path|two_port_ram:color_matrix|Decoder0~425 ; LABCELL_X18_Y2_N30   ; 3       ; Clock enable              ; no     ; --                   ; --               ; --                        ;
; led_matrix_data_path:data_path|two_port_ram:color_matrix|Decoder0~426 ; LABCELL_X23_Y7_N3    ; 3       ; Clock enable              ; no     ; --                   ; --               ; --                        ;
; led_matrix_data_path:data_path|two_port_ram:color_matrix|Decoder0~427 ; LABCELL_X11_Y6_N9    ; 3       ; Clock enable              ; no     ; --                   ; --               ; --                        ;
; led_matrix_data_path:data_path|two_port_ram:color_matrix|Decoder0~429 ; LABCELL_X17_Y8_N3    ; 3       ; Clock enable              ; no     ; --                   ; --               ; --                        ;
; led_matrix_data_path:data_path|two_port_ram:color_matrix|Decoder0~43  ; MLABCELL_X3_Y12_N48  ; 3       ; Clock enable              ; no     ; --                   ; --               ; --                        ;
; led_matrix_data_path:data_path|two_port_ram:color_matrix|Decoder0~431 ; LABCELL_X18_Y5_N24   ; 3       ; Clock enable              ; no     ; --                   ; --               ; --                        ;
; led_matrix_data_path:data_path|two_port_ram:color_matrix|Decoder0~432 ; LABCELL_X17_Y8_N39   ; 3       ; Clock enable              ; no     ; --                   ; --               ; --                        ;
; led_matrix_data_path:data_path|two_port_ram:color_matrix|Decoder0~433 ; MLABCELL_X25_Y9_N36  ; 3       ; Clock enable              ; no     ; --                   ; --               ; --                        ;
; led_matrix_data_path:data_path|two_port_ram:color_matrix|Decoder0~434 ; MLABCELL_X25_Y8_N51  ; 3       ; Clock enable              ; no     ; --                   ; --               ; --                        ;
; led_matrix_data_path:data_path|two_port_ram:color_matrix|Decoder0~435 ; MLABCELL_X19_Y8_N54  ; 3       ; Clock enable              ; no     ; --                   ; --               ; --                        ;
; led_matrix_data_path:data_path|two_port_ram:color_matrix|Decoder0~436 ; MLABCELL_X25_Y8_N57  ; 3       ; Clock enable              ; no     ; --                   ; --               ; --                        ;
; led_matrix_data_path:data_path|two_port_ram:color_matrix|Decoder0~437 ; LABCELL_X27_Y8_N36   ; 3       ; Clock enable              ; no     ; --                   ; --               ; --                        ;
; led_matrix_data_path:data_path|two_port_ram:color_matrix|Decoder0~438 ; LABCELL_X18_Y11_N0   ; 3       ; Clock enable              ; no     ; --                   ; --               ; --                        ;
; led_matrix_data_path:data_path|two_port_ram:color_matrix|Decoder0~439 ; LABCELL_X21_Y9_N57   ; 3       ; Clock enable              ; no     ; --                   ; --               ; --                        ;
; led_matrix_data_path:data_path|two_port_ram:color_matrix|Decoder0~440 ; MLABCELL_X14_Y4_N9   ; 3       ; Clock enable              ; no     ; --                   ; --               ; --                        ;
; led_matrix_data_path:data_path|two_port_ram:color_matrix|Decoder0~441 ; MLABCELL_X14_Y4_N6   ; 3       ; Clock enable              ; no     ; --                   ; --               ; --                        ;
; led_matrix_data_path:data_path|two_port_ram:color_matrix|Decoder0~442 ; LABCELL_X18_Y5_N6    ; 3       ; Clock enable              ; no     ; --                   ; --               ; --                        ;
; led_matrix_data_path:data_path|two_port_ram:color_matrix|Decoder0~443 ; LABCELL_X22_Y11_N15  ; 3       ; Clock enable              ; no     ; --                   ; --               ; --                        ;
; led_matrix_data_path:data_path|two_port_ram:color_matrix|Decoder0~444 ; LABCELL_X7_Y3_N27    ; 3       ; Clock enable              ; no     ; --                   ; --               ; --                        ;
; led_matrix_data_path:data_path|two_port_ram:color_matrix|Decoder0~445 ; MLABCELL_X14_Y4_N45  ; 3       ; Clock enable              ; no     ; --                   ; --               ; --                        ;
; led_matrix_data_path:data_path|two_port_ram:color_matrix|Decoder0~447 ; MLABCELL_X19_Y6_N30  ; 3       ; Clock enable              ; no     ; --                   ; --               ; --                        ;
; led_matrix_data_path:data_path|two_port_ram:color_matrix|Decoder0~448 ; LABCELL_X21_Y7_N15   ; 3       ; Clock enable              ; no     ; --                   ; --               ; --                        ;
; led_matrix_data_path:data_path|two_port_ram:color_matrix|Decoder0~449 ; MLABCELL_X19_Y11_N57 ; 3       ; Clock enable              ; no     ; --                   ; --               ; --                        ;
; led_matrix_data_path:data_path|two_port_ram:color_matrix|Decoder0~45  ; LABCELL_X18_Y11_N39  ; 3       ; Clock enable              ; no     ; --                   ; --               ; --                        ;
; led_matrix_data_path:data_path|two_port_ram:color_matrix|Decoder0~450 ; LABCELL_X15_Y7_N36   ; 3       ; Clock enable              ; no     ; --                   ; --               ; --                        ;
; led_matrix_data_path:data_path|two_port_ram:color_matrix|Decoder0~452 ; LABCELL_X23_Y4_N30   ; 3       ; Clock enable              ; no     ; --                   ; --               ; --                        ;
; led_matrix_data_path:data_path|two_port_ram:color_matrix|Decoder0~453 ; LABCELL_X4_Y4_N48    ; 3       ; Clock enable              ; no     ; --                   ; --               ; --                        ;
; led_matrix_data_path:data_path|two_port_ram:color_matrix|Decoder0~454 ; LABCELL_X21_Y11_N27  ; 3       ; Clock enable              ; no     ; --                   ; --               ; --                        ;
; led_matrix_data_path:data_path|two_port_ram:color_matrix|Decoder0~455 ; MLABCELL_X14_Y7_N21  ; 3       ; Clock enable              ; no     ; --                   ; --               ; --                        ;
; led_matrix_data_path:data_path|two_port_ram:color_matrix|Decoder0~456 ; LABCELL_X15_Y7_N48   ; 3       ; Clock enable              ; no     ; --                   ; --               ; --                        ;
; led_matrix_data_path:data_path|two_port_ram:color_matrix|Decoder0~457 ; LABCELL_X15_Y4_N27   ; 3       ; Clock enable              ; no     ; --                   ; --               ; --                        ;
; led_matrix_data_path:data_path|two_port_ram:color_matrix|Decoder0~458 ; MLABCELL_X19_Y5_N48  ; 3       ; Clock enable              ; no     ; --                   ; --               ; --                        ;
; led_matrix_data_path:data_path|two_port_ram:color_matrix|Decoder0~459 ; LABCELL_X9_Y6_N24    ; 3       ; Clock enable              ; no     ; --                   ; --               ; --                        ;
; led_matrix_data_path:data_path|two_port_ram:color_matrix|Decoder0~46  ; LABCELL_X13_Y11_N54  ; 3       ; Clock enable              ; no     ; --                   ; --               ; --                        ;
; led_matrix_data_path:data_path|two_port_ram:color_matrix|Decoder0~460 ; LABCELL_X23_Y4_N51   ; 3       ; Clock enable              ; no     ; --                   ; --               ; --                        ;
; led_matrix_data_path:data_path|two_port_ram:color_matrix|Decoder0~461 ; LABCELL_X15_Y6_N42   ; 3       ; Clock enable              ; no     ; --                   ; --               ; --                        ;
; led_matrix_data_path:data_path|two_port_ram:color_matrix|Decoder0~462 ; LABCELL_X2_Y6_N12    ; 3       ; Clock enable              ; no     ; --                   ; --               ; --                        ;
; led_matrix_data_path:data_path|two_port_ram:color_matrix|Decoder0~463 ; MLABCELL_X14_Y7_N36  ; 3       ; Clock enable              ; no     ; --                   ; --               ; --                        ;
; led_matrix_data_path:data_path|two_port_ram:color_matrix|Decoder0~464 ; MLABCELL_X19_Y10_N9  ; 3       ; Clock enable              ; no     ; --                   ; --               ; --                        ;
; led_matrix_data_path:data_path|two_port_ram:color_matrix|Decoder0~465 ; LABCELL_X23_Y10_N51  ; 3       ; Clock enable              ; no     ; --                   ; --               ; --                        ;
; led_matrix_data_path:data_path|two_port_ram:color_matrix|Decoder0~466 ; LABCELL_X17_Y9_N15   ; 3       ; Clock enable              ; no     ; --                   ; --               ; --                        ;
; led_matrix_data_path:data_path|two_port_ram:color_matrix|Decoder0~467 ; LABCELL_X22_Y7_N12   ; 3       ; Clock enable              ; no     ; --                   ; --               ; --                        ;
; led_matrix_data_path:data_path|two_port_ram:color_matrix|Decoder0~468 ; LABCELL_X22_Y6_N30   ; 3       ; Clock enable              ; no     ; --                   ; --               ; --                        ;
; led_matrix_data_path:data_path|two_port_ram:color_matrix|Decoder0~469 ; LABCELL_X22_Y6_N6    ; 3       ; Clock enable              ; no     ; --                   ; --               ; --                        ;
; led_matrix_data_path:data_path|two_port_ram:color_matrix|Decoder0~470 ; LABCELL_X15_Y4_N30   ; 3       ; Clock enable              ; no     ; --                   ; --               ; --                        ;
; led_matrix_data_path:data_path|two_port_ram:color_matrix|Decoder0~471 ; LABCELL_X21_Y4_N51   ; 3       ; Clock enable              ; no     ; --                   ; --               ; --                        ;
; led_matrix_data_path:data_path|two_port_ram:color_matrix|Decoder0~472 ; LABCELL_X21_Y8_N54   ; 3       ; Clock enable              ; no     ; --                   ; --               ; --                        ;
; led_matrix_data_path:data_path|two_port_ram:color_matrix|Decoder0~473 ; LABCELL_X21_Y8_N0    ; 3       ; Clock enable              ; no     ; --                   ; --               ; --                        ;
; led_matrix_data_path:data_path|two_port_ram:color_matrix|Decoder0~474 ; MLABCELL_X19_Y5_N42  ; 3       ; Clock enable              ; no     ; --                   ; --               ; --                        ;
; led_matrix_data_path:data_path|two_port_ram:color_matrix|Decoder0~475 ; MLABCELL_X19_Y5_N9   ; 3       ; Clock enable              ; no     ; --                   ; --               ; --                        ;
; led_matrix_data_path:data_path|two_port_ram:color_matrix|Decoder0~476 ; MLABCELL_X6_Y4_N42   ; 3       ; Clock enable              ; no     ; --                   ; --               ; --                        ;
; led_matrix_data_path:data_path|two_port_ram:color_matrix|Decoder0~477 ; MLABCELL_X6_Y4_N3    ; 3       ; Clock enable              ; no     ; --                   ; --               ; --                        ;
; led_matrix_data_path:data_path|two_port_ram:color_matrix|Decoder0~478 ; LABCELL_X9_Y6_N54    ; 3       ; Clock enable              ; no     ; --                   ; --               ; --                        ;
; led_matrix_data_path:data_path|two_port_ram:color_matrix|Decoder0~479 ; LABCELL_X21_Y4_N21   ; 3       ; Clock enable              ; no     ; --                   ; --               ; --                        ;
; led_matrix_data_path:data_path|two_port_ram:color_matrix|Decoder0~48  ; LABCELL_X13_Y11_N42  ; 3       ; Clock enable              ; no     ; --                   ; --               ; --                        ;
; led_matrix_data_path:data_path|two_port_ram:color_matrix|Decoder0~480 ; MLABCELL_X19_Y10_N27 ; 3       ; Clock enable              ; no     ; --                   ; --               ; --                        ;
; led_matrix_data_path:data_path|two_port_ram:color_matrix|Decoder0~481 ; MLABCELL_X8_Y6_N24   ; 3       ; Clock enable              ; no     ; --                   ; --               ; --                        ;
; led_matrix_data_path:data_path|two_port_ram:color_matrix|Decoder0~482 ; MLABCELL_X19_Y6_N27  ; 3       ; Clock enable              ; no     ; --                   ; --               ; --                        ;
; led_matrix_data_path:data_path|two_port_ram:color_matrix|Decoder0~483 ; MLABCELL_X8_Y6_N12   ; 3       ; Clock enable              ; no     ; --                   ; --               ; --                        ;
; led_matrix_data_path:data_path|two_port_ram:color_matrix|Decoder0~484 ; LABCELL_X2_Y6_N54    ; 3       ; Clock enable              ; no     ; --                   ; --               ; --                        ;
; led_matrix_data_path:data_path|two_port_ram:color_matrix|Decoder0~485 ; MLABCELL_X3_Y9_N54   ; 3       ; Clock enable              ; no     ; --                   ; --               ; --                        ;
; led_matrix_data_path:data_path|two_port_ram:color_matrix|Decoder0~486 ; LABCELL_X15_Y6_N6    ; 3       ; Clock enable              ; no     ; --                   ; --               ; --                        ;
; led_matrix_data_path:data_path|two_port_ram:color_matrix|Decoder0~487 ; LABCELL_X9_Y7_N54    ; 3       ; Clock enable              ; no     ; --                   ; --               ; --                        ;
; led_matrix_data_path:data_path|two_port_ram:color_matrix|Decoder0~488 ; LABCELL_X15_Y7_N45   ; 3       ; Clock enable              ; no     ; --                   ; --               ; --                        ;
; led_matrix_data_path:data_path|two_port_ram:color_matrix|Decoder0~489 ; MLABCELL_X14_Y3_N36  ; 3       ; Clock enable              ; no     ; --                   ; --               ; --                        ;
; led_matrix_data_path:data_path|two_port_ram:color_matrix|Decoder0~49  ; LABCELL_X9_Y11_N36   ; 3       ; Clock enable              ; no     ; --                   ; --               ; --                        ;
; led_matrix_data_path:data_path|two_port_ram:color_matrix|Decoder0~490 ; LABCELL_X17_Y5_N15   ; 3       ; Clock enable              ; no     ; --                   ; --               ; --                        ;
; led_matrix_data_path:data_path|two_port_ram:color_matrix|Decoder0~491 ; LABCELL_X9_Y6_N51    ; 3       ; Clock enable              ; no     ; --                   ; --               ; --                        ;
; led_matrix_data_path:data_path|two_port_ram:color_matrix|Decoder0~492 ; LABCELL_X4_Y5_N27    ; 3       ; Clock enable              ; no     ; --                   ; --               ; --                        ;
; led_matrix_data_path:data_path|two_port_ram:color_matrix|Decoder0~493 ; LABCELL_X15_Y5_N33   ; 3       ; Clock enable              ; no     ; --                   ; --               ; --                        ;
; led_matrix_data_path:data_path|two_port_ram:color_matrix|Decoder0~494 ; LABCELL_X13_Y6_N18   ; 3       ; Clock enable              ; no     ; --                   ; --               ; --                        ;
; led_matrix_data_path:data_path|two_port_ram:color_matrix|Decoder0~495 ; LABCELL_X9_Y6_N0     ; 3       ; Clock enable              ; no     ; --                   ; --               ; --                        ;
; led_matrix_data_path:data_path|two_port_ram:color_matrix|Decoder0~496 ; LABCELL_X13_Y3_N27   ; 3       ; Clock enable              ; no     ; --                   ; --               ; --                        ;
; led_matrix_data_path:data_path|two_port_ram:color_matrix|Decoder0~497 ; LABCELL_X13_Y5_N54   ; 3       ; Clock enable              ; no     ; --                   ; --               ; --                        ;
; led_matrix_data_path:data_path|two_port_ram:color_matrix|Decoder0~498 ; MLABCELL_X19_Y5_N36  ; 3       ; Clock enable              ; no     ; --                   ; --               ; --                        ;
; led_matrix_data_path:data_path|two_port_ram:color_matrix|Decoder0~499 ; LABCELL_X13_Y3_N45   ; 3       ; Clock enable              ; no     ; --                   ; --               ; --                        ;
; led_matrix_data_path:data_path|two_port_ram:color_matrix|Decoder0~500 ; LABCELL_X18_Y7_N9    ; 3       ; Clock enable              ; no     ; --                   ; --               ; --                        ;
; led_matrix_data_path:data_path|two_port_ram:color_matrix|Decoder0~501 ; MLABCELL_X14_Y5_N24  ; 3       ; Clock enable              ; no     ; --                   ; --               ; --                        ;
; led_matrix_data_path:data_path|two_port_ram:color_matrix|Decoder0~502 ; LABCELL_X18_Y7_N3    ; 3       ; Clock enable              ; no     ; --                   ; --               ; --                        ;
; led_matrix_data_path:data_path|two_port_ram:color_matrix|Decoder0~503 ; MLABCELL_X14_Y5_N45  ; 3       ; Clock enable              ; no     ; --                   ; --               ; --                        ;
; led_matrix_data_path:data_path|two_port_ram:color_matrix|Decoder0~504 ; LABCELL_X15_Y3_N51   ; 3       ; Clock enable              ; no     ; --                   ; --               ; --                        ;
; led_matrix_data_path:data_path|two_port_ram:color_matrix|Decoder0~505 ; LABCELL_X15_Y3_N45   ; 3       ; Clock enable              ; no     ; --                   ; --               ; --                        ;
; led_matrix_data_path:data_path|two_port_ram:color_matrix|Decoder0~506 ; LABCELL_X15_Y7_N27   ; 3       ; Clock enable              ; no     ; --                   ; --               ; --                        ;
; led_matrix_data_path:data_path|two_port_ram:color_matrix|Decoder0~507 ; LABCELL_X15_Y3_N36   ; 3       ; Clock enable              ; no     ; --                   ; --               ; --                        ;
; led_matrix_data_path:data_path|two_port_ram:color_matrix|Decoder0~508 ; MLABCELL_X19_Y8_N45  ; 3       ; Clock enable              ; no     ; --                   ; --               ; --                        ;
; led_matrix_data_path:data_path|two_port_ram:color_matrix|Decoder0~509 ; MLABCELL_X3_Y6_N15   ; 3       ; Clock enable              ; no     ; --                   ; --               ; --                        ;
; led_matrix_data_path:data_path|two_port_ram:color_matrix|Decoder0~51  ; LABCELL_X7_Y9_N24    ; 3       ; Clock enable              ; no     ; --                   ; --               ; --                        ;
; led_matrix_data_path:data_path|two_port_ram:color_matrix|Decoder0~510 ; MLABCELL_X19_Y4_N0   ; 3       ; Clock enable              ; no     ; --                   ; --               ; --                        ;
; led_matrix_data_path:data_path|two_port_ram:color_matrix|Decoder0~511 ; LABCELL_X15_Y5_N6    ; 3       ; Clock enable              ; no     ; --                   ; --               ; --                        ;
; led_matrix_data_path:data_path|two_port_ram:color_matrix|Decoder0~512 ; LABCELL_X7_Y5_N3     ; 3       ; Clock enable              ; no     ; --                   ; --               ; --                        ;
; led_matrix_data_path:data_path|two_port_ram:color_matrix|Decoder0~513 ; LABCELL_X15_Y2_N42   ; 3       ; Clock enable              ; no     ; --                   ; --               ; --                        ;
; led_matrix_data_path:data_path|two_port_ram:color_matrix|Decoder0~514 ; LABCELL_X13_Y2_N57   ; 3       ; Clock enable              ; no     ; --                   ; --               ; --                        ;
; led_matrix_data_path:data_path|two_port_ram:color_matrix|Decoder0~515 ; MLABCELL_X14_Y2_N57  ; 3       ; Clock enable              ; no     ; --                   ; --               ; --                        ;
; led_matrix_data_path:data_path|two_port_ram:color_matrix|Decoder0~516 ; LABCELL_X10_Y7_N42   ; 3       ; Clock enable              ; no     ; --                   ; --               ; --                        ;
; led_matrix_data_path:data_path|two_port_ram:color_matrix|Decoder0~517 ; LABCELL_X17_Y4_N45   ; 3       ; Clock enable              ; no     ; --                   ; --               ; --                        ;
; led_matrix_data_path:data_path|two_port_ram:color_matrix|Decoder0~518 ; LABCELL_X4_Y4_N57    ; 3       ; Clock enable              ; no     ; --                   ; --               ; --                        ;
; led_matrix_data_path:data_path|two_port_ram:color_matrix|Decoder0~519 ; MLABCELL_X14_Y5_N0   ; 3       ; Clock enable              ; no     ; --                   ; --               ; --                        ;
; led_matrix_data_path:data_path|two_port_ram:color_matrix|Decoder0~52  ; LABCELL_X2_Y11_N27   ; 3       ; Clock enable              ; no     ; --                   ; --               ; --                        ;
; led_matrix_data_path:data_path|two_port_ram:color_matrix|Decoder0~520 ; LABCELL_X18_Y6_N18   ; 3       ; Clock enable              ; no     ; --                   ; --               ; --                        ;
; led_matrix_data_path:data_path|two_port_ram:color_matrix|Decoder0~521 ; LABCELL_X15_Y2_N6    ; 3       ; Clock enable              ; no     ; --                   ; --               ; --                        ;
; led_matrix_data_path:data_path|two_port_ram:color_matrix|Decoder0~522 ; LABCELL_X18_Y6_N9    ; 3       ; Clock enable              ; no     ; --                   ; --               ; --                        ;
; led_matrix_data_path:data_path|two_port_ram:color_matrix|Decoder0~523 ; LABCELL_X15_Y2_N3    ; 3       ; Clock enable              ; no     ; --                   ; --               ; --                        ;
; led_matrix_data_path:data_path|two_port_ram:color_matrix|Decoder0~524 ; LABCELL_X22_Y8_N48   ; 3       ; Clock enable              ; no     ; --                   ; --               ; --                        ;
; led_matrix_data_path:data_path|two_port_ram:color_matrix|Decoder0~525 ; LABCELL_X18_Y2_N0    ; 3       ; Clock enable              ; no     ; --                   ; --               ; --                        ;
; led_matrix_data_path:data_path|two_port_ram:color_matrix|Decoder0~526 ; LABCELL_X21_Y6_N45   ; 3       ; Clock enable              ; no     ; --                   ; --               ; --                        ;
; led_matrix_data_path:data_path|two_port_ram:color_matrix|Decoder0~527 ; MLABCELL_X14_Y5_N57  ; 3       ; Clock enable              ; no     ; --                   ; --               ; --                        ;
; led_matrix_data_path:data_path|two_port_ram:color_matrix|Decoder0~528 ; LABCELL_X11_Y2_N27   ; 3       ; Clock enable              ; no     ; --                   ; --               ; --                        ;
; led_matrix_data_path:data_path|two_port_ram:color_matrix|Decoder0~529 ; LABCELL_X17_Y3_N6    ; 3       ; Clock enable              ; no     ; --                   ; --               ; --                        ;
; led_matrix_data_path:data_path|two_port_ram:color_matrix|Decoder0~530 ; MLABCELL_X25_Y7_N45  ; 3       ; Clock enable              ; no     ; --                   ; --               ; --                        ;
; led_matrix_data_path:data_path|two_port_ram:color_matrix|Decoder0~531 ; MLABCELL_X14_Y3_N48  ; 3       ; Clock enable              ; no     ; --                   ; --               ; --                        ;
; led_matrix_data_path:data_path|two_port_ram:color_matrix|Decoder0~532 ; LABCELL_X18_Y7_N21   ; 3       ; Clock enable              ; no     ; --                   ; --               ; --                        ;
; led_matrix_data_path:data_path|two_port_ram:color_matrix|Decoder0~533 ; LABCELL_X17_Y4_N36   ; 3       ; Clock enable              ; no     ; --                   ; --               ; --                        ;
; led_matrix_data_path:data_path|two_port_ram:color_matrix|Decoder0~534 ; LABCELL_X18_Y8_N27   ; 3       ; Clock enable              ; no     ; --                   ; --               ; --                        ;
; led_matrix_data_path:data_path|two_port_ram:color_matrix|Decoder0~535 ; MLABCELL_X14_Y3_N54  ; 3       ; Clock enable              ; no     ; --                   ; --               ; --                        ;
; led_matrix_data_path:data_path|two_port_ram:color_matrix|Decoder0~536 ; LABCELL_X22_Y4_N45   ; 3       ; Clock enable              ; no     ; --                   ; --               ; --                        ;
; led_matrix_data_path:data_path|two_port_ram:color_matrix|Decoder0~537 ; LABCELL_X10_Y4_N36   ; 3       ; Clock enable              ; no     ; --                   ; --               ; --                        ;
; led_matrix_data_path:data_path|two_port_ram:color_matrix|Decoder0~538 ; LABCELL_X10_Y4_N0    ; 3       ; Clock enable              ; no     ; --                   ; --               ; --                        ;
; led_matrix_data_path:data_path|two_port_ram:color_matrix|Decoder0~539 ; LABCELL_X10_Y4_N3    ; 3       ; Clock enable              ; no     ; --                   ; --               ; --                        ;
; led_matrix_data_path:data_path|two_port_ram:color_matrix|Decoder0~54  ; LABCELL_X17_Y12_N42  ; 3       ; Clock enable              ; no     ; --                   ; --               ; --                        ;
; led_matrix_data_path:data_path|two_port_ram:color_matrix|Decoder0~540 ; LABCELL_X22_Y8_N6    ; 3       ; Clock enable              ; no     ; --                   ; --               ; --                        ;
; led_matrix_data_path:data_path|two_port_ram:color_matrix|Decoder0~541 ; LABCELL_X13_Y6_N21   ; 3       ; Clock enable              ; no     ; --                   ; --               ; --                        ;
; led_matrix_data_path:data_path|two_port_ram:color_matrix|Decoder0~542 ; LABCELL_X18_Y8_N45   ; 3       ; Clock enable              ; no     ; --                   ; --               ; --                        ;
; led_matrix_data_path:data_path|two_port_ram:color_matrix|Decoder0~543 ; LABCELL_X13_Y6_N54   ; 3       ; Clock enable              ; no     ; --                   ; --               ; --                        ;
; led_matrix_data_path:data_path|two_port_ram:color_matrix|Decoder0~544 ; MLABCELL_X8_Y5_N57   ; 3       ; Clock enable              ; no     ; --                   ; --               ; --                        ;
; led_matrix_data_path:data_path|two_port_ram:color_matrix|Decoder0~545 ; MLABCELL_X8_Y5_N27   ; 3       ; Clock enable              ; no     ; --                   ; --               ; --                        ;
; led_matrix_data_path:data_path|two_port_ram:color_matrix|Decoder0~546 ; MLABCELL_X6_Y5_N54   ; 3       ; Clock enable              ; no     ; --                   ; --               ; --                        ;
; led_matrix_data_path:data_path|two_port_ram:color_matrix|Decoder0~547 ; LABCELL_X9_Y5_N42    ; 3       ; Clock enable              ; no     ; --                   ; --               ; --                        ;
; led_matrix_data_path:data_path|two_port_ram:color_matrix|Decoder0~548 ; LABCELL_X11_Y7_N27   ; 3       ; Clock enable              ; no     ; --                   ; --               ; --                        ;
; led_matrix_data_path:data_path|two_port_ram:color_matrix|Decoder0~549 ; LABCELL_X11_Y7_N30   ; 3       ; Clock enable              ; no     ; --                   ; --               ; --                        ;
; led_matrix_data_path:data_path|two_port_ram:color_matrix|Decoder0~55  ; LABCELL_X10_Y11_N12  ; 3       ; Clock enable              ; no     ; --                   ; --               ; --                        ;
; led_matrix_data_path:data_path|two_port_ram:color_matrix|Decoder0~550 ; LABCELL_X18_Y8_N39   ; 3       ; Clock enable              ; no     ; --                   ; --               ; --                        ;
; led_matrix_data_path:data_path|two_port_ram:color_matrix|Decoder0~551 ; LABCELL_X11_Y7_N36   ; 3       ; Clock enable              ; no     ; --                   ; --               ; --                        ;
; led_matrix_data_path:data_path|two_port_ram:color_matrix|Decoder0~552 ; LABCELL_X9_Y2_N39    ; 3       ; Clock enable              ; no     ; --                   ; --               ; --                        ;
; led_matrix_data_path:data_path|two_port_ram:color_matrix|Decoder0~553 ; LABCELL_X9_Y5_N3     ; 3       ; Clock enable              ; no     ; --                   ; --               ; --                        ;
; led_matrix_data_path:data_path|two_port_ram:color_matrix|Decoder0~554 ; LABCELL_X4_Y4_N21    ; 3       ; Clock enable              ; no     ; --                   ; --               ; --                        ;
; led_matrix_data_path:data_path|two_port_ram:color_matrix|Decoder0~555 ; LABCELL_X10_Y5_N36   ; 3       ; Clock enable              ; no     ; --                   ; --               ; --                        ;
; led_matrix_data_path:data_path|two_port_ram:color_matrix|Decoder0~556 ; LABCELL_X22_Y8_N36   ; 3       ; Clock enable              ; no     ; --                   ; --               ; --                        ;
; led_matrix_data_path:data_path|two_port_ram:color_matrix|Decoder0~557 ; LABCELL_X11_Y5_N57   ; 3       ; Clock enable              ; no     ; --                   ; --               ; --                        ;
; led_matrix_data_path:data_path|two_port_ram:color_matrix|Decoder0~558 ; LABCELL_X18_Y5_N57   ; 3       ; Clock enable              ; no     ; --                   ; --               ; --                        ;
; led_matrix_data_path:data_path|two_port_ram:color_matrix|Decoder0~559 ; LABCELL_X11_Y5_N36   ; 3       ; Clock enable              ; no     ; --                   ; --               ; --                        ;
; led_matrix_data_path:data_path|two_port_ram:color_matrix|Decoder0~57  ; LABCELL_X15_Y8_N51   ; 3       ; Clock enable              ; no     ; --                   ; --               ; --                        ;
; led_matrix_data_path:data_path|two_port_ram:color_matrix|Decoder0~58  ; LABCELL_X15_Y8_N15   ; 3       ; Clock enable              ; no     ; --                   ; --               ; --                        ;
; led_matrix_data_path:data_path|two_port_ram:color_matrix|Decoder0~6   ; LABCELL_X11_Y12_N42  ; 3       ; Clock enable              ; no     ; --                   ; --               ; --                        ;
; led_matrix_data_path:data_path|two_port_ram:color_matrix|Decoder0~60  ; MLABCELL_X19_Y7_N48  ; 3       ; Clock enable              ; no     ; --                   ; --               ; --                        ;
; led_matrix_data_path:data_path|two_port_ram:color_matrix|Decoder0~61  ; LABCELL_X15_Y8_N42   ; 3       ; Clock enable              ; no     ; --                   ; --               ; --                        ;
; led_matrix_data_path:data_path|two_port_ram:color_matrix|Decoder0~63  ; LABCELL_X21_Y10_N48  ; 3       ; Clock enable              ; no     ; --                   ; --               ; --                        ;
; led_matrix_data_path:data_path|two_port_ram:color_matrix|Decoder0~64  ; MLABCELL_X3_Y5_N24   ; 3       ; Clock enable              ; no     ; --                   ; --               ; --                        ;
; led_matrix_data_path:data_path|two_port_ram:color_matrix|Decoder0~66  ; LABCELL_X4_Y7_N48    ; 3       ; Clock enable              ; no     ; --                   ; --               ; --                        ;
; led_matrix_data_path:data_path|two_port_ram:color_matrix|Decoder0~67  ; LABCELL_X4_Y8_N45    ; 3       ; Clock enable              ; no     ; --                   ; --               ; --                        ;
; led_matrix_data_path:data_path|two_port_ram:color_matrix|Decoder0~68  ; MLABCELL_X19_Y12_N24 ; 3       ; Clock enable              ; no     ; --                   ; --               ; --                        ;
; led_matrix_data_path:data_path|two_port_ram:color_matrix|Decoder0~69  ; LABCELL_X21_Y11_N48  ; 3       ; Clock enable              ; no     ; --                   ; --               ; --                        ;
; led_matrix_data_path:data_path|two_port_ram:color_matrix|Decoder0~7   ; LABCELL_X11_Y12_N0   ; 3       ; Clock enable              ; no     ; --                   ; --               ; --                        ;
; led_matrix_data_path:data_path|two_port_ram:color_matrix|Decoder0~70  ; LABCELL_X7_Y7_N27    ; 3       ; Clock enable              ; no     ; --                   ; --               ; --                        ;
; led_matrix_data_path:data_path|two_port_ram:color_matrix|Decoder0~71  ; MLABCELL_X8_Y7_N48   ; 3       ; Clock enable              ; no     ; --                   ; --               ; --                        ;
; led_matrix_data_path:data_path|two_port_ram:color_matrix|Decoder0~72  ; LABCELL_X11_Y8_N36   ; 3       ; Clock enable              ; no     ; --                   ; --               ; --                        ;
; led_matrix_data_path:data_path|two_port_ram:color_matrix|Decoder0~73  ; LABCELL_X17_Y10_N51  ; 3       ; Clock enable              ; no     ; --                   ; --               ; --                        ;
; led_matrix_data_path:data_path|two_port_ram:color_matrix|Decoder0~74  ; LABCELL_X4_Y7_N6     ; 3       ; Clock enable              ; no     ; --                   ; --               ; --                        ;
; led_matrix_data_path:data_path|two_port_ram:color_matrix|Decoder0~75  ; MLABCELL_X3_Y8_N12   ; 3       ; Clock enable              ; no     ; --                   ; --               ; --                        ;
; led_matrix_data_path:data_path|two_port_ram:color_matrix|Decoder0~76  ; LABCELL_X1_Y8_N48    ; 3       ; Clock enable              ; no     ; --                   ; --               ; --                        ;
; led_matrix_data_path:data_path|two_port_ram:color_matrix|Decoder0~77  ; LABCELL_X2_Y9_N48    ; 3       ; Clock enable              ; no     ; --                   ; --               ; --                        ;
; led_matrix_data_path:data_path|two_port_ram:color_matrix|Decoder0~78  ; MLABCELL_X3_Y5_N45   ; 3       ; Clock enable              ; no     ; --                   ; --               ; --                        ;
; led_matrix_data_path:data_path|two_port_ram:color_matrix|Decoder0~79  ; MLABCELL_X8_Y7_N12   ; 3       ; Clock enable              ; no     ; --                   ; --               ; --                        ;
; led_matrix_data_path:data_path|two_port_ram:color_matrix|Decoder0~80  ; MLABCELL_X19_Y7_N39  ; 3       ; Clock enable              ; no     ; --                   ; --               ; --                        ;
; led_matrix_data_path:data_path|two_port_ram:color_matrix|Decoder0~81  ; LABCELL_X21_Y11_N45  ; 3       ; Clock enable              ; no     ; --                   ; --               ; --                        ;
; led_matrix_data_path:data_path|two_port_ram:color_matrix|Decoder0~82  ; LABCELL_X4_Y7_N27    ; 3       ; Clock enable              ; no     ; --                   ; --               ; --                        ;
; led_matrix_data_path:data_path|two_port_ram:color_matrix|Decoder0~83  ; LABCELL_X9_Y9_N0     ; 3       ; Clock enable              ; no     ; --                   ; --               ; --                        ;
; led_matrix_data_path:data_path|two_port_ram:color_matrix|Decoder0~85  ; LABCELL_X15_Y12_N42  ; 3       ; Clock enable              ; no     ; --                   ; --               ; --                        ;
; led_matrix_data_path:data_path|two_port_ram:color_matrix|Decoder0~87  ; MLABCELL_X8_Y13_N27  ; 3       ; Clock enable              ; no     ; --                   ; --               ; --                        ;
; led_matrix_data_path:data_path|two_port_ram:color_matrix|Decoder0~88  ; MLABCELL_X19_Y11_N51 ; 3       ; Clock enable              ; no     ; --                   ; --               ; --                        ;
; led_matrix_data_path:data_path|two_port_ram:color_matrix|Decoder0~89  ; MLABCELL_X19_Y12_N9  ; 3       ; Clock enable              ; no     ; --                   ; --               ; --                        ;
; led_matrix_data_path:data_path|two_port_ram:color_matrix|Decoder0~9   ; LABCELL_X17_Y12_N36  ; 3       ; Clock enable              ; no     ; --                   ; --               ; --                        ;
; led_matrix_data_path:data_path|two_port_ram:color_matrix|Decoder0~91  ; LABCELL_X13_Y10_N6   ; 3       ; Clock enable              ; no     ; --                   ; --               ; --                        ;
; led_matrix_data_path:data_path|two_port_ram:color_matrix|Decoder0~93  ; LABCELL_X13_Y12_N54  ; 3       ; Clock enable              ; no     ; --                   ; --               ; --                        ;
; led_matrix_data_path:data_path|two_port_ram:color_matrix|Decoder0~94  ; MLABCELL_X19_Y12_N54 ; 3       ; Clock enable              ; no     ; --                   ; --               ; --                        ;
; led_matrix_data_path:data_path|two_port_ram:color_matrix|Decoder0~95  ; LABCELL_X15_Y13_N0   ; 3       ; Clock enable              ; no     ; --                   ; --               ; --                        ;
; led_matrix_data_path:data_path|two_port_ram:color_matrix|Decoder0~96  ; LABCELL_X17_Y1_N27   ; 3       ; Clock enable              ; no     ; --                   ; --               ; --                        ;
; led_matrix_data_path:data_path|two_port_ram:color_matrix|Decoder0~97  ; LABCELL_X22_Y9_N0    ; 3       ; Clock enable              ; no     ; --                   ; --               ; --                        ;
; led_matrix_data_path:data_path|two_port_ram:color_matrix|Decoder0~98  ; LABCELL_X9_Y8_N0     ; 3       ; Clock enable              ; no     ; --                   ; --               ; --                        ;
; led_matrix_data_path:data_path|two_port_ram:color_matrix|Decoder0~99  ; LABCELL_X11_Y8_N57   ; 3       ; Clock enable              ; no     ; --                   ; --               ; --                        ;
; s1                                                                    ; PIN_AH23             ; 1631    ; Async. clear              ; yes    ; Global Clock         ; GCLK5            ; --                        ;
+-----------------------------------------------------------------------+----------------------+---------+---------------------------+--------+----------------------+------------------+---------------------------+


+------------------------------------------------------------------------------------------------------------+
; Global & Other Fast Signals                                                                                ;
+------------+---------------+---------+----------------------+------------------+---------------------------+
; Name       ; Location      ; Fan-Out ; Global Resource Used ; Global Line Name ; Enable Signal Source Name ;
+------------+---------------+---------+----------------------+------------------+---------------------------+
; CLK        ; PIN_V11       ; 6       ; Global Clock         ; GCLK6            ; --                        ;
; counter[2] ; FF_X19_Y3_N29 ; 3270    ; Global Clock         ; GCLK4            ; --                        ;
; s1         ; PIN_AH23      ; 1631    ; Global Clock         ; GCLK5            ; --                        ;
+------------+---------------+---------+----------------------+------------------+---------------------------+


+---------------------------------------------------------------+
; Non-Global High Fan-Out Signals                               ;
+-----------------------------------------------------+---------+
; Name                                                ; Fan-Out ;
+-----------------------------------------------------+---------+
; etch_a_sketch:game_logic|shake_timer[22]            ; 514     ;
; etch_a_sketch:game_logic|shake_timer[21]            ; 514     ;
; etch_a_sketch:game_logic|draw_colour.001            ; 513     ;
; etch_a_sketch:game_logic|draw_colour.010            ; 513     ;
; etch_a_sketch:game_logic|draw_colour.100            ; 513     ;
; etch_a_sketch:game_logic|LessThan0~5                ; 513     ;
; etch_a_sketch:game_logic|shake_counter[0]~DUPLICATE ; 512     ;
; led_matrix_data_path:data_path|write_data[0]        ; 512     ;
; led_matrix_data_path:data_path|write_data[1]        ; 512     ;
; led_matrix_data_path:data_path|write_data[2]        ; 512     ;
+-----------------------------------------------------+---------+


+-----------------------------------------------------------------------+
; Routing Usage Summary                                                 ;
+---------------------------------------------+-------------------------+
; Routing Resource Type                       ; Usage                   ;
+---------------------------------------------+-------------------------+
; Block interconnects                         ; 9,169 / 130,276 ( 7 % ) ;
; C12 interconnects                           ; 123 / 6,848 ( 2 % )     ;
; C2 interconnects                            ; 2,434 / 51,436 ( 5 % )  ;
; C4 interconnects                            ; 1,248 / 25,120 ( 5 % )  ;
; DQS bus muxes                               ; 0 / 19 ( 0 % )          ;
; DQS-18 I/O buses                            ; 0 / 19 ( 0 % )          ;
; DQS-9 I/O buses                             ; 0 / 19 ( 0 % )          ;
; Direct links                                ; 604 / 130,276 ( < 1 % ) ;
; Global clocks                               ; 3 / 16 ( 19 % )         ;
; HPS SDRAM PLL inputs                        ; 0 / 1 ( 0 % )           ;
; HPS SDRAM PLL outputs                       ; 0 / 1 ( 0 % )           ;
; HPS_INTERFACE_BOOT_FROM_FPGA_INPUTs         ; 0 / 9 ( 0 % )           ;
; HPS_INTERFACE_CLOCKS_RESETS_INPUTs          ; 0 / 7 ( 0 % )           ;
; HPS_INTERFACE_CLOCKS_RESETS_OUTPUTs         ; 0 / 6 ( 0 % )           ;
; HPS_INTERFACE_CROSS_TRIGGER_INPUTs          ; 0 / 18 ( 0 % )          ;
; HPS_INTERFACE_CROSS_TRIGGER_OUTPUTs         ; 0 / 24 ( 0 % )          ;
; HPS_INTERFACE_DBG_APB_INPUTs                ; 0 / 37 ( 0 % )          ;
; HPS_INTERFACE_DBG_APB_OUTPUTs               ; 0 / 55 ( 0 % )          ;
; HPS_INTERFACE_DMA_INPUTs                    ; 0 / 16 ( 0 % )          ;
; HPS_INTERFACE_DMA_OUTPUTs                   ; 0 / 8 ( 0 % )           ;
; HPS_INTERFACE_FPGA2HPS_INPUTs               ; 0 / 287 ( 0 % )         ;
; HPS_INTERFACE_FPGA2HPS_OUTPUTs              ; 0 / 154 ( 0 % )         ;
; HPS_INTERFACE_FPGA2SDRAM_INPUTs             ; 0 / 852 ( 0 % )         ;
; HPS_INTERFACE_FPGA2SDRAM_OUTPUTs            ; 0 / 408 ( 0 % )         ;
; HPS_INTERFACE_HPS2FPGA_INPUTs               ; 0 / 165 ( 0 % )         ;
; HPS_INTERFACE_HPS2FPGA_LIGHT_WEIGHT_INPUTs  ; 0 / 67 ( 0 % )          ;
; HPS_INTERFACE_HPS2FPGA_LIGHT_WEIGHT_OUTPUTs ; 0 / 156 ( 0 % )         ;
; HPS_INTERFACE_HPS2FPGA_OUTPUTs              ; 0 / 282 ( 0 % )         ;
; HPS_INTERFACE_INTERRUPTS_INPUTs             ; 0 / 64 ( 0 % )          ;
; HPS_INTERFACE_INTERRUPTS_OUTPUTs            ; 0 / 42 ( 0 % )          ;
; HPS_INTERFACE_JTAG_OUTPUTs                  ; 0 / 5 ( 0 % )           ;
; HPS_INTERFACE_LOAN_IO_INPUTs                ; 0 / 142 ( 0 % )         ;
; HPS_INTERFACE_LOAN_IO_OUTPUTs               ; 0 / 85 ( 0 % )          ;
; HPS_INTERFACE_MPU_EVENT_STANDBY_INPUTs      ; 0 / 1 ( 0 % )           ;
; HPS_INTERFACE_MPU_EVENT_STANDBY_OUTPUTs     ; 0 / 5 ( 0 % )           ;
; HPS_INTERFACE_MPU_GENERAL_PURPOSE_INPUTs    ; 0 / 32 ( 0 % )          ;
; HPS_INTERFACE_MPU_GENERAL_PURPOSE_OUTPUTs   ; 0 / 32 ( 0 % )          ;
; HPS_INTERFACE_PERIPHERAL_CAN_INPUTs         ; 0 / 2 ( 0 % )           ;
; HPS_INTERFACE_PERIPHERAL_CAN_OUTPUTs        ; 0 / 2 ( 0 % )           ;
; HPS_INTERFACE_PERIPHERAL_EMAC_INPUTs        ; 0 / 32 ( 0 % )          ;
; HPS_INTERFACE_PERIPHERAL_EMAC_OUTPUTs       ; 0 / 34 ( 0 % )          ;
; HPS_INTERFACE_PERIPHERAL_I2C_INPUTs         ; 0 / 8 ( 0 % )           ;
; HPS_INTERFACE_PERIPHERAL_I2C_OUTPUTs        ; 0 / 8 ( 0 % )           ;
; HPS_INTERFACE_PERIPHERAL_NAND_INPUTs        ; 0 / 12 ( 0 % )          ;
; HPS_INTERFACE_PERIPHERAL_NAND_OUTPUTs       ; 0 / 18 ( 0 % )          ;
; HPS_INTERFACE_PERIPHERAL_QSPI_INPUTs        ; 0 / 4 ( 0 % )           ;
; HPS_INTERFACE_PERIPHERAL_QSPI_OUTPUTs       ; 0 / 13 ( 0 % )          ;
; HPS_INTERFACE_PERIPHERAL_SDMMC_INPUTs       ; 0 / 13 ( 0 % )          ;
; HPS_INTERFACE_PERIPHERAL_SDMMC_OUTPUTs      ; 0 / 22 ( 0 % )          ;
; HPS_INTERFACE_PERIPHERAL_SPI_MASTER_INPUTs  ; 0 / 4 ( 0 % )           ;
; HPS_INTERFACE_PERIPHERAL_SPI_MASTER_OUTPUTs ; 0 / 14 ( 0 % )          ;
; HPS_INTERFACE_PERIPHERAL_SPI_SLAVE_INPUTs   ; 0 / 6 ( 0 % )           ;
; HPS_INTERFACE_PERIPHERAL_SPI_SLAVE_OUTPUTs  ; 0 / 4 ( 0 % )           ;
; HPS_INTERFACE_PERIPHERAL_UART_INPUTs        ; 0 / 10 ( 0 % )          ;
; HPS_INTERFACE_PERIPHERAL_UART_OUTPUTs       ; 0 / 10 ( 0 % )          ;
; HPS_INTERFACE_PERIPHERAL_USB_INPUTs         ; 0 / 22 ( 0 % )          ;
; HPS_INTERFACE_PERIPHERAL_USB_OUTPUTs        ; 0 / 34 ( 0 % )          ;
; HPS_INTERFACE_STM_EVENT_INPUTs              ; 0 / 28 ( 0 % )          ;
; HPS_INTERFACE_TEST_INPUTs                   ; 0 / 610 ( 0 % )         ;
; HPS_INTERFACE_TEST_OUTPUTs                  ; 0 / 513 ( 0 % )         ;
; HPS_INTERFACE_TPIU_TRACE_INPUTs             ; 0 / 2 ( 0 % )           ;
; HPS_INTERFACE_TPIU_TRACE_OUTPUTs            ; 0 / 33 ( 0 % )          ;
; Horizontal periphery clocks                 ; 0 / 12 ( 0 % )          ;
; Local interconnects                         ; 1,950 / 31,760 ( 6 % )  ;
; Quadrant clocks                             ; 0 / 72 ( 0 % )          ;
; R14 interconnects                           ; 331 / 6,046 ( 5 % )     ;
; R14/C12 interconnect drivers                ; 413 / 8,584 ( 5 % )     ;
; R3 interconnects                            ; 3,021 / 56,712 ( 5 % )  ;
; R6 interconnects                            ; 5,129 / 131,000 ( 4 % ) ;
; Spine clocks                                ; 9 / 150 ( 6 % )         ;
; Wire stub REs                               ; 0 / 6,650 ( 0 % )       ;
+---------------------------------------------+-------------------------+


+------------------------------------------+
; I/O Rules Summary                        ;
+----------------------------------+-------+
; I/O Rules Statistic              ; Total ;
+----------------------------------+-------+
; Total I/O Rules                  ; 28    ;
; Number of I/O Rules Passed       ; 11    ;
; Number of I/O Rules Failed       ; 0     ;
; Number of I/O Rules Unchecked    ; 0     ;
; Number of I/O Rules Inapplicable ; 17    ;
+----------------------------------+-------+


+----------------------------------------------------------------------------------------------------------------------------------------------------------------------------------------------------------------------------------------------------------+
; I/O Rules Details                                                                                                                                                                                                                                        ;
+--------------+-----------+-----------------------------------+------------------------------------------------------------------------------------+----------+-------------------------------------------------+---------------------+-------------------+
; Status       ; ID        ; Category                          ; Rule Description                                                                   ; Severity ; Information                                     ; Area                ; Extra Information ;
+--------------+-----------+-----------------------------------+------------------------------------------------------------------------------------+----------+-------------------------------------------------+---------------------+-------------------+
; Pass         ; IO_000001 ; Capacity Checks                   ; Number of pins in an I/O bank should not exceed the number of locations available. ; Critical ; 0 such failures found.                          ; I/O                 ;                   ;
; Inapplicable ; IO_000002 ; Capacity Checks                   ; Number of clocks in an I/O bank should not exceed the number of clocks available.  ; Critical ; No Global Signal assignments found.             ; I/O                 ;                   ;
; Pass         ; IO_000003 ; Capacity Checks                   ; Number of pins in a Vrefgroup should not exceed the number of locations available. ; Critical ; 0 such failures found.                          ; I/O                 ;                   ;
; Inapplicable ; IO_000004 ; Voltage Compatibility Checks      ; The I/O bank should support the requested VCCIO.                                   ; Critical ; No IOBANK_VCCIO assignments found.              ; I/O                 ;                   ;
; Inapplicable ; IO_000005 ; Voltage Compatibility Checks      ; The I/O bank should not have competing VREF values.                                ; Critical ; No VREF I/O Standard assignments found.         ; I/O                 ;                   ;
; Pass         ; IO_000006 ; Voltage Compatibility Checks      ; The I/O bank should not have competing VCCIO values.                               ; Critical ; 0 such failures found.                          ; I/O                 ;                   ;
; Pass         ; IO_000007 ; Valid Location Checks             ; Checks for unavailable locations.                                                  ; Critical ; 0 such failures found.                          ; I/O                 ;                   ;
; Inapplicable ; IO_000008 ; Valid Location Checks             ; Checks for reserved locations.                                                     ; Critical ; No reserved LogicLock region found.             ; I/O                 ;                   ;
; Pass         ; IO_000009 ; I/O Properties Checks for One I/O ; The location should support the requested I/O standard.                            ; Critical ; 0 such failures found.                          ; I/O                 ;                   ;
; Pass         ; IO_000010 ; I/O Properties Checks for One I/O ; The location should support the requested I/O direction.                           ; Critical ; 0 such failures found.                          ; I/O                 ;                   ;
; Inapplicable ; IO_000011 ; I/O Properties Checks for One I/O ; The location should support the requested Current Strength.                        ; Critical ; No Current Strength assignments found.          ; I/O                 ;                   ;
; Pass         ; IO_000012 ; I/O Properties Checks for One I/O ; The location should support the requested On Chip Termination value.               ; Critical ; 0 such failures found.                          ; I/O                 ;                   ;
; Inapplicable ; IO_000013 ; I/O Properties Checks for One I/O ; The location should support the requested Bus Hold value.                          ; Critical ; No Enable Bus-Hold Circuitry assignments found. ; I/O                 ;                   ;
; Pass         ; IO_000014 ; I/O Properties Checks for One I/O ; The location should support the requested Weak Pull Up value.                      ; Critical ; 0 such failures found.                          ; I/O                 ;                   ;
; Inapplicable ; IO_000015 ; I/O Properties Checks for One I/O ; The location should support the requested PCI Clamp Diode.                         ; Critical ; No Clamping Diode assignments found.            ; I/O                 ;                   ;
; Inapplicable ; IO_000018 ; I/O Properties Checks for One I/O ; The I/O standard should support the requested Current Strength.                    ; Critical ; No Current Strength assignments found.          ; I/O                 ;                   ;
; Pass         ; IO_000019 ; I/O Properties Checks for One I/O ; The I/O standard should support the requested On Chip Termination value.           ; Critical ; 0 such failures found.                          ; I/O                 ;                   ;
; Inapplicable ; IO_000020 ; I/O Properties Checks for One I/O ; The I/O standard should support the requested PCI Clamp Diode.                     ; Critical ; No Clamping Diode assignments found.            ; I/O                 ;                   ;
; Pass         ; IO_000021 ; I/O Properties Checks for One I/O ; The I/O standard should support the requested Weak Pull Up value.                  ; Critical ; 0 such failures found.                          ; I/O                 ;                   ;
; Inapplicable ; IO_000022 ; I/O Properties Checks for One I/O ; The I/O standard should support the requested Bus Hold value.                      ; Critical ; No Enable Bus-Hold Circuitry assignments found. ; I/O                 ;                   ;
; Inapplicable ; IO_000023 ; I/O Properties Checks for One I/O ; The I/O standard should support the Open Drain value.                              ; Critical ; No open drain assignments found.                ; I/O                 ;                   ;
; Pass         ; IO_000024 ; I/O Properties Checks for One I/O ; The I/O direction should support the On Chip Termination value.                    ; Critical ; 0 such failures found.                          ; I/O                 ;                   ;
; Inapplicable ; IO_000026 ; I/O Properties Checks for One I/O ; On Chip Termination and Current Strength should not be used at the same time.      ; Critical ; No Current Strength assignments found.          ; I/O                 ;                   ;
; Inapplicable ; IO_000027 ; I/O Properties Checks for One I/O ; Weak Pull Up and Bus Hold should not be used at the same time.                     ; Critical ; No Enable Bus-Hold Circuitry assignments found. ; I/O                 ;                   ;
; Inapplicable ; IO_000045 ; I/O Properties Checks for One I/O ; The I/O standard should support the requested Slew Rate value.                     ; Critical ; No Slew Rate assignments found.                 ; I/O                 ;                   ;
; Inapplicable ; IO_000046 ; I/O Properties Checks for One I/O ; The location should support the requested Slew Rate value.                         ; Critical ; No Slew Rate assignments found.                 ; I/O                 ;                   ;
; Inapplicable ; IO_000047 ; I/O Properties Checks for One I/O ; On Chip Termination and Slew Rate should not be used at the same time.             ; Critical ; No Slew Rate assignments found.                 ; I/O                 ;                   ;
; Inapplicable ; IO_000034 ; SI Related Distance Checks        ; Single-ended outputs should be 0 LAB row(s) away from a differential I/O.          ; High     ; No Differential I/O Standard assignments found. ; I/O                 ;                   ;
; ----         ; ----      ; Disclaimer                        ; OCT rules are checked but not reported.                                            ; None     ; ----                                            ; On Chip Termination ;                   ;
+--------------+-----------+-----------------------------------+------------------------------------------------------------------------------------+----------+-------------------------------------------------+---------------------+-------------------+


+-----------------------------------------------------------------------------------------------------------------------------------------------------------------------------------------------------------------------------------------------------------------------------------------------------------------------------------------------------------------------------------------------------------------------------------------------+
; I/O Rules Matrix                                                                                                                                                                                                                                                                                                                                                                                                                              ;
+--------------------+--------------+--------------+--------------+--------------+--------------+-----------+--------------+--------------+-----------+-----------+--------------+--------------+--------------+--------------+--------------+--------------+--------------+--------------+--------------+--------------+--------------+--------------+--------------+--------------+--------------+--------------+--------------+--------------+
; Pin/Rules          ; IO_000001    ; IO_000002    ; IO_000003    ; IO_000004    ; IO_000005    ; IO_000006 ; IO_000007    ; IO_000008    ; IO_000009 ; IO_000010 ; IO_000011    ; IO_000012    ; IO_000013    ; IO_000014    ; IO_000015    ; IO_000018    ; IO_000019    ; IO_000020    ; IO_000021    ; IO_000022    ; IO_000023    ; IO_000024    ; IO_000026    ; IO_000027    ; IO_000045    ; IO_000046    ; IO_000047    ; IO_000034    ;
+--------------------+--------------+--------------+--------------+--------------+--------------+-----------+--------------+--------------+-----------+-----------+--------------+--------------+--------------+--------------+--------------+--------------+--------------+--------------+--------------+--------------+--------------+--------------+--------------+--------------+--------------+--------------+--------------+--------------+
; Total Pass         ; 27           ; 0            ; 27           ; 0            ; 0            ; 28        ; 27           ; 0            ; 28        ; 28        ; 0            ; 19           ; 0            ; 4            ; 0            ; 0            ; 19           ; 0            ; 4            ; 0            ; 0            ; 19           ; 0            ; 0            ; 0            ; 0            ; 0            ; 0            ;
; Total Unchecked    ; 0            ; 0            ; 0            ; 0            ; 0            ; 0         ; 0            ; 0            ; 0         ; 0         ; 0            ; 0            ; 0            ; 0            ; 0            ; 0            ; 0            ; 0            ; 0            ; 0            ; 0            ; 0            ; 0            ; 0            ; 0            ; 0            ; 0            ; 0            ;
; Total Inapplicable ; 1            ; 28           ; 1            ; 28           ; 28           ; 0         ; 1            ; 28           ; 0         ; 0         ; 28           ; 9            ; 28           ; 24           ; 28           ; 28           ; 9            ; 28           ; 24           ; 28           ; 28           ; 9            ; 28           ; 28           ; 28           ; 28           ; 28           ; 28           ;
; Total Fail         ; 0            ; 0            ; 0            ; 0            ; 0            ; 0         ; 0            ; 0            ; 0         ; 0         ; 0            ; 0            ; 0            ; 0            ; 0            ; 0            ; 0            ; 0            ; 0            ; 0            ; 0            ; 0            ; 0            ; 0            ; 0            ; 0            ; 0            ; 0            ;
; reset              ; Inapplicable ; Inapplicable ; Inapplicable ; Inapplicable ; Inapplicable ; Pass      ; Inapplicable ; Inapplicable ; Pass      ; Pass      ; Inapplicable ; Inapplicable ; Inapplicable ; Inapplicable ; Inapplicable ; Inapplicable ; Inapplicable ; Inapplicable ; Inapplicable ; Inapplicable ; Inapplicable ; Inapplicable ; Inapplicable ; Inapplicable ; Inapplicable ; Inapplicable ; Inapplicable ; Inapplicable ;
; clk_out            ; Pass         ; Inapplicable ; Pass         ; Inapplicable ; Inapplicable ; Pass      ; Pass         ; Inapplicable ; Pass      ; Pass      ; Inapplicable ; Pass         ; Inapplicable ; Inapplicable ; Inapplicable ; Inapplicable ; Pass         ; Inapplicable ; Inapplicable ; Inapplicable ; Inapplicable ; Pass         ; Inapplicable ; Inapplicable ; Inapplicable ; Inapplicable ; Inapplicable ; Inapplicable ;
; RGB0[0]            ; Pass         ; Inapplicable ; Pass         ; Inapplicable ; Inapplicable ; Pass      ; Pass         ; Inapplicable ; Pass      ; Pass      ; Inapplicable ; Pass         ; Inapplicable ; Inapplicable ; Inapplicable ; Inapplicable ; Pass         ; Inapplicable ; Inapplicable ; Inapplicable ; Inapplicable ; Pass         ; Inapplicable ; Inapplicable ; Inapplicable ; Inapplicable ; Inapplicable ; Inapplicable ;
; RGB0[1]            ; Pass         ; Inapplicable ; Pass         ; Inapplicable ; Inapplicable ; Pass      ; Pass         ; Inapplicable ; Pass      ; Pass      ; Inapplicable ; Pass         ; Inapplicable ; Inapplicable ; Inapplicable ; Inapplicable ; Pass         ; Inapplicable ; Inapplicable ; Inapplicable ; Inapplicable ; Pass         ; Inapplicable ; Inapplicable ; Inapplicable ; Inapplicable ; Inapplicable ; Inapplicable ;
; RGB0[2]            ; Pass         ; Inapplicable ; Pass         ; Inapplicable ; Inapplicable ; Pass      ; Pass         ; Inapplicable ; Pass      ; Pass      ; Inapplicable ; Pass         ; Inapplicable ; Inapplicable ; Inapplicable ; Inapplicable ; Pass         ; Inapplicable ; Inapplicable ; Inapplicable ; Inapplicable ; Pass         ; Inapplicable ; Inapplicable ; Inapplicable ; Inapplicable ; Inapplicable ; Inapplicable ;
; RGB1[0]            ; Pass         ; Inapplicable ; Pass         ; Inapplicable ; Inapplicable ; Pass      ; Pass         ; Inapplicable ; Pass      ; Pass      ; Inapplicable ; Pass         ; Inapplicable ; Inapplicable ; Inapplicable ; Inapplicable ; Pass         ; Inapplicable ; Inapplicable ; Inapplicable ; Inapplicable ; Pass         ; Inapplicable ; Inapplicable ; Inapplicable ; Inapplicable ; Inapplicable ; Inapplicable ;
; RGB1[1]            ; Pass         ; Inapplicable ; Pass         ; Inapplicable ; Inapplicable ; Pass      ; Pass         ; Inapplicable ; Pass      ; Pass      ; Inapplicable ; Pass         ; Inapplicable ; Inapplicable ; Inapplicable ; Inapplicable ; Pass         ; Inapplicable ; Inapplicable ; Inapplicable ; Inapplicable ; Pass         ; Inapplicable ; Inapplicable ; Inapplicable ; Inapplicable ; Inapplicable ; Inapplicable ;
; RGB1[2]            ; Pass         ; Inapplicable ; Pass         ; Inapplicable ; Inapplicable ; Pass      ; Pass         ; Inapplicable ; Pass      ; Pass      ; Inapplicable ; Pass         ; Inapplicable ; Inapplicable ; Inapplicable ; Inapplicable ; Pass         ; Inapplicable ; Inapplicable ; Inapplicable ; Inapplicable ; Pass         ; Inapplicable ; Inapplicable ; Inapplicable ; Inapplicable ; Inapplicable ; Inapplicable ;
; LAT                ; Pass         ; Inapplicable ; Pass         ; Inapplicable ; Inapplicable ; Pass      ; Pass         ; Inapplicable ; Pass      ; Pass      ; Inapplicable ; Pass         ; Inapplicable ; Inapplicable ; Inapplicable ; Inapplicable ; Pass         ; Inapplicable ; Inapplicable ; Inapplicable ; Inapplicable ; Pass         ; Inapplicable ; Inapplicable ; Inapplicable ; Inapplicable ; Inapplicable ; Inapplicable ;
; OE                 ; Pass         ; Inapplicable ; Pass         ; Inapplicable ; Inapplicable ; Pass      ; Pass         ; Inapplicable ; Pass      ; Pass      ; Inapplicable ; Pass         ; Inapplicable ; Inapplicable ; Inapplicable ; Inapplicable ; Pass         ; Inapplicable ; Inapplicable ; Inapplicable ; Inapplicable ; Pass         ; Inapplicable ; Inapplicable ; Inapplicable ; Inapplicable ; Inapplicable ; Inapplicable ;
; led_addr[0]        ; Pass         ; Inapplicable ; Pass         ; Inapplicable ; Inapplicable ; Pass      ; Pass         ; Inapplicable ; Pass      ; Pass      ; Inapplicable ; Pass         ; Inapplicable ; Inapplicable ; Inapplicable ; Inapplicable ; Pass         ; Inapplicable ; Inapplicable ; Inapplicable ; Inapplicable ; Pass         ; Inapplicable ; Inapplicable ; Inapplicable ; Inapplicable ; Inapplicable ; Inapplicable ;
; led_addr[1]        ; Pass         ; Inapplicable ; Pass         ; Inapplicable ; Inapplicable ; Pass      ; Pass         ; Inapplicable ; Pass      ; Pass      ; Inapplicable ; Pass         ; Inapplicable ; Inapplicable ; Inapplicable ; Inapplicable ; Pass         ; Inapplicable ; Inapplicable ; Inapplicable ; Inapplicable ; Pass         ; Inapplicable ; Inapplicable ; Inapplicable ; Inapplicable ; Inapplicable ; Inapplicable ;
; led_addr[2]        ; Pass         ; Inapplicable ; Pass         ; Inapplicable ; Inapplicable ; Pass      ; Pass         ; Inapplicable ; Pass      ; Pass      ; Inapplicable ; Pass         ; Inapplicable ; Inapplicable ; Inapplicable ; Inapplicable ; Pass         ; Inapplicable ; Inapplicable ; Inapplicable ; Inapplicable ; Pass         ; Inapplicable ; Inapplicable ; Inapplicable ; Inapplicable ; Inapplicable ; Inapplicable ;
; gnd[0]             ; Pass         ; Inapplicable ; Pass         ; Inapplicable ; Inapplicable ; Pass      ; Pass         ; Inapplicable ; Pass      ; Pass      ; Inapplicable ; Pass         ; Inapplicable ; Inapplicable ; Inapplicable ; Inapplicable ; Pass         ; Inapplicable ; Inapplicable ; Inapplicable ; Inapplicable ; Pass         ; Inapplicable ; Inapplicable ; Inapplicable ; Inapplicable ; Inapplicable ; Inapplicable ;
; gnd[1]             ; Pass         ; Inapplicable ; Pass         ; Inapplicable ; Inapplicable ; Pass      ; Pass         ; Inapplicable ; Pass      ; Pass      ; Inapplicable ; Pass         ; Inapplicable ; Inapplicable ; Inapplicable ; Inapplicable ; Pass         ; Inapplicable ; Inapplicable ; Inapplicable ; Inapplicable ; Pass         ; Inapplicable ; Inapplicable ; Inapplicable ; Inapplicable ; Inapplicable ; Inapplicable ;
; gnd[2]             ; Pass         ; Inapplicable ; Pass         ; Inapplicable ; Inapplicable ; Pass      ; Pass         ; Inapplicable ; Pass      ; Pass      ; Inapplicable ; Pass         ; Inapplicable ; Inapplicable ; Inapplicable ; Inapplicable ; Pass         ; Inapplicable ; Inapplicable ; Inapplicable ; Inapplicable ; Pass         ; Inapplicable ; Inapplicable ; Inapplicable ; Inapplicable ; Inapplicable ; Inapplicable ;
; gnd[3]             ; Pass         ; Inapplicable ; Pass         ; Inapplicable ; Inapplicable ; Pass      ; Pass         ; Inapplicable ; Pass      ; Pass      ; Inapplicable ; Pass         ; Inapplicable ; Inapplicable ; Inapplicable ; Inapplicable ; Pass         ; Inapplicable ; Inapplicable ; Inapplicable ; Inapplicable ; Pass         ; Inapplicable ; Inapplicable ; Inapplicable ; Inapplicable ; Inapplicable ; Inapplicable ;
; ADC_CONVST         ; Pass         ; Inapplicable ; Pass         ; Inapplicable ; Inapplicable ; Pass      ; Pass         ; Inapplicable ; Pass      ; Pass      ; Inapplicable ; Pass         ; Inapplicable ; Inapplicable ; Inapplicable ; Inapplicable ; Pass         ; Inapplicable ; Inapplicable ; Inapplicable ; Inapplicable ; Pass         ; Inapplicable ; Inapplicable ; Inapplicable ; Inapplicable ; Inapplicable ; Inapplicable ;
; ADC_SCK            ; Pass         ; Inapplicable ; Pass         ; Inapplicable ; Inapplicable ; Pass      ; Pass         ; Inapplicable ; Pass      ; Pass      ; Inapplicable ; Pass         ; Inapplicable ; Inapplicable ; Inapplicable ; Inapplicable ; Pass         ; Inapplicable ; Inapplicable ; Inapplicable ; Inapplicable ; Pass         ; Inapplicable ; Inapplicable ; Inapplicable ; Inapplicable ; Inapplicable ; Inapplicable ;
; ADC_SDI            ; Pass         ; Inapplicable ; Pass         ; Inapplicable ; Inapplicable ; Pass      ; Pass         ; Inapplicable ; Pass      ; Pass      ; Inapplicable ; Pass         ; Inapplicable ; Inapplicable ; Inapplicable ; Inapplicable ; Pass         ; Inapplicable ; Inapplicable ; Inapplicable ; Inapplicable ; Pass         ; Inapplicable ; Inapplicable ; Inapplicable ; Inapplicable ; Inapplicable ; Inapplicable ;
; CLK                ; Pass         ; Inapplicable ; Pass         ; Inapplicable ; Inapplicable ; Pass      ; Pass         ; Inapplicable ; Pass      ; Pass      ; Inapplicable ; Inapplicable ; Inapplicable ; Inapplicable ; Inapplicable ; Inapplicable ; Inapplicable ; Inapplicable ; Inapplicable ; Inapplicable ; Inapplicable ; Inapplicable ; Inapplicable ; Inapplicable ; Inapplicable ; Inapplicable ; Inapplicable ; Inapplicable ;
; s1                 ; Pass         ; Inapplicable ; Pass         ; Inapplicable ; Inapplicable ; Pass      ; Pass         ; Inapplicable ; Pass      ; Pass      ; Inapplicable ; Inapplicable ; Inapplicable ; Inapplicable ; Inapplicable ; Inapplicable ; Inapplicable ; Inapplicable ; Inapplicable ; Inapplicable ; Inapplicable ; Inapplicable ; Inapplicable ; Inapplicable ; Inapplicable ; Inapplicable ; Inapplicable ; Inapplicable ;
; s2                 ; Pass         ; Inapplicable ; Pass         ; Inapplicable ; Inapplicable ; Pass      ; Pass         ; Inapplicable ; Pass      ; Pass      ; Inapplicable ; Inapplicable ; Inapplicable ; Inapplicable ; Inapplicable ; Inapplicable ; Inapplicable ; Inapplicable ; Inapplicable ; Inapplicable ; Inapplicable ; Inapplicable ; Inapplicable ; Inapplicable ; Inapplicable ; Inapplicable ; Inapplicable ; Inapplicable ;
; enc1_a             ; Pass         ; Inapplicable ; Pass         ; Inapplicable ; Inapplicable ; Pass      ; Pass         ; Inapplicable ; Pass      ; Pass      ; Inapplicable ; Inapplicable ; Inapplicable ; Pass         ; Inapplicable ; Inapplicable ; Inapplicable ; Inapplicable ; Pass         ; Inapplicable ; Inapplicable ; Inapplicable ; Inapplicable ; Inapplicable ; Inapplicable ; Inapplicable ; Inapplicable ; Inapplicable ;
; enc1_b             ; Pass         ; Inapplicable ; Pass         ; Inapplicable ; Inapplicable ; Pass      ; Pass         ; Inapplicable ; Pass      ; Pass      ; Inapplicable ; Inapplicable ; Inapplicable ; Pass         ; Inapplicable ; Inapplicable ; Inapplicable ; Inapplicable ; Pass         ; Inapplicable ; Inapplicable ; Inapplicable ; Inapplicable ; Inapplicable ; Inapplicable ; Inapplicable ; Inapplicable ; Inapplicable ;
; enc2_a             ; Pass         ; Inapplicable ; Pass         ; Inapplicable ; Inapplicable ; Pass      ; Pass         ; Inapplicable ; Pass      ; Pass      ; Inapplicable ; Inapplicable ; Inapplicable ; Pass         ; Inapplicable ; Inapplicable ; Inapplicable ; Inapplicable ; Pass         ; Inapplicable ; Inapplicable ; Inapplicable ; Inapplicable ; Inapplicable ; Inapplicable ; Inapplicable ; Inapplicable ; Inapplicable ;
; enc2_b             ; Pass         ; Inapplicable ; Pass         ; Inapplicable ; Inapplicable ; Pass      ; Pass         ; Inapplicable ; Pass      ; Pass      ; Inapplicable ; Inapplicable ; Inapplicable ; Pass         ; Inapplicable ; Inapplicable ; Inapplicable ; Inapplicable ; Pass         ; Inapplicable ; Inapplicable ; Inapplicable ; Inapplicable ; Inapplicable ; Inapplicable ; Inapplicable ; Inapplicable ; Inapplicable ;
; ADC_SDO            ; Pass         ; Inapplicable ; Pass         ; Inapplicable ; Inapplicable ; Pass      ; Pass         ; Inapplicable ; Pass      ; Pass      ; Inapplicable ; Inapplicable ; Inapplicable ; Inapplicable ; Inapplicable ; Inapplicable ; Inapplicable ; Inapplicable ; Inapplicable ; Inapplicable ; Inapplicable ; Inapplicable ; Inapplicable ; Inapplicable ; Inapplicable ; Inapplicable ; Inapplicable ; Inapplicable ;
+--------------------+--------------+--------------+--------------+--------------+--------------+-----------+--------------+--------------+-----------+-----------+--------------+--------------+--------------+--------------+--------------+--------------+--------------+--------------+--------------+--------------+--------------+--------------+--------------+--------------+--------------+--------------+--------------+--------------+


+------------------------------------------------------------------------------------------------+
; Fitter Device Options                                                                          ;
+------------------------------------------------------------------+-----------------------------+
; Option                                                           ; Setting                     ;
+------------------------------------------------------------------+-----------------------------+
; Enable user-supplied start-up clock (CLKUSR)                     ; Off                         ;
; Enable device-wide reset (DEV_CLRn)                              ; Off                         ;
; Enable device-wide output enable (DEV_OE)                        ; Off                         ;
; Enable INIT_DONE output                                          ; Off                         ;
; Configuration scheme                                             ; Passive Serial              ;
; Enable Error Detection CRC_ERROR pin                             ; Off                         ;
; Enable CvP_CONFDONE pin                                          ; Off                         ;
; Enable open drain on CRC_ERROR pin                               ; On                          ;
; Enable open drain on CvP_CONFDONE pin                            ; On                          ;
; Enable open drain on INIT_DONE pin                               ; On                          ;
; Enable open drain on Partial Reconfiguration pins                ; Off                         ;
; Enable open drain on nCEO pin                                    ; On                          ;
; Enable Partial Reconfiguration pins                              ; Off                         ;
; Enable input tri-state on active configuration pins in user mode ; Off                         ;
; Enable internal scrubbing                                        ; Off                         ;
; Active Serial clock source                                       ; 100 MHz Internal Oscillator ;
; Device initialization clock source                               ; Internal Oscillator         ;
; Configuration via Protocol                                       ; Off                         ;
; Configuration Voltage Level                                      ; Auto                        ;
; Force Configuration Voltage Level                                ; Off                         ;
; Enable nCEO output                                               ; Off                         ;
; Data[15..8]                                                      ; Unreserved                  ;
; Data[7..5]                                                       ; Unreserved                  ;
; Base pin-out file on sameframe device                            ; Off                         ;
+------------------------------------------------------------------+-----------------------------+


+------------------------------------+
; Operating Settings and Conditions  ;
+---------------------------+--------+
; Setting                   ; Value  ;
+---------------------------+--------+
; Nominal Core Voltage      ; 1.10 V ;
; Low Junction Temperature  ; 0 °C   ;
; High Junction Temperature ; 85 °C  ;
+---------------------------+--------+


+-------------------------------------------------------------+
; Estimated Delay Added for Hold Timing Summary               ;
+------------------+----------------------+-------------------+
; Source Clock(s)  ; Destination Clock(s) ; Delay Added in ns ;
+------------------+----------------------+-------------------+
; counter[2]       ; counter[2]           ; 136.3             ;
; clk_div_count[5] ; counter[2]           ; 55.4              ;
; clk_div_count[5] ; clk_div_count[5]     ; 26.8              ;
; CLK              ; CLK                  ; 7.2               ;
+------------------+----------------------+-------------------+
Note: For more information on problematic transfers, consider running the Fitter again with the Optimize hold timing option (Settings Menu) turned off.
This will disable optimization of problematic paths and expose them for further analysis using the Timing Analyzer.


+-----------------------------------------------------------------------------------------------------------------------------------------------------------------+
; Estimated Delay Added for Hold Timing Details                                                                                                                   ;
+----------------------------------------------------------------------+----------------------------------------------------------------------+-------------------+
; Source Register                                                      ; Destination Register                                                 ; Delay Added in ns ;
+----------------------------------------------------------------------+----------------------------------------------------------------------+-------------------+
; adcinterface:adcinterface_0|result[5]                                ; etch_a_sketch:game_logic|adc_avg[11]                                 ; 4.758             ;
; adcinterface:adcinterface_0|result[3]                                ; etch_a_sketch:game_logic|adc_avg[11]                                 ; 4.757             ;
; adcinterface:adcinterface_0|result[4]                                ; etch_a_sketch:game_logic|adc_avg[11]                                 ; 4.756             ;
; adcinterface:adcinterface_0|result[2]                                ; etch_a_sketch:game_logic|adc_avg[11]                                 ; 4.750             ;
; adcinterface:adcinterface_0|result[9]                                ; etch_a_sketch:game_logic|adc_avg[11]                                 ; 4.745             ;
; adcinterface:adcinterface_0|result[7]                                ; etch_a_sketch:game_logic|adc_avg[11]                                 ; 4.744             ;
; adcinterface:adcinterface_0|result[11]                               ; etch_a_sketch:game_logic|adc_avg[11]                                 ; 4.639             ;
; adcinterface:adcinterface_0|result[6]                                ; etch_a_sketch:game_logic|adc_avg[11]                                 ; 4.638             ;
; adcinterface:adcinterface_0|result[8]                                ; etch_a_sketch:game_logic|adc_avg[11]                                 ; 4.632             ;
; adcinterface:adcinterface_0|result[1]                                ; etch_a_sketch:game_logic|adc_avg[11]                                 ; 4.432             ;
; adcinterface:adcinterface_0|result[0]                                ; etch_a_sketch:game_logic|adc_avg[11]                                 ; 4.350             ;
; adcinterface:adcinterface_0|result[10]                               ; etch_a_sketch:game_logic|adc_avg[11]                                 ; 4.205             ;
; counter[2]                                                           ; counter[2]                                                           ; 3.622             ;
; clk_div_count[5]                                                     ; clk_div_count[5]                                                     ; 3.574             ;
; counter[1]                                                           ; counter[2]                                                           ; 1.749             ;
; clk_div_count[0]                                                     ; counter[2]                                                           ; 1.749             ;
; clk_div_count[4]                                                     ; clk_div_count[5]                                                     ; 1.560             ;
; clk_div_count[3]                                                     ; clk_div_count[5]                                                     ; 1.560             ;
; clk_div_count[2]                                                     ; clk_div_count[5]                                                     ; 1.560             ;
; clk_div_count[1]                                                     ; clk_div_count[5]                                                     ; 1.560             ;
; adcinterface:adcinterface_0|sck_count[1]                             ; adcinterface:adcinterface_0|state.STATE_IDLE                         ; 1.054             ;
; adcinterface:adcinterface_0|state.STATE_CAPTURE_DATA                 ; adcinterface:adcinterface_0|state.STATE_IDLE                         ; 1.044             ;
; adcinterface:adcinterface_0|sck_count[0]                             ; adcinterface:adcinterface_0|state.STATE_IDLE                         ; 1.039             ;
; adcinterface:adcinterface_0|sck_count[3]                             ; adcinterface:adcinterface_0|state.STATE_IDLE                         ; 1.033             ;
; adcinterface:adcinterface_0|sck_count[2]                             ; adcinterface:adcinterface_0|state.STATE_IDLE                         ; 1.009             ;
; etch_a_sketch:game_logic|cursor_pos[2]                               ; etch_a_sketch:game_logic|cursor_pos[6]                               ; 0.953             ;
; etch_a_sketch:game_logic|cursor_pos[0]                               ; etch_a_sketch:game_logic|cursor_pos[6]                               ; 0.952             ;
; etch_a_sketch:game_logic|cursor_pos[3]                               ; etch_a_sketch:game_logic|cursor_pos[6]                               ; 0.951             ;
; etch_a_sketch:game_logic|cursor_pos[1]                               ; etch_a_sketch:game_logic|cursor_pos[6]                               ; 0.926             ;
; etch_a_sketch:game_logic|cursor_pos[4]                               ; etch_a_sketch:game_logic|cursor_pos[6]                               ; 0.878             ;
; etch_a_sketch:game_logic|cursor_pos[7]                               ; etch_a_sketch:game_logic|cursor_pos[6]                               ; 0.868             ;
; etch_a_sketch:game_logic|cursor_pos[8]                               ; etch_a_sketch:game_logic|cursor_pos[6]                               ; 0.840             ;
; etch_a_sketch:game_logic|cursor_pos[6]                               ; etch_a_sketch:game_logic|cursor_pos[6]                               ; 0.834             ;
; adcinterface:adcinterface_0|temp_result[10]                          ; adcinterface:adcinterface_0|temp_result[11]                          ; 0.725             ;
; etch_a_sketch:game_logic|cursor_pos[5]                               ; etch_a_sketch:game_logic|cursor_pos[5]                               ; 0.724             ;
; encoder:encoder_1|b_debounce[2]                                      ; encoder:encoder_1|b_stable                                           ; 0.711             ;
; encoder:encoder_1|b_debounce[1]                                      ; encoder:encoder_1|b_stable                                           ; 0.708             ;
; led_matrix_ctrl_path:ctrl_path|state.DEADinc                         ; led_matrix_ctrl_path:ctrl_path|state.PRE                             ; 0.705             ;
; etch_a_sketch:game_logic|draw_colour.001                             ; etch_a_sketch:game_logic|draw_colour.100                             ; 0.694             ;
; encoder:encoder_2|b_debounce[2]                                      ; encoder:encoder_2|b_stable                                           ; 0.692             ;
; encoder:encoder_2|a_debounce[2]                                      ; encoder:encoder_2|a_stable                                           ; 0.692             ;
; encoder:encoder_2|b_debounce[1]                                      ; encoder:encoder_2|b_stable                                           ; 0.690             ;
; encoder:encoder_2|a_debounce[1]                                      ; encoder:encoder_2|a_stable                                           ; 0.690             ;
; led_matrix_ctrl_path:ctrl_path|row_addr[0]                           ; led_matrix_ctrl_path:ctrl_path|row_addr[2]                           ; 0.685             ;
; etch_a_sketch:game_logic|draw_colour.100                             ; etch_a_sketch:game_logic|draw_colour.010                             ; 0.679             ;
; encoder:encoder_1|ccw_count[0]                                       ; encoder:encoder_1|ccw_count[1]                                       ; 0.676             ;
; encoder:encoder_2|ccw_count[0]                                       ; encoder:encoder_2|ccw_count[1]                                       ; 0.674             ;
; encoder:encoder_1|a_stable                                           ; encoder:encoder_1|ccw_count[0]                                       ; 0.673             ;
; encoder:encoder_1|b_stable                                           ; encoder:encoder_1|ccw_count[0]                                       ; 0.668             ;
; encoder:encoder_2|cw_count[1]                                        ; encoder:encoder_2|cw                                                 ; 0.668             ;
; encoder:encoder_1|a_debounce[2]                                      ; encoder:encoder_1|a_stable                                           ; 0.664             ;
; led_matrix_ctrl_path:ctrl_path|state.DATA                            ; led_matrix_ctrl_path:ctrl_path|state.POST                            ; 0.663             ;
; led_matrix_ctrl_path:ctrl_path|row_addr[1]                           ; led_matrix_ctrl_path:ctrl_path|row_addr[2]                           ; 0.661             ;
; led_matrix_ctrl_path:ctrl_path|state.PRE                             ; led_matrix_ctrl_path:ctrl_path|state.DATA                            ; 0.658             ;
; led_matrix_ctrl_path:ctrl_path|state.OUTPUT                          ; led_matrix_ctrl_path:ctrl_path|state.DEAD                            ; 0.655             ;
; encoder:encoder_1|cw_count[1]                                        ; encoder:encoder_1|cw                                                 ; 0.652             ;
; encoder:encoder_1|cw_count[0]                                        ; encoder:encoder_1|cw_count[1]                                        ; 0.649             ;
; encoder:encoder_1|b_debounce[0]                                      ; encoder:encoder_1|b_stable                                           ; 0.648             ;
; led_matrix_ctrl_path:ctrl_path|state.POST                            ; led_matrix_ctrl_path:ctrl_path|state.LATCH                           ; 0.646             ;
; encoder:encoder_2|cw_count[0]                                        ; encoder:encoder_2|cw                                                 ; 0.642             ;
; encoder:encoder_1|prev_b                                             ; encoder:encoder_1|ccw_count[0]                                       ; 0.640             ;
; led_matrix_ctrl_path:ctrl_path|state.DEAD                            ; led_matrix_ctrl_path:ctrl_path|state.INC                             ; 0.637             ;
; encoder:encoder_2|b_debounce[0]                                      ; encoder:encoder_2|b_stable                                           ; 0.632             ;
; encoder:encoder_2|a_debounce[0]                                      ; encoder:encoder_2|a_stable                                           ; 0.632             ;
; led_matrix_ctrl_path:ctrl_path|state.LATCH                           ; led_matrix_ctrl_path:ctrl_path|state.OUTPUT                          ; 0.629             ;
; encoder:encoder_1|ccw_count[1]                                       ; encoder:encoder_1|ccw                                                ; 0.629             ;
; encoder:encoder_1|a_debounce[1]                                      ; encoder:encoder_1|a_stable                                           ; 0.629             ;
; encoder:encoder_2|ccw_count[1]                                       ; encoder:encoder_2|ccw                                                ; 0.626             ;
; encoder:encoder_2|a_stable                                           ; encoder:encoder_2|ccw_count[0]                                       ; 0.626             ;
; encoder:encoder_1|a_debounce[0]                                      ; encoder:encoder_1|a_stable                                           ; 0.626             ;
; encoder:encoder_1|prev_a                                             ; encoder:encoder_1|ccw_count[1]                                       ; 0.623             ;
; led_matrix_ctrl_path:ctrl_path|state.INC                             ; led_matrix_ctrl_path:ctrl_path|state.DEADinc                         ; 0.620             ;
; encoder:encoder_2|b_stable                                           ; encoder:encoder_2|ccw_count[0]                                       ; 0.619             ;
; encoder:encoder_2|prev_a                                             ; encoder:encoder_2|ccw_count[1]                                       ; 0.611             ;
; adcinterface:adcinterface_0|state.STATE_IDLE                         ; adcinterface:adcinterface_0|sck_count[2]                             ; 0.607             ;
; encoder:encoder_2|cw                                                 ; etch_a_sketch:game_logic|cursor_pos[8]                               ; 0.603             ;
; encoder:encoder_2|ccw                                                ; etch_a_sketch:game_logic|cursor_pos[8]                               ; 0.603             ;
; encoder:encoder_2|prev_b                                             ; encoder:encoder_2|ccw_count[0]                                       ; 0.596             ;
; adcinterface:adcinterface_0|temp_result[0]                           ; adcinterface:adcinterface_0|temp_result[1]                           ; 0.583             ;
; adcinterface:adcinterface_0|temp_result[7]                           ; adcinterface:adcinterface_0|temp_result[8]                           ; 0.571             ;
; adcinterface:adcinterface_0|temp_result[8]                           ; adcinterface:adcinterface_0|temp_result[9]                           ; 0.571             ;
; adcinterface:adcinterface_0|temp_result[5]                           ; adcinterface:adcinterface_0|temp_result[6]                           ; 0.568             ;
; adcinterface:adcinterface_0|state.STATE_CONVST_PULSE                 ; adcinterface:adcinterface_0|state.STATE_SEND_CONFIG                  ; 0.568             ;
; etch_a_sketch:game_logic|draw_colour.010                             ; etch_a_sketch:game_logic|draw_colour.001                             ; 0.560             ;
; adcinterface:adcinterface_0|temp_result[2]                           ; adcinterface:adcinterface_0|temp_result[3]                           ; 0.557             ;
; adcinterface:adcinterface_0|temp_result[3]                           ; adcinterface:adcinterface_0|temp_result[4]                           ; 0.557             ;
; adcinterface:adcinterface_0|temp_result[4]                           ; adcinterface:adcinterface_0|temp_result[5]                           ; 0.543             ;
; adcinterface:adcinterface_0|temp_result[9]                           ; adcinterface:adcinterface_0|temp_result[10]                          ; 0.536             ;
; encoder:encoder_1|ccw                                                ; etch_a_sketch:game_logic|cursor_pos[6]                               ; 0.533             ;
; led_matrix_data_path:data_path|two_port_ram:color_matrix|mem[82][0]  ; led_matrix_data_path:data_path|two_port_ram:color_matrix|q_a_pipe[0] ; 0.532             ;
; led_matrix_data_path:data_path|addr[1]                               ; led_matrix_data_path:data_path|addr[7]                               ; 0.528             ;
; adcinterface:adcinterface_0|temp_result[1]                           ; adcinterface:adcinterface_0|temp_result[2]                           ; 0.513             ;
; led_matrix_data_path:data_path|two_port_ram:color_matrix|mem[255][2] ; led_matrix_data_path:data_path|two_port_ram:color_matrix|q_a_pipe[2] ; 0.492             ;
; led_matrix_data_path:data_path|two_port_ram:color_matrix|mem[55][0]  ; led_matrix_data_path:data_path|two_port_ram:color_matrix|q_a_pipe[0] ; 0.480             ;
; led_matrix_data_path:data_path|two_port_ram:color_matrix|mem[191][2] ; led_matrix_data_path:data_path|two_port_ram:color_matrix|q_a_pipe[2] ; 0.473             ;
; adcinterface:adcinterface_0|temp_result[6]                           ; adcinterface:adcinterface_0|temp_result[7]                           ; 0.451             ;
; led_matrix_data_path:data_path|two_port_ram:color_matrix|mem[127][1] ; led_matrix_data_path:data_path|two_port_ram:color_matrix|q_a_pipe[1] ; 0.441             ;
; led_matrix_data_path:data_path|two_port_ram:color_matrix|mem[119][1] ; led_matrix_data_path:data_path|two_port_ram:color_matrix|q_a_pipe[1] ; 0.438             ;
; adcinterface:adcinterface_0|temp_result[11]                          ; adcinterface:adcinterface_0|result[11]                               ; 0.414             ;
; etch_a_sketch:game_logic|shake_counter[0]                            ; etch_a_sketch:game_logic|shake_counter[0]                            ; 0.400             ;
+----------------------------------------------------------------------+----------------------------------------------------------------------+-------------------+
Note: This table only shows the top 100 path(s) that have the largest delay added for hold.


+-----------------+
; Fitter Messages ;
+-----------------+
Warning (18236): Number of processors has not been specified which may cause overloading on shared machines.  Set the global assignment NUM_PARALLEL_PROCESSORS in your QSF to an appropriate value for best performance.
Info (20030): Parallel compilation is enabled and will use 10 of the 10 processors detected
Info (119006): Selected device 5CSEMA4U23C6 for design "top_level_matrix"
Info (21077): Low junction temperature is 0 degrees C
Info (21077): High junction temperature is 85 degrees C
Info (171003): Fitter is performing an Auto Fit compilation, which may decrease Fitter effort to reduce compilation time
Warning (292013): Feature LogicLock is only available with a valid subscription license. You can purchase a software subscription to gain full access to this feature.
Warning (15714): Some pins have incomplete I/O assignments. Refer to the I/O Assignment Warnings report for details
Critical Warning (169085): No exact pin location assignment(s) for 1 pins of 28 total pins. For the list of pins please refer to the I/O Assignment Warnings table in the fitter report.
Info (184020): Starting Fitter periphery placement operations
Info (11191): Automatically promoted 3 clocks (3 global)
    Info (11162): counter[2]~CLKENA0 with 3236 fanout uses global clock CLKCTRL_G3
        Info (12525): This signal is driven by core routing -- it may be moved during placement to reduce routing delays
    Info (11162): s1~inputCLKENA0 with 1618 fanout uses global clock CLKCTRL_G10
        Info (12525): This signal is driven by core routing -- it may be moved during placement to reduce routing delays
    Info (11162): CLK~inputCLKENA0 with 6 fanout uses global clock CLKCTRL_G6
Warning (16406): 1 global input pin(s) will use non-dedicated clock routing
    Warning (16407): Source REFCLK I/O is not placed onto a dedicated REFCLK input pin for global clock driver s1~inputCLKENA0, placed at CLKCTRL_G10
        Info (179012): Refclk input I/O pad s1 is placed onto PIN_AH23
Info (184021): Fitter periphery placement operations ending: elapsed time is 00:00:00
Info (176233): Starting register packing
Critical Warning (332012): Synopsys Design Constraints File file not found: 'top_level_matrix.sdc'. A Synopsys Design Constraints File is required by the Timing Analyzer to get proper timing constraints. Without it, the Compiler will not properly optimize the design.
Info (332144): No user constrained base clocks found in the design
Info (332143): No user constrained clock uncertainty found in the design. Calling "derive_clock_uncertainty"
Info (332123): Deriving Clock Uncertainty. Please refer to report_sdc in the Timing Analyzer to see clock uncertainties.
Info (332130): Timing requirements not specified -- quality metrics such as performance may be sacrificed to reduce compilation time.
Info (176235): Finished register packing
    Extra Info (176219): No registers were packed into other blocks
Warning (15705): Ignored locations or region assignments to the following nodes
    Warning (15706): Node "ARDUINO_IO[0]" is assigned to location or region, but does not exist in design
    Warning (15706): Node "ARDUINO_IO[10]" is assigned to location or region, but does not exist in design
    Warning (15706): Node "ARDUINO_IO[11]" is assigned to location or region, but does not exist in design
    Warning (15706): Node "ARDUINO_IO[12]" is assigned to location or region, but does not exist in design
    Warning (15706): Node "ARDUINO_IO[13]" is assigned to location or region, but does not exist in design
    Warning (15706): Node "ARDUINO_IO[14]" is assigned to location or region, but does not exist in design
    Warning (15706): Node "ARDUINO_IO[15]" is assigned to location or region, but does not exist in design
    Warning (15706): Node "ARDUINO_IO[1]" is assigned to location or region, but does not exist in design
    Warning (15706): Node "ARDUINO_IO[2]" is assigned to location or region, but does not exist in design
    Warning (15706): Node "ARDUINO_IO[3]" is assigned to location or region, but does not exist in design
    Warning (15706): Node "ARDUINO_IO[4]" is assigned to location or region, but does not exist in design
    Warning (15706): Node "ARDUINO_IO[5]" is assigned to location or region, but does not exist in design
    Warning (15706): Node "ARDUINO_IO[6]" is assigned to location or region, but does not exist in design
    Warning (15706): Node "ARDUINO_IO[7]" is assigned to location or region, but does not exist in design
    Warning (15706): Node "ARDUINO_IO[8]" is assigned to location or region, but does not exist in design
    Warning (15706): Node "ARDUINO_IO[9]" is assigned to location or region, but does not exist in design
    Warning (15706): Node "ARDUINO_RESET_N" is assigned to location or region, but does not exist in design
    Warning (15706): Node "FPGA_CLK1_50" is assigned to location or region, but does not exist in design
    Warning (15706): Node "FPGA_CLK2_50" is assigned to location or region, but does not exist in design
    Warning (15706): Node "FPGA_CLK3_50" is assigned to location or region, but does not exist in design
    Warning (15706): Node "GPIO_0[0]" is assigned to location or region, but does not exist in design
    Warning (15706): Node "GPIO_0[10]" is assigned to location or region, but does not exist in design
    Warning (15706): Node "GPIO_0[11]" is assigned to location or region, but does not exist in design
    Warning (15706): Node "GPIO_0[12]" is assigned to location or region, but does not exist in design
    Warning (15706): Node "GPIO_0[13]" is assigned to location or region, but does not exist in design
    Warning (15706): Node "GPIO_0[14]" is assigned to location or region, but does not exist in design
    Warning (15706): Node "GPIO_0[15]" is assigned to location or region, but does not exist in design
    Warning (15706): Node "GPIO_0[16]" is assigned to location or region, but does not exist in design
    Warning (15706): Node "GPIO_0[17]" is assigned to location or region, but does not exist in design
    Warning (15706): Node "GPIO_0[18]" is assigned to location or region, but does not exist in design
    Warning (15706): Node "GPIO_0[19]" is assigned to location or region, but does not exist in design
    Warning (15706): Node "GPIO_0[1]" is assigned to location or region, but does not exist in design
    Warning (15706): Node "GPIO_0[20]" is assigned to location or region, but does not exist in design
    Warning (15706): Node "GPIO_0[21]" is assigned to location or region, but does not exist in design
    Warning (15706): Node "GPIO_0[22]" is assigned to location or region, but does not exist in design
    Warning (15706): Node "GPIO_0[23]" is assigned to location or region, but does not exist in design
    Warning (15706): Node "GPIO_0[24]" is assigned to location or region, but does not exist in design
    Warning (15706): Node "GPIO_0[25]" is assigned to location or region, but does not exist in design
    Warning (15706): Node "GPIO_0[26]" is assigned to location or region, but does not exist in design
    Warning (15706): Node "GPIO_0[27]" is assigned to location or region, but does not exist in design
    Warning (15706): Node "GPIO_0[28]" is assigned to location or region, but does not exist in design
    Warning (15706): Node "GPIO_0[29]" is assigned to location or region, but does not exist in design
    Warning (15706): Node "GPIO_0[2]" is assigned to location or region, but does not exist in design
    Warning (15706): Node "GPIO_0[30]" is assigned to location or region, but does not exist in design
    Warning (15706): Node "GPIO_0[31]" is assigned to location or region, but does not exist in design
    Warning (15706): Node "GPIO_0[32]" is assigned to location or region, but does not exist in design
    Warning (15706): Node "GPIO_0[33]" is assigned to location or region, but does not exist in design
    Warning (15706): Node "GPIO_0[34]" is assigned to location or region, but does not exist in design
    Warning (15706): Node "GPIO_0[35]" is assigned to location or region, but does not exist in design
    Warning (15706): Node "GPIO_0[3]" is assigned to location or region, but does not exist in design
    Warning (15706): Node "GPIO_0[4]" is assigned to location or region, but does not exist in design
    Warning (15706): Node "GPIO_0[5]" is assigned to location or region, but does not exist in design
    Warning (15706): Node "GPIO_0[6]" is assigned to location or region, but does not exist in design
    Warning (15706): Node "GPIO_0[7]" is assigned to location or region, but does not exist in design
    Warning (15706): Node "GPIO_0[8]" is assigned to location or region, but does not exist in design
    Warning (15706): Node "GPIO_0[9]" is assigned to location or region, but does not exist in design
    Warning (15706): Node "GPIO_1[0]" is assigned to location or region, but does not exist in design
    Warning (15706): Node "GPIO_1[10]" is assigned to location or region, but does not exist in design
    Warning (15706): Node "GPIO_1[11]" is assigned to location or region, but does not exist in design
    Warning (15706): Node "GPIO_1[12]" is assigned to location or region, but does not exist in design
    Warning (15706): Node "GPIO_1[13]" is assigned to location or region, but does not exist in design
    Warning (15706): Node "GPIO_1[14]" is assigned to location or region, but does not exist in design
    Warning (15706): Node "GPIO_1[15]" is assigned to location or region, but does not exist in design
    Warning (15706): Node "GPIO_1[16]" is assigned to location or region, but does not exist in design
    Warning (15706): Node "GPIO_1[17]" is assigned to location or region, but does not exist in design
    Warning (15706): Node "GPIO_1[18]" is assigned to location or region, but does not exist in design
    Warning (15706): Node "GPIO_1[19]" is assigned to location or region, but does not exist in design
    Warning (15706): Node "GPIO_1[1]" is assigned to location or region, but does not exist in design
    Warning (15706): Node "GPIO_1[20]" is assigned to location or region, but does not exist in design
    Warning (15706): Node "GPIO_1[21]" is assigned to location or region, but does not exist in design
    Warning (15706): Node "GPIO_1[22]" is assigned to location or region, but does not exist in design
    Warning (15706): Node "GPIO_1[23]" is assigned to location or region, but does not exist in design
    Warning (15706): Node "GPIO_1[24]" is assigned to location or region, but does not exist in design
    Warning (15706): Node "GPIO_1[25]" is assigned to location or region, but does not exist in design
    Warning (15706): Node "GPIO_1[26]" is assigned to location or region, but does not exist in design
    Warning (15706): Node "GPIO_1[27]" is assigned to location or region, but does not exist in design
    Warning (15706): Node "GPIO_1[28]" is assigned to location or region, but does not exist in design
    Warning (15706): Node "GPIO_1[29]" is assigned to location or region, but does not exist in design
    Warning (15706): Node "GPIO_1[2]" is assigned to location or region, but does not exist in design
    Warning (15706): Node "GPIO_1[30]" is assigned to location or region, but does not exist in design
    Warning (15706): Node "GPIO_1[31]" is assigned to location or region, but does not exist in design
    Warning (15706): Node "GPIO_1[32]" is assigned to location or region, but does not exist in design
    Warning (15706): Node "GPIO_1[33]" is assigned to location or region, but does not exist in design
    Warning (15706): Node "GPIO_1[34]" is assigned to location or region, but does not exist in design
    Warning (15706): Node "GPIO_1[35]" is assigned to location or region, but does not exist in design
    Warning (15706): Node "GPIO_1[3]" is assigned to location or region, but does not exist in design
    Warning (15706): Node "GPIO_1[4]" is assigned to location or region, but does not exist in design
    Warning (15706): Node "GPIO_1[5]" is assigned to location or region, but does not exist in design
    Warning (15706): Node "GPIO_1[6]" is assigned to location or region, but does not exist in design
    Warning (15706): Node "GPIO_1[7]" is assigned to location or region, but does not exist in design
    Warning (15706): Node "GPIO_1[8]" is assigned to location or region, but does not exist in design
    Warning (15706): Node "GPIO_1[9]" is assigned to location or region, but does not exist in design
    Warning (15706): Node "KEY[0]" is assigned to location or region, but does not exist in design
    Warning (15706): Node "KEY[1]" is assigned to location or region, but does not exist in design
    Warning (15706): Node "LED[0]" is assigned to location or region, but does not exist in design
    Warning (15706): Node "LED[1]" is assigned to location or region, but does not exist in design
    Warning (15706): Node "LED[2]" is assigned to location or region, but does not exist in design
    Warning (15706): Node "LED[3]" is assigned to location or region, but does not exist in design
    Warning (15706): Node "LED[4]" is assigned to location or region, but does not exist in design
    Warning (15706): Node "LED[5]" is assigned to location or region, but does not exist in design
    Warning (15706): Node "LED[6]" is assigned to location or region, but does not exist in design
    Warning (15706): Node "LED[7]" is assigned to location or region, but does not exist in design
    Warning (15706): Node "SW[0]" is assigned to location or region, but does not exist in design
    Warning (15706): Node "SW[1]" is assigned to location or region, but does not exist in design
    Warning (15706): Node "SW[2]" is assigned to location or region, but does not exist in design
    Warning (15706): Node "SW[3]" is assigned to location or region, but does not exist in design
    Warning (15706): Node "blue" is assigned to location or region, but does not exist in design
    Warning (15706): Node "green" is assigned to location or region, but does not exist in design
    Warning (15706): Node "lcd_cs" is assigned to location or region, but does not exist in design
    Warning (15706): Node "lcd_rs" is assigned to location or region, but does not exist in design
    Warning (15706): Node "lcd_rst" is assigned to location or region, but does not exist in design
    Warning (15706): Node "lcd_scl" is assigned to location or region, but does not exist in design
    Warning (15706): Node "lcd_sda" is assigned to location or region, but does not exist in design
    Warning (15706): Node "point" is assigned to location or region, but does not exist in design
    Warning (15706): Node "red" is assigned to location or region, but does not exist in design
    Warning (15706): Node "spkr" is assigned to location or region, but does not exist in design
Info (11798): Fitter preparation operations ending: elapsed time is 00:00:05
Info (170189): Fitter placement preparation operations beginning
Info (14951): The Fitter is using Advanced Physical Optimization.
Info (170190): Fitter placement preparation operations ending: elapsed time is 00:01:26
Info (170191): Fitter placement operations beginning
Info (170137): Fitter placement was successful
Info (170192): Fitter placement operations ending: elapsed time is 00:00:05
Info (170193): Fitter routing operations beginning
Info (170195): Router estimated average interconnect usage is 4% of the available device resources
    Info (170196): Router estimated peak interconnect usage is 22% of the available device resources in the region that extends from location X11_Y0 to location X22_Y11
Info (170199): The Fitter performed an Auto Fit compilation.  Optimizations were skipped to reduce compilation time.
    Info (170201): Optimizations that may affect the design's routability were skipped
Info (170194): Fitter routing operations ending: elapsed time is 00:00:11
Info (11888): Total time spent on timing analysis during the Fitter is 6.38 seconds.
Info (334003): Started post-fitting delay annotation
Info (334004): Delay annotation completed successfully
Info (334003): Started post-fitting delay annotation
Info (334004): Delay annotation completed successfully
Info (11801): Fitter post-fit operations ending: elapsed time is 00:00:08
Warning (171167): Found invalid Fitter assignments. See the Ignored Assignments panel in the Fitter Compilation Report for more information.
Info (144001): Generated suppressed messages file C:/Users/teylo/Documents/GitHub/Tetris_LED_Matrix_FPGA/Quartus/output_files/top_level_matrix.fit.smsg
Info: Quartus Prime Fitter was successful. 0 errors, 125 warnings
    Info: Peak virtual memory: 6895 megabytes
    Info: Processing ended: Wed Apr 02 13:43:50 2025
    Info: Elapsed time: 00:03:26
    Info: Total CPU time (on all processors): 00:03:33


+----------------------------+
; Fitter Suppressed Messages ;
+----------------------------+
The suppressed messages can be found in C:/Users/teylo/Documents/GitHub/Tetris_LED_Matrix_FPGA/Quartus/output_files/top_level_matrix.fit.smsg.


