Fitter report for top_level_matrix
Tue Apr 01 11:07:23 2025
Quartus Prime Version 18.1.0 Build 625 09/12/2018 SJ Lite Edition


---------------------
; Table of Contents ;
---------------------
  1. Legal Notice
  2. Fitter Summary
  3. Fitter Settings
  4. Parallel Compilation
  5. Ignored Assignments
  6. Fitter Resource Usage Summary
  7. Input Pins
  8. Output Pins
  9. I/O Bank Usage
 10. All Package Pins
 11. Fitter Resource Utilization by Entity
 12. Delay Chain Summary
 13. Pad To Core Delay Chain Fanout
 14. Control Signals
 15. Non-Global High Fan-Out Signals
 16. Fitter Device Options
 17. Operating Settings and Conditions
 18. Fitter Messages



----------------
; Legal Notice ;
----------------
Copyright (C) 2018  Intel Corporation. All rights reserved.
Your use of Intel Corporation's design tools, logic functions 
and other software and tools, and its AMPP partner logic 
functions, and any output files from any of the foregoing 
(including device programming or simulation files), and any 
associated documentation or information are expressly subject 
to the terms and conditions of the Intel Program License 
Subscription Agreement, the Intel Quartus Prime License Agreement,
the Intel FPGA IP License Agreement, or other applicable license
agreement, including, without limitation, that your use is for
the sole purpose of programming logic devices manufactured by
Intel and sold by Intel or its authorized distributors.  Please
refer to the applicable agreement for further details.



+-------------------------------------------------------------------------------+
; Fitter Summary                                                                ;
+---------------------------------+---------------------------------------------+
; Fitter Status                   ; Failed - Tue Apr 01 11:07:23 2025           ;
; Quartus Prime Version           ; 18.1.0 Build 625 09/12/2018 SJ Lite Edition ;
; Revision Name                   ; top_level_matrix                            ;
; Top-level Entity Name           ; top_level_matrix                            ;
; Family                          ; Cyclone V                                   ;
; Device                          ; 5CGXFC7C7F23C8                              ;
; Timing Models                   ; Final                                       ;
; Logic utilization (in ALMs)     ; 2,705 / 56,480 ( 5 % )                      ;
; Total registers                 ; 3197                                        ;
; Total pins                      ; 24 / 268 ( 9 % )                            ;
; Total virtual pins              ; 0                                           ;
; Total block memory bits         ; 0 / 7,024,640 ( 0 % )                       ;
; Total RAM Blocks                ; 0 / 686 ( 0 % )                             ;
; Total DSP Blocks                ; 0 / 156 ( 0 % )                             ;
; Total HSSI RX PCSs              ; 0 / 6 ( 0 % )                               ;
; Total HSSI PMA RX Deserializers ; 0 / 6 ( 0 % )                               ;
; Total HSSI TX PCSs              ; 0 / 6 ( 0 % )                               ;
; Total HSSI PMA TX Serializers   ; 0 / 6 ( 0 % )                               ;
; Total PLLs                      ; 0 / 13 ( 0 % )                              ;
; Total DLLs                      ; 0 / 4 ( 0 % )                               ;
+---------------------------------+---------------------------------------------+


+----------------------------------------------------------------------------------------------------------------------------------------------------+
; Fitter Settings                                                                                                                                    ;
+--------------------------------------------------------------------+---------------------------------------+---------------------------------------+
; Option                                                             ; Setting                               ; Default Value                         ;
+--------------------------------------------------------------------+---------------------------------------+---------------------------------------+
; Device                                                             ; 5CGXFC7C7F23C8                        ;                                       ;
; Use smart compilation                                              ; Off                                   ; Off                                   ;
; Enable parallel Assembler and Timing Analyzer during compilation   ; On                                    ; On                                    ;
; Enable compact report table                                        ; Off                                   ; Off                                   ;
; Router Timing Optimization Level                                   ; Normal                                ; Normal                                ;
; Perform Clocking Topology Analysis During Routing                  ; Off                                   ; Off                                   ;
; Placement Effort Multiplier                                        ; 1.0                                   ; 1.0                                   ;
; Device initialization clock source                                 ; INIT_INTOSC                           ; INIT_INTOSC                           ;
; Optimize Hold Timing                                               ; All Paths                             ; All Paths                             ;
; Optimize Multi-Corner Timing                                       ; On                                    ; On                                    ;
; Auto RAM to MLAB Conversion                                        ; On                                    ; On                                    ;
; Equivalent RAM and MLAB Power Up                                   ; Auto                                  ; Auto                                  ;
; Equivalent RAM and MLAB Paused Read Capabilities                   ; Care                                  ; Care                                  ;
; Power Optimization During Fitting                                  ; Normal compilation                    ; Normal compilation                    ;
; SSN Optimization                                                   ; Off                                   ; Off                                   ;
; Optimize Timing                                                    ; Normal compilation                    ; Normal compilation                    ;
; Optimize Timing for ECOs                                           ; Off                                   ; Off                                   ;
; Regenerate Full Fit Report During ECO Compiles                     ; Off                                   ; Off                                   ;
; Optimize IOC Register Placement for Timing                         ; Normal                                ; Normal                                ;
; Final Placement Optimizations                                      ; Automatically                         ; Automatically                         ;
; Fitter Aggressive Routability Optimizations                        ; Automatically                         ; Automatically                         ;
; Fitter Initial Placement Seed                                      ; 1                                     ; 1                                     ;
; Periphery to Core Placement and Routing Optimization               ; Off                                   ; Off                                   ;
; Weak Pull-Up Resistor                                              ; Off                                   ; Off                                   ;
; Enable Bus-Hold Circuitry                                          ; Off                                   ; Off                                   ;
; Auto Packed Registers                                              ; Auto                                  ; Auto                                  ;
; Auto Delay Chains                                                  ; On                                    ; On                                    ;
; Auto Delay Chains for High Fanout Input Pins                       ; Off                                   ; Off                                   ;
; Treat Bidirectional Pin as Output Pin                              ; Off                                   ; Off                                   ;
; Perform Physical Synthesis for Combinational Logic for Fitting     ; Off                                   ; Off                                   ;
; Perform Physical Synthesis for Combinational Logic for Performance ; Off                                   ; Off                                   ;
; Perform Register Duplication for Performance                       ; Off                                   ; Off                                   ;
; Perform Register Retiming for Performance                          ; Off                                   ; Off                                   ;
; Perform Asynchronous Signal Pipelining                             ; Off                                   ; Off                                   ;
; Fitter Effort                                                      ; Auto Fit                              ; Auto Fit                              ;
; Physical Synthesis Effort Level                                    ; Normal                                ; Normal                                ;
; Logic Cell Insertion - Logic Duplication                           ; Auto                                  ; Auto                                  ;
; Auto Register Duplication                                          ; Auto                                  ; Auto                                  ;
; Auto Global Clock                                                  ; On                                    ; On                                    ;
; Auto Global Register Control Signals                               ; On                                    ; On                                    ;
; Reserve all unused pins                                            ; As input tri-stated with weak pull-up ; As input tri-stated with weak pull-up ;
; Synchronizer Identification                                        ; Auto                                  ; Auto                                  ;
; Enable Beneficial Skew Optimization                                ; On                                    ; On                                    ;
; Optimize Design for Metastability                                  ; On                                    ; On                                    ;
; Active Serial clock source                                         ; FREQ_100MHz                           ; FREQ_100MHz                           ;
; Force Fitter to Avoid Periphery Placement Warnings                 ; Off                                   ; Off                                   ;
; Clamping Diode                                                     ; Off                                   ; Off                                   ;
; Enable input tri-state on active configuration pins in user mode   ; Off                                   ; Off                                   ;
; Advanced Physical Optimization                                     ; On                                    ; On                                    ;
+--------------------------------------------------------------------+---------------------------------------+---------------------------------------+


+------------------------------------------+
; Parallel Compilation                     ;
+----------------------------+-------------+
; Processors                 ; Number      ;
+----------------------------+-------------+
; Number detected on machine ; 12          ;
; Maximum allowed            ; 10          ;
;                            ;             ;
; Average used               ; 1.00        ;
; Maximum used               ; 1           ;
;                            ;             ;
; Usage by Processor         ; % Time Used ;
;     Processor 1            ; 100.0%      ;
+----------------------------+-------------+


+---------------------------------------------------------------------------------------------------+
; Ignored Assignments                                                                               ;
+--------------+------------------+--------------+-----------------+---------------+----------------+
; Name         ; Ignored Entity   ; Ignored From ; Ignored To      ; Ignored Value ; Ignored Source ;
+--------------+------------------+--------------+-----------------+---------------+----------------+
; Location     ;                  ;              ; ADC_CONVST      ; PIN_U9        ; QSF Assignment ;
; Location     ;                  ;              ; ADC_SCK         ; PIN_V10       ; QSF Assignment ;
; Location     ;                  ;              ; ADC_SDI         ; PIN_AC4       ; QSF Assignment ;
; Location     ;                  ;              ; ADC_SDO         ; PIN_AD4       ; QSF Assignment ;
; Location     ;                  ;              ; ARDUINO_IO[0]   ; PIN_AG13      ; QSF Assignment ;
; Location     ;                  ;              ; ARDUINO_IO[10]  ; PIN_AF15      ; QSF Assignment ;
; Location     ;                  ;              ; ARDUINO_IO[11]  ; PIN_AG16      ; QSF Assignment ;
; Location     ;                  ;              ; ARDUINO_IO[12]  ; PIN_AH11      ; QSF Assignment ;
; Location     ;                  ;              ; ARDUINO_IO[13]  ; PIN_AH12      ; QSF Assignment ;
; Location     ;                  ;              ; ARDUINO_IO[14]  ; PIN_AH9       ; QSF Assignment ;
; Location     ;                  ;              ; ARDUINO_IO[15]  ; PIN_AG11      ; QSF Assignment ;
; Location     ;                  ;              ; ARDUINO_IO[1]   ; PIN_AF13      ; QSF Assignment ;
; Location     ;                  ;              ; ARDUINO_IO[2]   ; PIN_AG10      ; QSF Assignment ;
; Location     ;                  ;              ; ARDUINO_IO[3]   ; PIN_AG9       ; QSF Assignment ;
; Location     ;                  ;              ; ARDUINO_IO[4]   ; PIN_U14       ; QSF Assignment ;
; Location     ;                  ;              ; ARDUINO_IO[5]   ; PIN_U13       ; QSF Assignment ;
; Location     ;                  ;              ; ARDUINO_IO[6]   ; PIN_AG8       ; QSF Assignment ;
; Location     ;                  ;              ; ARDUINO_IO[7]   ; PIN_AH8       ; QSF Assignment ;
; Location     ;                  ;              ; ARDUINO_IO[8]   ; PIN_AF17      ; QSF Assignment ;
; Location     ;                  ;              ; ARDUINO_IO[9]   ; PIN_AE15      ; QSF Assignment ;
; Location     ;                  ;              ; ARDUINO_RESET_N ; PIN_AH7       ; QSF Assignment ;
; Location     ;                  ;              ; FPGA_CLK1_50    ; PIN_V11       ; QSF Assignment ;
; Location     ;                  ;              ; FPGA_CLK2_50    ; PIN_Y13       ; QSF Assignment ;
; Location     ;                  ;              ; FPGA_CLK3_50    ; PIN_E11       ; QSF Assignment ;
; Location     ;                  ;              ; GPIO_0[0]       ; PIN_V12       ; QSF Assignment ;
; Location     ;                  ;              ; GPIO_0[10]      ; PIN_T8        ; QSF Assignment ;
; Location     ;                  ;              ; GPIO_0[11]      ; PIN_T12       ; QSF Assignment ;
; Location     ;                  ;              ; GPIO_0[12]      ; PIN_AH5       ; QSF Assignment ;
; Location     ;                  ;              ; GPIO_0[13]      ; PIN_AH6       ; QSF Assignment ;
; Location     ;                  ;              ; GPIO_0[14]      ; PIN_AH4       ; QSF Assignment ;
; Location     ;                  ;              ; GPIO_0[15]      ; PIN_AG5       ; QSF Assignment ;
; Location     ;                  ;              ; GPIO_0[16]      ; PIN_AH3       ; QSF Assignment ;
; Location     ;                  ;              ; GPIO_0[17]      ; PIN_AH2       ; QSF Assignment ;
; Location     ;                  ;              ; GPIO_0[18]      ; PIN_AF4       ; QSF Assignment ;
; Location     ;                  ;              ; GPIO_0[19]      ; PIN_AG6       ; QSF Assignment ;
; Location     ;                  ;              ; GPIO_0[1]       ; PIN_AF7       ; QSF Assignment ;
; Location     ;                  ;              ; GPIO_0[20]      ; PIN_AF5       ; QSF Assignment ;
; Location     ;                  ;              ; GPIO_0[21]      ; PIN_AE4       ; QSF Assignment ;
; Location     ;                  ;              ; GPIO_0[22]      ; PIN_T13       ; QSF Assignment ;
; Location     ;                  ;              ; GPIO_0[23]      ; PIN_T11       ; QSF Assignment ;
; Location     ;                  ;              ; GPIO_0[24]      ; PIN_AE7       ; QSF Assignment ;
; Location     ;                  ;              ; GPIO_0[25]      ; PIN_AF6       ; QSF Assignment ;
; Location     ;                  ;              ; GPIO_0[26]      ; PIN_AF9       ; QSF Assignment ;
; Location     ;                  ;              ; GPIO_0[27]      ; PIN_AE8       ; QSF Assignment ;
; Location     ;                  ;              ; GPIO_0[28]      ; PIN_AD10      ; QSF Assignment ;
; Location     ;                  ;              ; GPIO_0[29]      ; PIN_AE9       ; QSF Assignment ;
; Location     ;                  ;              ; GPIO_0[2]       ; PIN_W12       ; QSF Assignment ;
; Location     ;                  ;              ; GPIO_0[30]      ; PIN_AD11      ; QSF Assignment ;
; Location     ;                  ;              ; GPIO_0[31]      ; PIN_AF10      ; QSF Assignment ;
; Location     ;                  ;              ; GPIO_0[32]      ; PIN_AD12      ; QSF Assignment ;
; Location     ;                  ;              ; GPIO_0[33]      ; PIN_AE11      ; QSF Assignment ;
; Location     ;                  ;              ; GPIO_0[34]      ; PIN_AF11      ; QSF Assignment ;
; Location     ;                  ;              ; GPIO_0[35]      ; PIN_AE12      ; QSF Assignment ;
; Location     ;                  ;              ; GPIO_0[3]       ; PIN_AF8       ; QSF Assignment ;
; Location     ;                  ;              ; GPIO_0[4]       ; PIN_Y8        ; QSF Assignment ;
; Location     ;                  ;              ; GPIO_0[5]       ; PIN_AB4       ; QSF Assignment ;
; Location     ;                  ;              ; GPIO_0[6]       ; PIN_W8        ; QSF Assignment ;
; Location     ;                  ;              ; GPIO_0[7]       ; PIN_Y4        ; QSF Assignment ;
; Location     ;                  ;              ; GPIO_0[8]       ; PIN_Y5        ; QSF Assignment ;
; Location     ;                  ;              ; GPIO_0[9]       ; PIN_U11       ; QSF Assignment ;
; Location     ;                  ;              ; GPIO_1[0]       ; PIN_Y15       ; QSF Assignment ;
; Location     ;                  ;              ; GPIO_1[10]      ; PIN_AG19      ; QSF Assignment ;
; Location     ;                  ;              ; GPIO_1[11]      ; PIN_AF20      ; QSF Assignment ;
; Location     ;                  ;              ; GPIO_1[12]      ; PIN_AC23      ; QSF Assignment ;
; Location     ;                  ;              ; GPIO_1[13]      ; PIN_AG18      ; QSF Assignment ;
; Location     ;                  ;              ; GPIO_1[14]      ; PIN_AH26      ; QSF Assignment ;
; Location     ;                  ;              ; GPIO_1[15]      ; PIN_AA19      ; QSF Assignment ;
; Location     ;                  ;              ; GPIO_1[16]      ; PIN_AG24      ; QSF Assignment ;
; Location     ;                  ;              ; GPIO_1[17]      ; PIN_AF25      ; QSF Assignment ;
; Location     ;                  ;              ; GPIO_1[18]      ; PIN_AH23      ; QSF Assignment ;
; Location     ;                  ;              ; GPIO_1[19]      ; PIN_AG23      ; QSF Assignment ;
; Location     ;                  ;              ; GPIO_1[1]       ; PIN_AG28      ; QSF Assignment ;
; Location     ;                  ;              ; GPIO_1[20]      ; PIN_AE19      ; QSF Assignment ;
; Location     ;                  ;              ; GPIO_1[21]      ; PIN_AF18      ; QSF Assignment ;
; Location     ;                  ;              ; GPIO_1[22]      ; PIN_AD19      ; QSF Assignment ;
; Location     ;                  ;              ; GPIO_1[23]      ; PIN_AE20      ; QSF Assignment ;
; Location     ;                  ;              ; GPIO_1[24]      ; PIN_AE24      ; QSF Assignment ;
; Location     ;                  ;              ; GPIO_1[25]      ; PIN_AD20      ; QSF Assignment ;
; Location     ;                  ;              ; GPIO_1[26]      ; PIN_AF22      ; QSF Assignment ;
; Location     ;                  ;              ; GPIO_1[27]      ; PIN_AH22      ; QSF Assignment ;
; Location     ;                  ;              ; GPIO_1[28]      ; PIN_AH19      ; QSF Assignment ;
; Location     ;                  ;              ; GPIO_1[29]      ; PIN_AH21      ; QSF Assignment ;
; Location     ;                  ;              ; GPIO_1[2]       ; PIN_AA15      ; QSF Assignment ;
; Location     ;                  ;              ; GPIO_1[30]      ; PIN_AG21      ; QSF Assignment ;
; Location     ;                  ;              ; GPIO_1[31]      ; PIN_AH18      ; QSF Assignment ;
; Location     ;                  ;              ; GPIO_1[32]      ; PIN_AD23      ; QSF Assignment ;
; Location     ;                  ;              ; GPIO_1[33]      ; PIN_AE23      ; QSF Assignment ;
; Location     ;                  ;              ; GPIO_1[34]      ; PIN_AA18      ; QSF Assignment ;
; Location     ;                  ;              ; GPIO_1[35]      ; PIN_AC22      ; QSF Assignment ;
; Location     ;                  ;              ; GPIO_1[3]       ; PIN_AH27      ; QSF Assignment ;
; Location     ;                  ;              ; GPIO_1[4]       ; PIN_AG26      ; QSF Assignment ;
; Location     ;                  ;              ; GPIO_1[5]       ; PIN_AH24      ; QSF Assignment ;
; Location     ;                  ;              ; GPIO_1[6]       ; PIN_AF23      ; QSF Assignment ;
; Location     ;                  ;              ; GPIO_1[7]       ; PIN_AE22      ; QSF Assignment ;
; Location     ;                  ;              ; GPIO_1[8]       ; PIN_AF21      ; QSF Assignment ;
; Location     ;                  ;              ; GPIO_1[9]       ; PIN_AG20      ; QSF Assignment ;
; Location     ;                  ;              ; KEY[0]          ; PIN_AH17      ; QSF Assignment ;
; Location     ;                  ;              ; KEY[1]          ; PIN_AH16      ; QSF Assignment ;
; Location     ;                  ;              ; LED[0]          ; PIN_W15       ; QSF Assignment ;
; Location     ;                  ;              ; LED[1]          ; PIN_AA24      ; QSF Assignment ;
; Location     ;                  ;              ; LED[2]          ; PIN_V16       ; QSF Assignment ;
; Location     ;                  ;              ; LED[3]          ; PIN_V15       ; QSF Assignment ;
; Location     ;                  ;              ; LED[4]          ; PIN_AF26      ; QSF Assignment ;
; Location     ;                  ;              ; LED[5]          ; PIN_AE26      ; QSF Assignment ;
; Location     ;                  ;              ; LED[6]          ; PIN_Y16       ; QSF Assignment ;
; Location     ;                  ;              ; LED[7]          ; PIN_AA23      ; QSF Assignment ;
; Location     ;                  ;              ; SW[0]           ; PIN_L10       ; QSF Assignment ;
; Location     ;                  ;              ; SW[1]           ; PIN_L9        ; QSF Assignment ;
; Location     ;                  ;              ; SW[2]           ; PIN_H6        ; QSF Assignment ;
; Location     ;                  ;              ; SW[3]           ; PIN_H5        ; QSF Assignment ;
; Location     ;                  ;              ; blue            ; PIN_AH26      ; QSF Assignment ;
; Location     ;                  ;              ; colon           ; PIN_AE22      ; QSF Assignment ;
; Location     ;                  ;              ; colon_en_n      ; PIN_AD20      ; QSF Assignment ;
; Location     ;                  ;              ; ct[0]           ; PIN_AF25      ; QSF Assignment ;
; Location     ;                  ;              ; ct[1]           ; PIN_AF18      ; QSF Assignment ;
; Location     ;                  ;              ; ct[2]           ; PIN_AH21      ; QSF Assignment ;
; Location     ;                  ;              ; ct[3]           ; PIN_AH18      ; QSF Assignment ;
; Location     ;                  ;              ; green           ; PIN_AC23      ; QSF Assignment ;
; Location     ;                  ;              ; lcd_cs          ; PIN_Y15       ; QSF Assignment ;
; Location     ;                  ;              ; lcd_rs          ; PIN_AD19      ; QSF Assignment ;
; Location     ;                  ;              ; lcd_rst         ; PIN_AG26      ; QSF Assignment ;
; Location     ;                  ;              ; lcd_scl         ; PIN_AF22      ; QSF Assignment ;
; Location     ;                  ;              ; lcd_sda         ; PIN_AA15      ; QSF Assignment ;
; Location     ;                  ;              ; leds[0]         ; PIN_AF20      ; QSF Assignment ;
; Location     ;                  ;              ; leds[1]         ; PIN_AA19      ; QSF Assignment ;
; Location     ;                  ;              ; leds[2]         ; PIN_AG20      ; QSF Assignment ;
; Location     ;                  ;              ; leds[3]         ; PIN_AH22      ; QSF Assignment ;
; Location     ;                  ;              ; leds[4]         ; PIN_AE20      ; QSF Assignment ;
; Location     ;                  ;              ; leds[5]         ; PIN_AH24      ; QSF Assignment ;
; Location     ;                  ;              ; leds[6]         ; PIN_AG18      ; QSF Assignment ;
; Location     ;                  ;              ; leds[7]         ; PIN_AG23      ; QSF Assignment ;
; Location     ;                  ;              ; point           ; PIN_AF11      ; QSF Assignment ;
; Location     ;                  ;              ; red             ; PIN_AG19      ; QSF Assignment ;
; Location     ;                  ;              ; spkr            ; PIN_AF21      ; QSF Assignment ;
; I/O Standard ; top_level_matrix ;              ; ADC_CONVST      ; 3.3-V LVTTL   ; QSF Assignment ;
; I/O Standard ; top_level_matrix ;              ; ADC_SCK         ; 3.3-V LVTTL   ; QSF Assignment ;
; I/O Standard ; top_level_matrix ;              ; ADC_SDI         ; 3.3-V LVTTL   ; QSF Assignment ;
; I/O Standard ; top_level_matrix ;              ; ADC_SDO         ; 3.3-V LVTTL   ; QSF Assignment ;
; I/O Standard ; top_level_matrix ;              ; ARDUINO_IO[0]   ; 3.3-V LVTTL   ; QSF Assignment ;
; I/O Standard ; top_level_matrix ;              ; ARDUINO_IO[10]  ; 3.3-V LVTTL   ; QSF Assignment ;
; I/O Standard ; top_level_matrix ;              ; ARDUINO_IO[11]  ; 3.3-V LVTTL   ; QSF Assignment ;
; I/O Standard ; top_level_matrix ;              ; ARDUINO_IO[12]  ; 3.3-V LVTTL   ; QSF Assignment ;
; I/O Standard ; top_level_matrix ;              ; ARDUINO_IO[13]  ; 3.3-V LVTTL   ; QSF Assignment ;
; I/O Standard ; top_level_matrix ;              ; ARDUINO_IO[14]  ; 3.3-V LVTTL   ; QSF Assignment ;
; I/O Standard ; top_level_matrix ;              ; ARDUINO_IO[15]  ; 3.3-V LVTTL   ; QSF Assignment ;
; I/O Standard ; top_level_matrix ;              ; ARDUINO_IO[1]   ; 3.3-V LVTTL   ; QSF Assignment ;
; I/O Standard ; top_level_matrix ;              ; ARDUINO_IO[2]   ; 3.3-V LVTTL   ; QSF Assignment ;
; I/O Standard ; top_level_matrix ;              ; ARDUINO_IO[3]   ; 3.3-V LVTTL   ; QSF Assignment ;
; I/O Standard ; top_level_matrix ;              ; ARDUINO_IO[4]   ; 3.3-V LVTTL   ; QSF Assignment ;
; I/O Standard ; top_level_matrix ;              ; ARDUINO_IO[5]   ; 3.3-V LVTTL   ; QSF Assignment ;
; I/O Standard ; top_level_matrix ;              ; ARDUINO_IO[6]   ; 3.3-V LVTTL   ; QSF Assignment ;
; I/O Standard ; top_level_matrix ;              ; ARDUINO_IO[7]   ; 3.3-V LVTTL   ; QSF Assignment ;
; I/O Standard ; top_level_matrix ;              ; ARDUINO_IO[8]   ; 3.3-V LVTTL   ; QSF Assignment ;
; I/O Standard ; top_level_matrix ;              ; ARDUINO_IO[9]   ; 3.3-V LVTTL   ; QSF Assignment ;
; I/O Standard ; top_level_matrix ;              ; ARDUINO_RESET_N ; 3.3-V LVTTL   ; QSF Assignment ;
; I/O Standard ; top_level_matrix ;              ; FPGA_CLK1_50    ; 3.3-V LVTTL   ; QSF Assignment ;
; I/O Standard ; top_level_matrix ;              ; FPGA_CLK2_50    ; 3.3-V LVTTL   ; QSF Assignment ;
; I/O Standard ; top_level_matrix ;              ; FPGA_CLK3_50    ; 3.3-V LVTTL   ; QSF Assignment ;
; I/O Standard ; top_level_matrix ;              ; GPIO_0[0]       ; 3.3-V LVTTL   ; QSF Assignment ;
; I/O Standard ; top_level_matrix ;              ; GPIO_0[10]      ; 3.3-V LVTTL   ; QSF Assignment ;
; I/O Standard ; top_level_matrix ;              ; GPIO_0[11]      ; 3.3-V LVTTL   ; QSF Assignment ;
; I/O Standard ; top_level_matrix ;              ; GPIO_0[12]      ; 3.3-V LVTTL   ; QSF Assignment ;
; I/O Standard ; top_level_matrix ;              ; GPIO_0[13]      ; 3.3-V LVTTL   ; QSF Assignment ;
; I/O Standard ; top_level_matrix ;              ; GPIO_0[14]      ; 3.3-V LVTTL   ; QSF Assignment ;
; I/O Standard ; top_level_matrix ;              ; GPIO_0[15]      ; 3.3-V LVTTL   ; QSF Assignment ;
; I/O Standard ; top_level_matrix ;              ; GPIO_0[16]      ; 3.3-V LVTTL   ; QSF Assignment ;
; I/O Standard ; top_level_matrix ;              ; GPIO_0[17]      ; 3.3-V LVTTL   ; QSF Assignment ;
; I/O Standard ; top_level_matrix ;              ; GPIO_0[18]      ; 3.3-V LVTTL   ; QSF Assignment ;
; I/O Standard ; top_level_matrix ;              ; GPIO_0[19]      ; 3.3-V LVTTL   ; QSF Assignment ;
; I/O Standard ; top_level_matrix ;              ; GPIO_0[1]       ; 3.3-V LVTTL   ; QSF Assignment ;
; I/O Standard ; top_level_matrix ;              ; GPIO_0[20]      ; 3.3-V LVTTL   ; QSF Assignment ;
; I/O Standard ; top_level_matrix ;              ; GPIO_0[21]      ; 3.3-V LVTTL   ; QSF Assignment ;
; I/O Standard ; top_level_matrix ;              ; GPIO_0[22]      ; 3.3-V LVTTL   ; QSF Assignment ;
; I/O Standard ; top_level_matrix ;              ; GPIO_0[23]      ; 3.3-V LVTTL   ; QSF Assignment ;
; I/O Standard ; top_level_matrix ;              ; GPIO_0[24]      ; 3.3-V LVTTL   ; QSF Assignment ;
; I/O Standard ; top_level_matrix ;              ; GPIO_0[25]      ; 3.3-V LVTTL   ; QSF Assignment ;
; I/O Standard ; top_level_matrix ;              ; GPIO_0[26]      ; 3.3-V LVTTL   ; QSF Assignment ;
; I/O Standard ; top_level_matrix ;              ; GPIO_0[27]      ; 3.3-V LVTTL   ; QSF Assignment ;
; I/O Standard ; top_level_matrix ;              ; GPIO_0[28]      ; 3.3-V LVTTL   ; QSF Assignment ;
; I/O Standard ; top_level_matrix ;              ; GPIO_0[29]      ; 3.3-V LVTTL   ; QSF Assignment ;
; I/O Standard ; top_level_matrix ;              ; GPIO_0[2]       ; 3.3-V LVTTL   ; QSF Assignment ;
; I/O Standard ; top_level_matrix ;              ; GPIO_0[30]      ; 3.3-V LVTTL   ; QSF Assignment ;
; I/O Standard ; top_level_matrix ;              ; GPIO_0[31]      ; 3.3-V LVTTL   ; QSF Assignment ;
; I/O Standard ; top_level_matrix ;              ; GPIO_0[32]      ; 3.3-V LVTTL   ; QSF Assignment ;
; I/O Standard ; top_level_matrix ;              ; GPIO_0[33]      ; 3.3-V LVTTL   ; QSF Assignment ;
; I/O Standard ; top_level_matrix ;              ; GPIO_0[34]      ; 3.3-V LVTTL   ; QSF Assignment ;
; I/O Standard ; top_level_matrix ;              ; GPIO_0[35]      ; 3.3-V LVTTL   ; QSF Assignment ;
; I/O Standard ; top_level_matrix ;              ; GPIO_0[3]       ; 3.3-V LVTTL   ; QSF Assignment ;
; I/O Standard ; top_level_matrix ;              ; GPIO_0[4]       ; 3.3-V LVTTL   ; QSF Assignment ;
; I/O Standard ; top_level_matrix ;              ; GPIO_0[5]       ; 3.3-V LVTTL   ; QSF Assignment ;
; I/O Standard ; top_level_matrix ;              ; GPIO_0[6]       ; 3.3-V LVTTL   ; QSF Assignment ;
; I/O Standard ; top_level_matrix ;              ; GPIO_0[7]       ; 3.3-V LVTTL   ; QSF Assignment ;
; I/O Standard ; top_level_matrix ;              ; GPIO_0[8]       ; 3.3-V LVTTL   ; QSF Assignment ;
; I/O Standard ; top_level_matrix ;              ; GPIO_0[9]       ; 3.3-V LVTTL   ; QSF Assignment ;
; I/O Standard ; top_level_matrix ;              ; GPIO_1[0]       ; 3.3-V LVTTL   ; QSF Assignment ;
; I/O Standard ; top_level_matrix ;              ; GPIO_1[10]      ; 3.3-V LVTTL   ; QSF Assignment ;
; I/O Standard ; top_level_matrix ;              ; GPIO_1[11]      ; 3.3-V LVTTL   ; QSF Assignment ;
; I/O Standard ; top_level_matrix ;              ; GPIO_1[12]      ; 3.3-V LVTTL   ; QSF Assignment ;
; I/O Standard ; top_level_matrix ;              ; GPIO_1[13]      ; 3.3-V LVTTL   ; QSF Assignment ;
; I/O Standard ; top_level_matrix ;              ; GPIO_1[14]      ; 3.3-V LVTTL   ; QSF Assignment ;
; I/O Standard ; top_level_matrix ;              ; GPIO_1[15]      ; 3.3-V LVTTL   ; QSF Assignment ;
; I/O Standard ; top_level_matrix ;              ; GPIO_1[16]      ; 3.3-V LVTTL   ; QSF Assignment ;
; I/O Standard ; top_level_matrix ;              ; GPIO_1[17]      ; 3.3-V LVTTL   ; QSF Assignment ;
; I/O Standard ; top_level_matrix ;              ; GPIO_1[18]      ; 3.3-V LVTTL   ; QSF Assignment ;
; I/O Standard ; top_level_matrix ;              ; GPIO_1[19]      ; 3.3-V LVTTL   ; QSF Assignment ;
; I/O Standard ; top_level_matrix ;              ; GPIO_1[1]       ; 3.3-V LVTTL   ; QSF Assignment ;
; I/O Standard ; top_level_matrix ;              ; GPIO_1[20]      ; 3.3-V LVTTL   ; QSF Assignment ;
; I/O Standard ; top_level_matrix ;              ; GPIO_1[21]      ; 3.3-V LVTTL   ; QSF Assignment ;
; I/O Standard ; top_level_matrix ;              ; GPIO_1[22]      ; 3.3-V LVTTL   ; QSF Assignment ;
; I/O Standard ; top_level_matrix ;              ; GPIO_1[23]      ; 3.3-V LVTTL   ; QSF Assignment ;
; I/O Standard ; top_level_matrix ;              ; GPIO_1[24]      ; 3.3-V LVTTL   ; QSF Assignment ;
; I/O Standard ; top_level_matrix ;              ; GPIO_1[25]      ; 3.3-V LVTTL   ; QSF Assignment ;
; I/O Standard ; top_level_matrix ;              ; GPIO_1[26]      ; 3.3-V LVTTL   ; QSF Assignment ;
; I/O Standard ; top_level_matrix ;              ; GPIO_1[27]      ; 3.3-V LVTTL   ; QSF Assignment ;
; I/O Standard ; top_level_matrix ;              ; GPIO_1[28]      ; 3.3-V LVTTL   ; QSF Assignment ;
; I/O Standard ; top_level_matrix ;              ; GPIO_1[29]      ; 3.3-V LVTTL   ; QSF Assignment ;
; I/O Standard ; top_level_matrix ;              ; GPIO_1[2]       ; 3.3-V LVTTL   ; QSF Assignment ;
; I/O Standard ; top_level_matrix ;              ; GPIO_1[30]      ; 3.3-V LVTTL   ; QSF Assignment ;
; I/O Standard ; top_level_matrix ;              ; GPIO_1[31]      ; 3.3-V LVTTL   ; QSF Assignment ;
; I/O Standard ; top_level_matrix ;              ; GPIO_1[32]      ; 3.3-V LVTTL   ; QSF Assignment ;
; I/O Standard ; top_level_matrix ;              ; GPIO_1[33]      ; 3.3-V LVTTL   ; QSF Assignment ;
; I/O Standard ; top_level_matrix ;              ; GPIO_1[34]      ; 3.3-V LVTTL   ; QSF Assignment ;
; I/O Standard ; top_level_matrix ;              ; GPIO_1[35]      ; 3.3-V LVTTL   ; QSF Assignment ;
; I/O Standard ; top_level_matrix ;              ; GPIO_1[3]       ; 3.3-V LVTTL   ; QSF Assignment ;
; I/O Standard ; top_level_matrix ;              ; GPIO_1[4]       ; 3.3-V LVTTL   ; QSF Assignment ;
; I/O Standard ; top_level_matrix ;              ; GPIO_1[5]       ; 3.3-V LVTTL   ; QSF Assignment ;
; I/O Standard ; top_level_matrix ;              ; GPIO_1[6]       ; 3.3-V LVTTL   ; QSF Assignment ;
; I/O Standard ; top_level_matrix ;              ; GPIO_1[7]       ; 3.3-V LVTTL   ; QSF Assignment ;
; I/O Standard ; top_level_matrix ;              ; GPIO_1[8]       ; 3.3-V LVTTL   ; QSF Assignment ;
; I/O Standard ; top_level_matrix ;              ; GPIO_1[9]       ; 3.3-V LVTTL   ; QSF Assignment ;
; I/O Standard ; top_level_matrix ;              ; KEY[0]          ; 3.3-V LVTTL   ; QSF Assignment ;
; I/O Standard ; top_level_matrix ;              ; KEY[1]          ; 3.3-V LVTTL   ; QSF Assignment ;
; I/O Standard ; top_level_matrix ;              ; LED[0]          ; 3.3-V LVTTL   ; QSF Assignment ;
; I/O Standard ; top_level_matrix ;              ; LED[1]          ; 3.3-V LVTTL   ; QSF Assignment ;
; I/O Standard ; top_level_matrix ;              ; LED[2]          ; 3.3-V LVTTL   ; QSF Assignment ;
; I/O Standard ; top_level_matrix ;              ; LED[3]          ; 3.3-V LVTTL   ; QSF Assignment ;
; I/O Standard ; top_level_matrix ;              ; LED[4]          ; 3.3-V LVTTL   ; QSF Assignment ;
; I/O Standard ; top_level_matrix ;              ; LED[5]          ; 3.3-V LVTTL   ; QSF Assignment ;
; I/O Standard ; top_level_matrix ;              ; LED[6]          ; 3.3-V LVTTL   ; QSF Assignment ;
; I/O Standard ; top_level_matrix ;              ; LED[7]          ; 3.3-V LVTTL   ; QSF Assignment ;
; I/O Standard ; top_level_matrix ;              ; SW[0]           ; 3.3-V LVTTL   ; QSF Assignment ;
; I/O Standard ; top_level_matrix ;              ; SW[1]           ; 3.3-V LVTTL   ; QSF Assignment ;
; I/O Standard ; top_level_matrix ;              ; SW[2]           ; 3.3-V LVTTL   ; QSF Assignment ;
; I/O Standard ; top_level_matrix ;              ; SW[3]           ; 3.3-V LVTTL   ; QSF Assignment ;
+--------------+------------------+--------------+-----------------+---------------+----------------+


+---------------------------------------------------------------------------------------+
; Fitter Resource Usage Summary                                                         ;
+-------------------------------------------------------------+-----------------+-------+
; Resource                                                    ; Usage           ; %     ;
+-------------------------------------------------------------+-----------------+-------+
; Logic utilization (ALMs needed / total ALMs on device)      ; 2,705 / 56,480  ; 5 %   ;
; ALMs needed [=A-B+C]                                        ; 2,705           ;       ;
;     [A] ALMs used in final placement [=a+b+c+d]             ; 2,706 / 56,480  ; 5 %   ;
;         [a] ALMs used for LUT logic and registers           ; 306             ;       ;
;         [b] ALMs used for LUT logic                         ; 1,107           ;       ;
;         [c] ALMs used for registers                         ; 1,293           ;       ;
;         [d] ALMs used for memory (up to half of total ALMs) ; 0               ;       ;
;     [B] Estimate of ALMs recoverable by dense packing       ; 1 / 56,480      ; < 1 % ;
;     [C] Estimate of ALMs unavailable [=a+b+c+d]             ; 0 / 56,480      ; 0 %   ;
;         [a] Due to location constrained logic               ; 0               ;       ;
;         [b] Due to LAB-wide signal conflicts                ; 0               ;       ;
;         [c] Due to LAB input limits                         ; 0               ;       ;
;         [d] Due to virtual I/Os                             ; 0               ;       ;
;                                                             ;                 ;       ;
; Difficulty packing design                                   ; No fit          ;       ;
;                                                             ;                 ;       ;
; Total LABs:  partially or completely used                   ; 272 / 5,648     ; 5 %   ;
;     -- Logic LABs                                           ; 272             ;       ;
;     -- Memory LABs (up to half of total LABs)               ; 0               ;       ;
;                                                             ;                 ;       ;
; Combinational ALUT usage for logic                          ; 2,824           ;       ;
;     -- 7 input functions                                    ; 2               ;       ;
;     -- 6 input functions                                    ; 1,128           ;       ;
;     -- 5 input functions                                    ; 23              ;       ;
;     -- 4 input functions                                    ; 168             ;       ;
;     -- <=3 input functions                                  ; 1,503           ;       ;
; Combinational ALUT usage for route-throughs                 ; 0               ;       ;
;                                                             ;                 ;       ;
; Dedicated logic registers                                   ; 3,197           ;       ;
;     -- By type:                                             ;                 ;       ;
;         -- Primary logic registers                          ; 3,197 / 112,960 ; 3 %   ;
;         -- Secondary logic registers                        ; 0 / 112,960     ; 0 %   ;
;     -- By function:                                         ;                 ;       ;
;         -- Design implementation registers                  ; 3,197           ;       ;
;         -- Routing optimization registers                   ; 0               ;       ;
;                                                             ;                 ;       ;
; Virtual pins                                                ; 0               ;       ;
; I/O pins                                                    ; 24 / 268        ; 9 %   ;
;     -- Clock pins                                           ; 0 / 11          ; 0 %   ;
;     -- Dedicated input pins                                 ; 0 / 23          ; 0 %   ;
;                                                             ;                 ;       ;
; M10K blocks                                                 ; 0 / 686         ; 0 %   ;
; Total MLAB memory bits                                      ; 0               ;       ;
; Total block memory bits                                     ; 0 / 7,024,640   ; 0 %   ;
; Total block memory implementation bits                      ; 0 / 7,024,640   ; 0 %   ;
;                                                             ;                 ;       ;
; Total DSP Blocks                                            ; 0 / 156         ; 0 %   ;
;                                                             ;                 ;       ;
; Fractional PLLs                                             ; 0 / 7           ; 0 %   ;
; Global signals                                              ; 0               ;       ;
;     -- Global clocks                                        ; 0 / 16          ; 0 %   ;
;     -- Quadrant clocks                                      ; 0 / 88          ; 0 %   ;
;     -- Horizontal periphery clocks                          ; 0 / 18          ; 0 %   ;
; SERDES Transmitters                                         ; 0 / 120         ; 0 %   ;
; SERDES Receivers                                            ; 0 / 120         ; 0 %   ;
; JTAGs                                                       ; 0 / 1           ; 0 %   ;
; ASMI blocks                                                 ; 0 / 1           ; 0 %   ;
; CRC blocks                                                  ; 0 / 1           ; 0 %   ;
; Remote update blocks                                        ; 0 / 1           ; 0 %   ;
; Oscillator blocks                                           ; 0 / 1           ; 0 %   ;
; Hard IPs                                                    ; 0 / 1           ; 0 %   ;
; Standard RX PCSs                                            ; 0 / 6           ; 0 %   ;
; HSSI PMA RX Deserializers                                   ; 0 / 6           ; 0 %   ;
; Standard TX PCSs                                            ; 0 / 6           ; 0 %   ;
; HSSI PMA TX Serializers                                     ; 0 / 6           ; 0 %   ;
; Channel PLLs                                                ; 0 / 6           ; 0 %   ;
; Impedance control blocks                                    ; 0 / 3           ; 0 %   ;
; Hard Memory Controllers                                     ; 0 / 2           ; 0 %   ;
; Maximum fan-out                                             ; 3196            ;       ;
; Highest non-global fan-out                                  ; 3196            ;       ;
; Total fan-out                                               ; 21190           ;       ;
; Average fan-out                                             ; 3.49            ;       ;
+-------------------------------------------------------------+-----------------+-------+


+-----------------------------------------------------------------------------------------------------------------------------------------------------------------------------------------------------------------------------------------------+
; Input Pins                                                                                                                                                                                                                                    ;
+--------+------------+----------+-----------------------+--------------------+--------+----------------+-----------------+----------+--------------+--------------+-------------+---------------------------+----------------------+-----------+
; Name   ; Pin #      ; I/O Bank ; Combinational Fan-Out ; Registered Fan-Out ; Global ; Input Register ; PCI I/O Enabled ; Bus Hold ; Weak Pull Up ; I/O Standard ; Termination ; Termination Control Block ; Location assigned by ; Slew Rate ;
+--------+------------+----------+-----------------------+--------------------+--------+----------------+-----------------+----------+--------------+--------------+-------------+---------------------------+----------------------+-----------+
; CLK    ; Unassigned ; --       ; 3                     ; 0                  ; no     ; no             ; no              ; no       ; Off          ; None         ; Off         ; --                        ; User                 ; no        ;
; enc1_a ; Unassigned ; --       ; 1                     ; 0                  ; no     ; no             ; no              ; no       ; Off          ; None         ; Off         ; --                        ; User                 ; no        ;
; enc1_b ; Unassigned ; --       ; 1                     ; 0                  ; no     ; no             ; no              ; no       ; Off          ; None         ; Off         ; --                        ; User                 ; no        ;
; enc2_a ; Unassigned ; --       ; 1                     ; 0                  ; no     ; no             ; no              ; no       ; Off          ; None         ; Off         ; --                        ; User                 ; no        ;
; enc2_b ; Unassigned ; --       ; 1                     ; 0                  ; no     ; no             ; no              ; no       ; Off          ; None         ; Off         ; --                        ; User                 ; no        ;
; reset  ; Unassigned ; --       ; 0                     ; 0                  ; no     ; no             ; no              ; no       ; Off          ; None         ; Off         ; --                        ; Fitter               ; no        ;
; s1     ; Unassigned ; --       ; 1548                  ; 0                  ; no     ; no             ; no              ; no       ; Off          ; None         ; Off         ; --                        ; User                 ; no        ;
; s2     ; Unassigned ; --       ; 3                     ; 0                  ; no     ; no             ; no              ; no       ; Off          ; None         ; Off         ; --                        ; User                 ; no        ;
+--------+------------+----------+-----------------------+--------------------+--------+----------------+-----------------+----------+--------------+--------------+-------------+---------------------------+----------------------+-----------+


+------------------------------------------------------------------------------------------------------------------------------------------------------------------------------------------------------------------------------------------------------------------------------------------------------------------------------------------------------------------------------------------------------------------------------------+
; Output Pins                                                                                                                                                                                                                                                                                                                                                                                                                        ;
+-------------+------------+----------+-----------------+------------------------+-----------+-----------------+------------+---------------+----------+--------------+--------------+------------------+-------------+---------------------------+----------------------------+-----------------------------+---------------------+-----------------------------+----------------------+----------------------+---------------------+
; Name        ; Pin #      ; I/O Bank ; Output Register ; Output Enable Register ; Slew Rate ; PCI I/O Enabled ; Open Drain ; TRI Primitive ; Bus Hold ; Weak Pull Up ; I/O Standard ; Current Strength ; Termination ; Termination Control Block ; Output Buffer Pre-emphasis ; Voltage Output Differential ; Output Buffer Delay ; Output Buffer Delay Control ; Location assigned by ; Output Enable Source ; Output Enable Group ;
+-------------+------------+----------+-----------------+------------------------+-----------+-----------------+------------+---------------+----------+--------------+--------------+------------------+-------------+---------------------------+----------------------------+-----------------------------+---------------------+-----------------------------+----------------------+----------------------+---------------------+
; LAT         ; Unassigned ; --       ; no              ; no                     ; no        ; no              ; no         ; no            ; no       ; Off          ; None         ; Default          ; Off         ; --                        ; no                         ; no                          ; 0                   ; Off                         ; Fitter               ; -                    ; -                   ;
; OE          ; Unassigned ; --       ; no              ; no                     ; no        ; no              ; no         ; no            ; no       ; Off          ; None         ; Default          ; Off         ; --                        ; no                         ; no                          ; 0                   ; Off                         ; Fitter               ; -                    ; -                   ;
; RGB0[0]     ; Unassigned ; --       ; no              ; no                     ; no        ; no              ; no         ; no            ; no       ; Off          ; None         ; Default          ; Off         ; --                        ; no                         ; no                          ; 0                   ; Off                         ; Fitter               ; -                    ; -                   ;
; RGB0[1]     ; Unassigned ; --       ; no              ; no                     ; no        ; no              ; no         ; no            ; no       ; Off          ; None         ; Default          ; Off         ; --                        ; no                         ; no                          ; 0                   ; Off                         ; Fitter               ; -                    ; -                   ;
; RGB0[2]     ; Unassigned ; --       ; no              ; no                     ; no        ; no              ; no         ; no            ; no       ; Off          ; None         ; Default          ; Off         ; --                        ; no                         ; no                          ; 0                   ; Off                         ; Fitter               ; -                    ; -                   ;
; RGB1[0]     ; Unassigned ; --       ; no              ; no                     ; no        ; no              ; no         ; no            ; no       ; Off          ; None         ; Default          ; Off         ; --                        ; no                         ; no                          ; 0                   ; Off                         ; Fitter               ; -                    ; -                   ;
; RGB1[1]     ; Unassigned ; --       ; no              ; no                     ; no        ; no              ; no         ; no            ; no       ; Off          ; None         ; Default          ; Off         ; --                        ; no                         ; no                          ; 0                   ; Off                         ; Fitter               ; -                    ; -                   ;
; RGB1[2]     ; Unassigned ; --       ; no              ; no                     ; no        ; no              ; no         ; no            ; no       ; Off          ; None         ; Default          ; Off         ; --                        ; no                         ; no                          ; 0                   ; Off                         ; Fitter               ; -                    ; -                   ;
; clk_out     ; Unassigned ; --       ; no              ; no                     ; no        ; no              ; no         ; no            ; no       ; Off          ; None         ; Default          ; Off         ; --                        ; no                         ; no                          ; 0                   ; Off                         ; Fitter               ; -                    ; -                   ;
; gnd[0]      ; Unassigned ; --       ; no              ; no                     ; no        ; no              ; no         ; no            ; no       ; Off          ; None         ; Default          ; Off         ; --                        ; no                         ; no                          ; 0                   ; Off                         ; Fitter               ; -                    ; -                   ;
; gnd[1]      ; Unassigned ; --       ; no              ; no                     ; no        ; no              ; no         ; no            ; no       ; Off          ; None         ; Default          ; Off         ; --                        ; no                         ; no                          ; 0                   ; Off                         ; Fitter               ; -                    ; -                   ;
; gnd[2]      ; Unassigned ; --       ; no              ; no                     ; no        ; no              ; no         ; no            ; no       ; Off          ; None         ; Default          ; Off         ; --                        ; no                         ; no                          ; 0                   ; Off                         ; Fitter               ; -                    ; -                   ;
; gnd[3]      ; Unassigned ; --       ; no              ; no                     ; no        ; no              ; no         ; no            ; no       ; Off          ; None         ; Default          ; Off         ; --                        ; no                         ; no                          ; 0                   ; Off                         ; Fitter               ; -                    ; -                   ;
; led_addr[0] ; Unassigned ; --       ; no              ; no                     ; no        ; no              ; no         ; no            ; no       ; Off          ; None         ; Default          ; Off         ; --                        ; no                         ; no                          ; 0                   ; Off                         ; Fitter               ; -                    ; -                   ;
; led_addr[1] ; Unassigned ; --       ; no              ; no                     ; no        ; no              ; no         ; no            ; no       ; Off          ; None         ; Default          ; Off         ; --                        ; no                         ; no                          ; 0                   ; Off                         ; Fitter               ; -                    ; -                   ;
; led_addr[2] ; Unassigned ; --       ; no              ; no                     ; no        ; no              ; no         ; no            ; no       ; Off          ; None         ; Default          ; Off         ; --                        ; no                         ; no                          ; 0                   ; Off                         ; Fitter               ; -                    ; -                   ;
+-------------+------------+----------+-----------------+------------------------+-----------+-----------------+------------+---------------+----------+--------------+--------------+------------------+-------------+---------------------------+----------------------------+-----------------------------+---------------------+-----------------------------+----------------------+----------------------+---------------------+


+--------------------------------------------------------------------------+
; I/O Bank Usage                                                           ;
+----------+----------------+---------------+--------------+---------------+
; I/O Bank ; Usage          ; VCCIO Voltage ; VREF Voltage ; VCCPD Voltage ;
+----------+----------------+---------------+--------------+---------------+
; B2L      ; 0 / 0 ( -- )   ; --            ; --           ; --            ;
; B1L      ; 0 / 14 ( 0 % ) ; --            ; --           ; --            ;
; B0L      ; 0 / 14 ( 0 % ) ; --            ; --           ; --            ;
; 3A       ; 0 / 16 ( 0 % ) ; --            ; --           ; 0V            ;
; 3B       ; 0 / 32 ( 0 % ) ; --            ; --           ; 0V            ;
; 4A       ; 0 / 48 ( 0 % ) ; --            ; --           ; 0V            ;
; 5A       ; 0 / 16 ( 0 % ) ; --            ; --           ; 0V            ;
; 5B       ; 0 / 16 ( 0 % ) ; --            ; --           ; 0V            ;
; 7A       ; 0 / 80 ( 0 % ) ; --            ; --           ; 0V            ;
; 8A       ; 0 / 32 ( 0 % ) ; --            ; --           ; 0V            ;
; Unknown  ; 24             ; --            ;              ;               ;
+----------+----------------+---------------+--------------+---------------+


+-----------------------------------------------------------------------------------------------------------------------------------------------------------------+
; All Package Pins                                                                                                                                                ;
+----------+------------+----------+---------------------------------+--------+--------------+---------+--------------+-----------------+----------+--------------+
; Location ; Pad Number ; I/O Bank ; Pin Name/Usage                  ; Dir.   ; I/O Standard ; Voltage ; I/O Type     ; User Assignment ; Bus Hold ; Weak Pull Up ;
+----------+------------+----------+---------------------------------+--------+--------------+---------+--------------+-----------------+----------+--------------+
; A1       ;            ;          ; GND                             ;        ;              ;         ; --           ;                 ; --       ; --           ;
; A2       ; 538        ; 9A       ; ^MSEL2                          ;        ;              ;         ; --           ;                 ; --       ; --           ;
; A3       ;            ; --       ; VCCBAT                          ; power  ;              ;         ; --           ;                 ; --       ; --           ;
; A4       ; 540        ; 9A       ; ^nCONFIG                        ;        ;              ;         ; --           ;                 ; --       ; --           ;
; A5       ; 466        ; 8A       ; RESERVED_INPUT_WITH_WEAK_PULLUP ;        ;              ;         ; Column I/O   ;                 ; no       ; On           ;
; A6       ;            ; 8A       ; VCCIO8A                         ; power  ;              ;         ; --           ;                 ; --       ; --           ;
; A7       ; 475        ; 8A       ; RESERVED_INPUT_WITH_WEAK_PULLUP ;        ;              ;         ; Column I/O   ;                 ; no       ; On           ;
; A8       ; 473        ; 8A       ; RESERVED_INPUT_WITH_WEAK_PULLUP ;        ;              ;         ; Column I/O   ;                 ; no       ; On           ;
; A9       ; 464        ; 8A       ; RESERVED_INPUT_WITH_WEAK_PULLUP ;        ;              ;         ; Column I/O   ;                 ; no       ; On           ;
; A10      ; 462        ; 8A       ; RESERVED_INPUT_WITH_WEAK_PULLUP ;        ;              ;         ; Column I/O   ;                 ; no       ; On           ;
; A11      ;            ;          ; GND                             ; gnd    ;              ;         ; --           ;                 ; --       ; --           ;
; A12      ; 444        ; 7A       ; RESERVED_INPUT_WITH_WEAK_PULLUP ;        ;              ;         ; Column I/O   ;                 ; no       ; On           ;
; A13      ; 432        ; 7A       ; RESERVED_INPUT_WITH_WEAK_PULLUP ;        ;              ;         ; Column I/O   ;                 ; no       ; On           ;
; A14      ; 420        ; 7A       ; RESERVED_INPUT_WITH_WEAK_PULLUP ;        ;              ;         ; Column I/O   ;                 ; no       ; On           ;
; A15      ; 418        ; 7A       ; RESERVED_INPUT_WITH_WEAK_PULLUP ;        ;              ;         ; Column I/O   ;                 ; no       ; On           ;
; A16      ;            ; 7A       ; VCCIO7A                         ; power  ;              ;         ; --           ;                 ; --       ; --           ;
; A17      ; 403        ; 7A       ; RESERVED_INPUT_WITH_WEAK_PULLUP ;        ;              ;         ; Column I/O   ;                 ; no       ; On           ;
; A18      ; 401        ; 7A       ; RESERVED_INPUT_WITH_WEAK_PULLUP ;        ;              ;         ; Column I/O   ;                 ; no       ; On           ;
; A19      ; 404        ; 7A       ; RESERVED_INPUT_WITH_WEAK_PULLUP ;        ;              ;         ; Column I/O   ;                 ; no       ; On           ;
; A20      ; 402        ; 7A       ; RESERVED_INPUT_WITH_WEAK_PULLUP ;        ;              ;         ; Column I/O   ;                 ; no       ; On           ;
; A21      ;            ;          ; GND                             ; gnd    ;              ;         ; --           ;                 ; --       ; --           ;
; A22      ; 396        ; 7A       ; RESERVED_INPUT_WITH_WEAK_PULLUP ;        ;              ;         ; Column I/O   ;                 ; no       ; On           ;
; AA1      ; 39         ; B0L      ; GND                             ;        ;              ;         ; --           ;                 ; --       ; --           ;
; AA2      ; 38         ; B0L      ; GND                             ;        ;              ;         ; --           ;                 ; --       ; --           ;
; AA3      ;            ;          ; GND                             ; gnd    ;              ;         ; --           ;                 ; --       ; --           ;
; AA4      ;            ;          ; GND                             ; gnd    ;              ;         ; --           ;                 ; --       ; --           ;
; AA5      ; 47         ; 3A       ; ^AS_DATA2, DATA2                ;        ;              ;         ; Weak Pull Up ;                 ; --       ; On           ;
; AA6      ;            ;          ; GND                             ; gnd    ;              ;         ; --           ;                 ; --       ; --           ;
; AA7      ; 105        ; 3B       ; RESERVED_INPUT_WITH_WEAK_PULLUP ;        ;              ;         ; Column I/O   ;                 ; no       ; On           ;
; AA8      ; 108        ; 3B       ; RESERVED_INPUT_WITH_WEAK_PULLUP ;        ;              ;         ; Column I/O   ;                 ; no       ; On           ;
; AA9      ; 115        ; 3B       ; RESERVED_INPUT_WITH_WEAK_PULLUP ;        ;              ;         ; Column I/O   ;                 ; no       ; On           ;
; AA10     ; 113        ; 3B       ; RESERVED_INPUT_WITH_WEAK_PULLUP ;        ;              ;         ; Column I/O   ;                 ; no       ; On           ;
; AA11     ;            ;          ; GND                             ; gnd    ;              ;         ; --           ;                 ; --       ; --           ;
; AA12     ; 131        ; 3B       ; RESERVED_INPUT_WITH_WEAK_PULLUP ;        ;              ;         ; Column I/O   ;                 ; no       ; On           ;
; AA13     ; 139        ; 4A       ; RESERVED_INPUT_WITH_WEAK_PULLUP ;        ;              ;         ; Column I/O   ;                 ; no       ; On           ;
; AA14     ; 137        ; 4A       ; RESERVED_INPUT_WITH_WEAK_PULLUP ;        ;              ;         ; Column I/O   ;                 ; no       ; On           ;
; AA15     ; 142        ; 4A       ; RESERVED_INPUT_WITH_WEAK_PULLUP ;        ;              ;         ; Column I/O   ;                 ; no       ; On           ;
; AA16     ;            ; 4A       ; VCCIO4A                         ; power  ;              ;         ; --           ;                 ; --       ; --           ;
; AA17     ; 153        ; 4A       ; RESERVED_INPUT_WITH_WEAK_PULLUP ;        ;              ;         ; Column I/O   ;                 ; no       ; On           ;
; AA18     ; 155        ; 4A       ; RESERVED_INPUT_WITH_WEAK_PULLUP ;        ;              ;         ; Column I/O   ;                 ; no       ; On           ;
; AA19     ; 156        ; 4A       ; RESERVED_INPUT_WITH_WEAK_PULLUP ;        ;              ;         ; Column I/O   ;                 ; no       ; On           ;
; AA20     ; 158        ; 4A       ; RESERVED_INPUT_WITH_WEAK_PULLUP ;        ;              ;         ; Column I/O   ;                 ; no       ; On           ;
; AA21     ;            ; 4A       ; VCCIO4A                         ; power  ;              ;         ; --           ;                 ; --       ; --           ;
; AA22     ; 163        ; 4A       ; RESERVED_INPUT_WITH_WEAK_PULLUP ;        ;              ;         ; Column I/O   ;                 ; no       ; On           ;
; AB1      ;            ;          ; GND                             ; gnd    ;              ;         ; --           ;                 ; --       ; --           ;
; AB2      ;            ;          ; GND                             ; gnd    ;              ;         ; --           ;                 ; --       ; --           ;
; AB3      ; 49         ; 3A       ; ^AS_DATA1, DATA1                ;        ;              ;         ; Weak Pull Up ;                 ; --       ; On           ;
; AB4      ; 51         ; 3A       ; ^AS_DATA0, ASDO, DATA0          ;        ;              ;         ; Weak Pull Up ;                 ; --       ; On           ;
; AB5      ; 102        ; 3B       ; RESERVED_INPUT_WITH_WEAK_PULLUP ;        ;              ;         ; Column I/O   ;                 ; no       ; On           ;
; AB6      ; 100        ; 3B       ; RESERVED_INPUT_WITH_WEAK_PULLUP ;        ;              ;         ; Column I/O   ;                 ; no       ; On           ;
; AB7      ; 107        ; 3B       ; RESERVED_INPUT_WITH_WEAK_PULLUP ;        ;              ;         ; Column I/O   ;                 ; no       ; On           ;
; AB8      ; 110        ; 3B       ; RESERVED_INPUT_WITH_WEAK_PULLUP ;        ;              ;         ; Column I/O   ;                 ; no       ; On           ;
; AB9      ;            ;          ; GND                             ; gnd    ;              ;         ; --           ;                 ; --       ; --           ;
; AB10     ; 124        ; 3B       ; RESERVED_INPUT_WITH_WEAK_PULLUP ;        ;              ;         ; Column I/O   ;                 ; no       ; On           ;
; AB11     ; 126        ; 3B       ; RESERVED_INPUT_WITH_WEAK_PULLUP ;        ;              ;         ; Column I/O   ;                 ; no       ; On           ;
; AB12     ; 134        ; 4A       ; RESERVED_INPUT_WITH_WEAK_PULLUP ;        ;              ;         ; Column I/O   ;                 ; no       ; On           ;
; AB13     ; 132        ; 4A       ; RESERVED_INPUT_WITH_WEAK_PULLUP ;        ;              ;         ; Column I/O   ;                 ; no       ; On           ;
; AB14     ;            ;          ; GND                             ; gnd    ;              ;         ; --           ;                 ; --       ; --           ;
; AB15     ; 140        ; 4A       ; RESERVED_INPUT_WITH_WEAK_PULLUP ;        ;              ;         ; Column I/O   ;                 ; no       ; On           ;
; AB16     ;            ; 4A       ; VREFB4AN0                       ; power  ;              ;         ; --           ;                 ; --       ; --           ;
; AB17     ; 145        ; 4A       ; RESERVED_INPUT_WITH_WEAK_PULLUP ;        ;              ;         ; Column I/O   ;                 ; no       ; On           ;
; AB18     ; 147        ; 4A       ; RESERVED_INPUT_WITH_WEAK_PULLUP ;        ;              ;         ; Column I/O   ;                 ; no       ; On           ;
; AB19     ;            ;          ; GND                             ; gnd    ;              ;         ; --           ;                 ; --       ; --           ;
; AB20     ; 148        ; 4A       ; RESERVED_INPUT_WITH_WEAK_PULLUP ;        ;              ;         ; Column I/O   ;                 ; no       ; On           ;
; AB21     ; 150        ; 4A       ; RESERVED_INPUT_WITH_WEAK_PULLUP ;        ;              ;         ; Column I/O   ;                 ; no       ; On           ;
; AB22     ; 161        ; 4A       ; RESERVED_INPUT_WITH_WEAK_PULLUP ;        ;              ;         ; Column I/O   ;                 ; no       ; On           ;
; B1       ;            ;          ; GND                             ; gnd    ;              ;         ; --           ;                 ; --       ; --           ;
; B2       ;            ;          ; GND                             ; gnd    ;              ;         ; --           ;                 ; --       ; --           ;
; B3       ;            ;          ; DNU                             ;        ;              ;         ; --           ;                 ; --       ; --           ;
; B4       ;            ;          ; DNU                             ;        ;              ;         ; --           ;                 ; --       ; --           ;
; B5       ; 468        ; 8A       ; RESERVED_INPUT_WITH_WEAK_PULLUP ;        ;              ;         ; Column I/O   ;                 ; no       ; On           ;
; B6       ; 470        ; 8A       ; RESERVED_INPUT_WITH_WEAK_PULLUP ;        ;              ;         ; Column I/O   ;                 ; no       ; On           ;
; B7       ; 472        ; 8A       ; RESERVED_INPUT_WITH_WEAK_PULLUP ;        ;              ;         ; Column I/O   ;                 ; no       ; On           ;
; B8       ;            ; 8A       ; VREFB8AN0                       ; power  ;              ;         ; --           ;                 ; --       ; --           ;
; B9       ;            ;          ; GND                             ; gnd    ;              ;         ; --           ;                 ; --       ; --           ;
; B10      ; 465        ; 8A       ; RESERVED_INPUT_WITH_WEAK_PULLUP ;        ;              ;         ; Column I/O   ;                 ; no       ; On           ;
; B11      ; 452        ; 7A       ; RESERVED_INPUT_WITH_WEAK_PULLUP ;        ;              ;         ; Column I/O   ;                 ; no       ; On           ;
; B12      ; 442        ; 7A       ; RESERVED_INPUT_WITH_WEAK_PULLUP ;        ;              ;         ; Column I/O   ;                 ; no       ; On           ;
; B13      ; 430        ; 7A       ; RESERVED_INPUT_WITH_WEAK_PULLUP ;        ;              ;         ; Column I/O   ;                 ; no       ; On           ;
; B14      ;            ;          ; GND                             ; gnd    ;              ;         ; --           ;                 ; --       ; --           ;
; B15      ; 427        ; 7A       ; RESERVED_INPUT_WITH_WEAK_PULLUP ;        ;              ;         ; Column I/O   ;                 ; no       ; On           ;
; B16      ; 406        ; 7A       ; RESERVED_INPUT_WITH_WEAK_PULLUP ;        ;              ;         ; Column I/O   ;                 ; no       ; On           ;
; B17      ; 384        ; 7A       ; RESERVED_INPUT_WITH_WEAK_PULLUP ;        ;              ;         ; Column I/O   ;                 ; no       ; On           ;
; B18      ; 382        ; 7A       ; RESERVED_INPUT_WITH_WEAK_PULLUP ;        ;              ;         ; Column I/O   ;                 ; no       ; On           ;
; B19      ;            ; 7A       ; VCCIO7A                         ; power  ;              ;         ; --           ;                 ; --       ; --           ;
; B20      ; 380        ; 7A       ; RESERVED_INPUT_WITH_WEAK_PULLUP ;        ;              ;         ; Column I/O   ;                 ; no       ; On           ;
; B21      ; 387        ; 7A       ; RESERVED_INPUT_WITH_WEAK_PULLUP ;        ;              ;         ; Column I/O   ;                 ; no       ; On           ;
; B22      ; 394        ; 7A       ; RESERVED_INPUT_WITH_WEAK_PULLUP ;        ;              ;         ; Column I/O   ;                 ; no       ; On           ;
; C1       ; 19         ; B1L      ; GND                             ;        ;              ;         ; --           ;                 ; --       ; --           ;
; C2       ; 18         ; B1L      ; GND                             ;        ;              ;         ; --           ;                 ; --       ; --           ;
; C3       ;            ;          ; GND                             ; gnd    ;              ;         ; --           ;                 ; --       ; --           ;
; C4       ;            ;          ; GND                             ; gnd    ;              ;         ; --           ;                 ; --       ; --           ;
; C5       ; 542        ; 9A       ; ^GND                            ;        ;              ;         ; --           ;                 ; --       ; --           ;
; C6       ; 474        ; 8A       ; RESERVED_INPUT_WITH_WEAK_PULLUP ;        ;              ;         ; Column I/O   ;                 ; no       ; On           ;
; C7       ;            ; 8A       ; VCCIO8A                         ; power  ;              ;         ; --           ;                 ; --       ; --           ;
; C8       ; 480        ; 8A       ; RESERVED_INPUT_WITH_WEAK_PULLUP ;        ;              ;         ; Column I/O   ;                 ; no       ; On           ;
; C9       ; 467        ; 8A       ; RESERVED_INPUT_WITH_WEAK_PULLUP ;        ;              ;         ; Column I/O   ;                 ; no       ; On           ;
; C10      ;            ; 7A, 8A   ; VCCPD7A8A                       ; power  ;              ;         ; --           ;                 ; --       ; --           ;
; C11      ; 450        ; 7A       ; RESERVED_INPUT_WITH_WEAK_PULLUP ;        ;              ;         ; Column I/O   ;                 ; no       ; On           ;
; C12      ;            ; 7A       ; VCCIO7A                         ; power  ;              ;         ; --           ;                 ; --       ; --           ;
; C13      ; 443        ; 7A       ; RESERVED_INPUT_WITH_WEAK_PULLUP ;        ;              ;         ; Column I/O   ;                 ; no       ; On           ;
; C14      ;            ; 7A       ; VREFB7AN0                       ; power  ;              ;         ; --           ;                 ; --       ; --           ;
; C15      ; 425        ; 7A       ; RESERVED_INPUT_WITH_WEAK_PULLUP ;        ;              ;         ; Column I/O   ;                 ; no       ; On           ;
; C16      ; 408        ; 7A       ; RESERVED_INPUT_WITH_WEAK_PULLUP ;        ;              ;         ; Column I/O   ;                 ; no       ; On           ;
; C17      ;            ;          ; GND                             ; gnd    ;              ;         ; --           ;                 ; --       ; --           ;
; C18      ; 395        ; 7A       ; RESERVED_INPUT_WITH_WEAK_PULLUP ;        ;              ;         ; Column I/O   ;                 ; no       ; On           ;
; C19      ; 393        ; 7A       ; RESERVED_INPUT_WITH_WEAK_PULLUP ;        ;              ;         ; Column I/O   ;                 ; no       ; On           ;
; C20      ; 378        ; 7A       ; RESERVED_INPUT_WITH_WEAK_PULLUP ;        ;              ;         ; Column I/O   ;                 ; no       ; On           ;
; C21      ; 385        ; 7A       ; RESERVED_INPUT_WITH_WEAK_PULLUP ;        ;              ;         ; Column I/O   ;                 ; no       ; On           ;
; C22      ;            ; 7A       ; VCCIO7A                         ; power  ;              ;         ; --           ;                 ; --       ; --           ;
; D1       ;            ;          ; GND                             ; gnd    ;              ;         ; --           ;                 ; --       ; --           ;
; D2       ;            ;          ; GND                             ; gnd    ;              ;         ; --           ;                 ; --       ; --           ;
; D3       ; 16         ; B1L      ; GXB_NC                          ;        ;              ;         ; --           ;                 ; --       ; --           ;
; D4       ; 17         ; B1L      ; GXB_NC                          ;        ;              ;         ; --           ;                 ; --       ; --           ;
; D5       ;            ;          ; GND                             ; gnd    ;              ;         ; --           ;                 ; --       ; --           ;
; D6       ; 476        ; 8A       ; RESERVED_INPUT_WITH_WEAK_PULLUP ;        ;              ;         ; Column I/O   ;                 ; no       ; On           ;
; D7       ; 478        ; 8A       ; RESERVED_INPUT_WITH_WEAK_PULLUP ;        ;              ;         ; Column I/O   ;                 ; no       ; On           ;
; D8       ;            ; 7A, 8A   ; VCCPD7A8A                       ; power  ;              ;         ; --           ;                 ; --       ; --           ;
; D9       ; 479        ; 8A       ; RESERVED_INPUT_WITH_WEAK_PULLUP ;        ;              ;         ; Column I/O   ;                 ; no       ; On           ;
; D10      ;            ;          ; GND                             ; gnd    ;              ;         ; --           ;                 ; --       ; --           ;
; D11      ;            ; --       ; VCC_AUX                         ; power  ;              ;         ; --           ;                 ; --       ; --           ;
; D12      ; 449        ; 7A       ; RESERVED_INPUT_WITH_WEAK_PULLUP ;        ;              ;         ; Column I/O   ;                 ; no       ; On           ;
; D13      ; 441        ; 7A       ; RESERVED_INPUT_WITH_WEAK_PULLUP ;        ;              ;         ; Column I/O   ;                 ; no       ; On           ;
; D14      ;            ; 7A, 8A   ; VCCPD7A8A                       ; power  ;              ;         ; --           ;                 ; --       ; --           ;
; D15      ;            ; 7A       ; VCCIO7A                         ; power  ;              ;         ; --           ;                 ; --       ; --           ;
; D16      ;            ; 7A, 8A   ; VCCPD7A8A                       ; power  ;              ;         ; --           ;                 ; --       ; --           ;
; D17      ; 409        ; 7A       ; RESERVED_INPUT_WITH_WEAK_PULLUP ;        ;              ;         ; Column I/O   ;                 ; no       ; On           ;
; D18      ;            ; --       ; VCC_AUX                         ; power  ;              ;         ; --           ;                 ; --       ; --           ;
; D19      ; 379        ; 7A       ; RESERVED_INPUT_WITH_WEAK_PULLUP ;        ;              ;         ; Column I/O   ;                 ; no       ; On           ;
; D20      ;            ;          ; GND                             ; gnd    ;              ;         ; --           ;                 ; --       ; --           ;
; D21      ; 376        ; 7A       ; RESERVED_INPUT_WITH_WEAK_PULLUP ;        ;              ;         ; Column I/O   ;                 ; no       ; On           ;
; D22      ; 392        ; 7A       ; RESERVED_INPUT_WITH_WEAK_PULLUP ;        ;              ;         ; Column I/O   ;                 ; no       ; On           ;
; E1       ; 20         ; B1L      ; GXB_NC                          ;        ;              ;         ; --           ;                 ; --       ; --           ;
; E2       ; 21         ; B1L      ; GXB_NC                          ;        ;              ;         ; --           ;                 ; --       ; --           ;
; E3       ;            ;          ; GND                             ; gnd    ;              ;         ; --           ;                 ; --       ; --           ;
; E4       ;            ;          ; GND                             ; gnd    ;              ;         ; --           ;                 ; --       ; --           ;
; E5       ; 539        ; 9A       ; ^MSEL3                          ;        ;              ;         ; --           ;                 ; --       ; --           ;
; E6       ;            ; --       ; VCC_AUX                         ; power  ;              ;         ; --           ;                 ; --       ; --           ;
; E7       ; 484        ; 8A       ; RESERVED_INPUT_WITH_WEAK_PULLUP ;        ;              ;         ; Column I/O   ;                 ; no       ; On           ;
; E8       ;            ; 8A       ; VCCIO8A                         ; power  ;              ;         ; --           ;                 ; --       ; --           ;
; E9       ; 477        ; 8A       ; RESERVED_INPUT_WITH_WEAK_PULLUP ;        ;              ;         ; Column I/O   ;                 ; no       ; On           ;
; E10      ; 469        ; 8A       ; RESERVED_INPUT_WITH_WEAK_PULLUP ;        ;              ;         ; Column I/O   ;                 ; no       ; On           ;
; E11      ;            ; 7A, 8A   ; VCCPD7A8A                       ; power  ;              ;         ; --           ;                 ; --       ; --           ;
; E12      ; 451        ; 7A       ; RESERVED_INPUT_WITH_WEAK_PULLUP ;        ;              ;         ; Column I/O   ;                 ; no       ; On           ;
; E13      ;            ;          ; GND                             ; gnd    ;              ;         ; --           ;                 ; --       ; --           ;
; E14      ; 433        ; 7A       ; RESERVED_INPUT_WITH_WEAK_PULLUP ;        ;              ;         ; Column I/O   ;                 ; no       ; On           ;
; E15      ; 417        ; 7A       ; RESERVED_INPUT_WITH_WEAK_PULLUP ;        ;              ;         ; Column I/O   ;                 ; no       ; On           ;
; E16      ; 411        ; 7A       ; RESERVED_INPUT_WITH_WEAK_PULLUP ;        ;              ;         ; Column I/O   ;                 ; no       ; On           ;
; E17      ;            ;          ; DNU                             ;        ;              ;         ; --           ;                 ; --       ; --           ;
; E18      ;            ; 7A       ; VCCIO7A                         ; power  ;              ;         ; --           ;                 ; --       ; --           ;
; E19      ; 377        ; 7A       ; RESERVED_INPUT_WITH_WEAK_PULLUP ;        ;              ;         ; Column I/O   ;                 ; no       ; On           ;
; E20      ; 398        ; 7A       ; RESERVED_INPUT_WITH_WEAK_PULLUP ;        ;              ;         ; Column I/O   ;                 ; no       ; On           ;
; E21      ; 374        ; 7A       ; RESERVED_INPUT_WITH_WEAK_PULLUP ;        ;              ;         ; Column I/O   ;                 ; no       ; On           ;
; E22      ; 390        ; 7A       ; RESERVED_INPUT_WITH_WEAK_PULLUP ;        ;              ;         ; Column I/O   ;                 ; no       ; On           ;
; F1       ;            ;          ; GND                             ; gnd    ;              ;         ; --           ;                 ; --       ; --           ;
; F2       ;            ;          ; GND                             ; gnd    ;              ;         ; --           ;                 ; --       ; --           ;
; F3       ; 541        ; 9A       ; ^MSEL4                          ;        ;              ;         ; --           ;                 ; --       ; --           ;
; F4       ;            ; --       ; VCCA_FPLL                       ; power  ;              ;         ; --           ;                 ; --       ; --           ;
; F5       ; 14         ; B1L      ; GND                             ;        ;              ;         ; Row I/O      ;                 ; --       ; --           ;
; F6       ;            ;          ; GND                             ; gnd    ;              ;         ; --           ;                 ; --       ; --           ;
; F7       ; 482        ; 8A       ; RESERVED_INPUT_WITH_WEAK_PULLUP ;        ;              ;         ; Column I/O   ;                 ; no       ; On           ;
; F8       ;            ; --       ; VCCPGM                          ; power  ;              ;         ; --           ;                 ; --       ; --           ;
; F9       ; 471        ; 8A       ; RESERVED_INPUT_WITH_WEAK_PULLUP ;        ;              ;         ; Column I/O   ;                 ; no       ; On           ;
; F10      ; 455        ; 8A       ; RESERVED_INPUT_WITH_WEAK_PULLUP ;        ;              ;         ; Column I/O   ;                 ; no       ; On           ;
; F11      ;            ; 7A       ; VCCIO7A                         ; power  ;              ;         ; --           ;                 ; --       ; --           ;
; F12      ; 440        ; 7A       ; RESERVED_INPUT_WITH_WEAK_PULLUP ;        ;              ;         ; Column I/O   ;                 ; no       ; On           ;
; F13      ; 435        ; 7A       ; RESERVED_INPUT_WITH_WEAK_PULLUP ;        ;              ;         ; Column I/O   ;                 ; no       ; On           ;
; F14      ; 428        ; 7A       ; RESERVED_INPUT_WITH_WEAK_PULLUP ;        ;              ;         ; Column I/O   ;                 ; no       ; On           ;
; F15      ; 419        ; 7A       ; RESERVED_INPUT_WITH_WEAK_PULLUP ;        ;              ;         ; Column I/O   ;                 ; no       ; On           ;
; F16      ;            ;          ; GND                             ; gnd    ;              ;         ; --           ;                 ; --       ; --           ;
; F17      ; 372        ; 7A       ; ^GND                            ;        ;              ;         ; --           ;                 ; --       ; --           ;
; F18      ; 399        ; 7A       ; RESERVED_INPUT_WITH_WEAK_PULLUP ;        ;              ;         ; Column I/O   ;                 ; no       ; On           ;
; F19      ; 397        ; 7A       ; RESERVED_INPUT_WITH_WEAK_PULLUP ;        ;              ;         ; Column I/O   ;                 ; no       ; On           ;
; F20      ; 400        ; 7A       ; RESERVED_INPUT_WITH_WEAK_PULLUP ;        ;              ;         ; Column I/O   ;                 ; no       ; On           ;
; F21      ;            ; 7A       ; VCCIO7A                         ; power  ;              ;         ; --           ;                 ; --       ; --           ;
; F22      ; 388        ; 7A       ; RESERVED_INPUT_WITH_WEAK_PULLUP ;        ;              ;         ; Column I/O   ;                 ; no       ; On           ;
; G1       ; 23         ; B1L      ; GND                             ;        ;              ;         ; --           ;                 ; --       ; --           ;
; G2       ; 22         ; B1L      ; GND                             ;        ;              ;         ; --           ;                 ; --       ; --           ;
; G3       ;            ;          ; GND                             ; gnd    ;              ;         ; --           ;                 ; --       ; --           ;
; G4       ; 15         ; B1L      ; GND                             ;        ;              ;         ; Row I/O      ;                 ; --       ; --           ;
; G5       ; 537        ; 9A       ; ^nCE                            ;        ;              ;         ; --           ;                 ; --       ; --           ;
; G6       ; 481        ; 8A       ; RESERVED_INPUT_WITH_WEAK_PULLUP ;        ;              ;         ; Column I/O   ;                 ; no       ; On           ;
; G7       ;            ; 8A       ; VCCIO8A                         ; power  ;              ;         ; --           ;                 ; --       ; --           ;
; G8       ; 460        ; 8A       ; RESERVED_INPUT_WITH_WEAK_PULLUP ;        ;              ;         ; Column I/O   ;                 ; no       ; On           ;
; G9       ;            ;          ; GND                             ; gnd    ;              ;         ; --           ;                 ; --       ; --           ;
; G10      ; 453        ; 8A       ; RESERVED_INPUT_WITH_WEAK_PULLUP ;        ;              ;         ; Column I/O   ;                 ; no       ; On           ;
; G11      ; 438        ; 7A       ; RESERVED_INPUT_WITH_WEAK_PULLUP ;        ;              ;         ; Column I/O   ;                 ; no       ; On           ;
; G12      ; 447        ; 7A       ; RESERVED_INPUT_WITH_WEAK_PULLUP ;        ;              ;         ; Column I/O   ;                 ; no       ; On           ;
; G13      ; 439        ; 7A       ; RESERVED_INPUT_WITH_WEAK_PULLUP ;        ;              ;         ; Column I/O   ;                 ; no       ; On           ;
; G14      ;            ; 7A       ; VCCIO7A                         ; power  ;              ;         ; --           ;                 ; --       ; --           ;
; G15      ; 426        ; 7A       ; RESERVED_INPUT_WITH_WEAK_PULLUP ;        ;              ;         ; Column I/O   ;                 ; no       ; On           ;
; G16      ; 412        ; 7A       ; RESERVED_INPUT_WITH_WEAK_PULLUP ;        ;              ;         ; Column I/O   ;                 ; no       ; On           ;
; G17      ; 410        ; 7A       ; RESERVED_INPUT_WITH_WEAK_PULLUP ;        ;              ;         ; Column I/O   ;                 ; no       ; On           ;
; G18      ; 413        ; 7A       ; RESERVED_INPUT_WITH_WEAK_PULLUP ;        ;              ;         ; Column I/O   ;                 ; no       ; On           ;
; G19      ;            ;          ; GND                             ; gnd    ;              ;         ; --           ;                 ; --       ; --           ;
; G20      ; 389        ; 7A       ; RESERVED_INPUT_WITH_WEAK_PULLUP ;        ;              ;         ; Column I/O   ;                 ; no       ; On           ;
; G21      ; 375        ; 7A       ; RESERVED_INPUT_WITH_WEAK_PULLUP ;        ;              ;         ; Column I/O   ;                 ; no       ; On           ;
; G22      ; 386        ; 7A       ; RESERVED_INPUT_WITH_WEAK_PULLUP ;        ;              ;         ; Column I/O   ;                 ; no       ; On           ;
; H1       ;            ;          ; GND                             ; gnd    ;              ;         ; --           ;                 ; --       ; --           ;
; H2       ;            ;          ; GND                             ; gnd    ;              ;         ; --           ;                 ; --       ; --           ;
; H3       ;            ;          ; GND                             ; gnd    ;              ;         ; --           ;                 ; --       ; --           ;
; H4       ;            ;          ; GND                             ; gnd    ;              ;         ; --           ;                 ; --       ; --           ;
; H5       ; 536        ; 9A       ; ^nSTATUS                        ;        ;              ;         ; --           ;                 ; --       ; --           ;
; H6       ; 483        ; 8A       ; RESERVED_INPUT_WITH_WEAK_PULLUP ;        ;              ;         ; Column I/O   ;                 ; no       ; On           ;
; H7       ;            ;          ; GND                             ; gnd    ;              ;         ; --           ;                 ; --       ; --           ;
; H8       ; 458        ; 8A       ; RESERVED_INPUT_WITH_WEAK_PULLUP ;        ;              ;         ; Column I/O   ;                 ; no       ; On           ;
; H9       ; 463        ; 8A       ; RESERVED_INPUT_WITH_WEAK_PULLUP ;        ;              ;         ; Column I/O   ;                 ; no       ; On           ;
; H10      ; 436        ; 7A       ; RESERVED_INPUT_WITH_WEAK_PULLUP ;        ;              ;         ; Column I/O   ;                 ; no       ; On           ;
; H11      ; 445        ; 7A       ; RESERVED_INPUT_WITH_WEAK_PULLUP ;        ;              ;         ; Column I/O   ;                 ; no       ; On           ;
; H12      ;            ;          ; GND                             ; gnd    ;              ;         ; --           ;                 ; --       ; --           ;
; H13      ; 437        ; 7A       ; RESERVED_INPUT_WITH_WEAK_PULLUP ;        ;              ;         ; Column I/O   ;                 ; no       ; On           ;
; H14      ; 429        ; 7A       ; RESERVED_INPUT_WITH_WEAK_PULLUP ;        ;              ;         ; Column I/O   ;                 ; no       ; On           ;
; H15      ; 423        ; 7A       ; RESERVED_INPUT_WITH_WEAK_PULLUP ;        ;              ;         ; Column I/O   ;                 ; no       ; On           ;
; H16      ; 421        ; 7A       ; RESERVED_INPUT_WITH_WEAK_PULLUP ;        ;              ;         ; Column I/O   ;                 ; no       ; On           ;
; H17      ;            ; 7A       ; VCCIO7A                         ; power  ;              ;         ; --           ;                 ; --       ; --           ;
; H18      ; 415        ; 7A       ; RESERVED_INPUT_WITH_WEAK_PULLUP ;        ;              ;         ; Column I/O   ;                 ; no       ; On           ;
; H19      ;            ; --       ; VCCA_FPLL                       ; power  ;              ;         ; --           ;                 ; --       ; --           ;
; H20      ; 391        ; 7A       ; RESERVED_INPUT_WITH_WEAK_PULLUP ;        ;              ;         ; Column I/O   ;                 ; no       ; On           ;
; H21      ; 373        ; 7A       ; RESERVED_INPUT_WITH_WEAK_PULLUP ;        ;              ;         ; Column I/O   ;                 ; no       ; On           ;
; H22      ;            ;          ; GND                             ; gnd    ;              ;         ; --           ;                 ; --       ; --           ;
; J1       ; 24         ; B1L      ; GXB_NC                          ;        ;              ;         ; --           ;                 ; --       ; --           ;
; J2       ; 25         ; B1L      ; GXB_NC                          ;        ;              ;         ; --           ;                 ; --       ; --           ;
; J3       ;            ;          ; GND                             ; gnd    ;              ;         ; --           ;                 ; --       ; --           ;
; J4       ;            ;          ; GND                             ;        ;              ;         ; --           ;                 ; --       ; --           ;
; J5       ;            ;          ; GND                             ; gnd    ;              ;         ; --           ;                 ; --       ; --           ;
; J6       ; 535        ; 9A       ; ^MSEL1                          ;        ;              ;         ; --           ;                 ; --       ; --           ;
; J7       ; 457        ; 8A       ; RESERVED_INPUT_WITH_WEAK_PULLUP ;        ;              ;         ; Column I/O   ;                 ; no       ; On           ;
; J8       ; 459        ; 8A       ; RESERVED_INPUT_WITH_WEAK_PULLUP ;        ;              ;         ; Column I/O   ;                 ; no       ; On           ;
; J9       ; 461        ; 8A       ; RESERVED_INPUT_WITH_WEAK_PULLUP ;        ;              ;         ; Column I/O   ;                 ; no       ; On           ;
; J10      ;            ; --       ; VCC                             ; power  ;              ;         ; --           ;                 ; --       ; --           ;
; J11      ; 434        ; 7A       ; RESERVED_INPUT_WITH_WEAK_PULLUP ;        ;              ;         ; Column I/O   ;                 ; no       ; On           ;
; J12      ;            ; --       ; VCC                             ; power  ;              ;         ; --           ;                 ; --       ; --           ;
; J13      ; 431        ; 7A       ; RESERVED_INPUT_WITH_WEAK_PULLUP ;        ;              ;         ; Column I/O   ;                 ; no       ; On           ;
; J14      ;            ; --       ; VCC                             ; power  ;              ;         ; --           ;                 ; --       ; --           ;
; J15      ;            ;          ; GND                             ; gnd    ;              ;         ; --           ;                 ; --       ; --           ;
; J16      ;            ; --       ; VCC                             ; power  ;              ;         ; --           ;                 ; --       ; --           ;
; J17      ; 422        ; 7A       ; RESERVED_INPUT_WITH_WEAK_PULLUP ;        ;              ;         ; Column I/O   ;                 ; no       ; On           ;
; J18      ; 416        ; 7A       ; RESERVED_INPUT_WITH_WEAK_PULLUP ;        ;              ;         ; Column I/O   ;                 ; no       ; On           ;
; J19      ; 414        ; 7A       ; RESERVED_INPUT_WITH_WEAK_PULLUP ;        ;              ;         ; Column I/O   ;                 ; no       ; On           ;
; J20      ;            ;          ; GND                             ; gnd    ;              ;         ; --           ;                 ; --       ; --           ;
; J21      ; 381        ; 7A       ; RESERVED_INPUT_WITH_WEAK_PULLUP ;        ;              ;         ; Column I/O   ;                 ; no       ; On           ;
; J22      ; 383        ; 7A       ; RESERVED_INPUT_WITH_WEAK_PULLUP ;        ;              ;         ; Column I/O   ;                 ; no       ; On           ;
; K1       ;            ;          ; GND                             ; gnd    ;              ;         ; --           ;                 ; --       ; --           ;
; K2       ;            ;          ; GND                             ; gnd    ;              ;         ; --           ;                 ; --       ; --           ;
; K3       ;            ;          ; GND                             ;        ;              ;         ; --           ;                 ; --       ; --           ;
; K4       ;            ;          ; GND                             ; gnd    ;              ;         ; --           ;                 ; --       ; --           ;
; K5       ;            ;          ; GND                             ;        ;              ;         ; --           ;                 ; --       ; --           ;
; K6       ; 534        ; 9A       ; ^CONF_DONE                      ;        ;              ;         ; --           ;                 ; --       ; --           ;
; K7       ; 456        ; 8A       ; RESERVED_INPUT_WITH_WEAK_PULLUP ;        ;              ;         ; Column I/O   ;                 ; no       ; On           ;
; K8       ;            ;          ; GND                             ; gnd    ;              ;         ; --           ;                 ; --       ; --           ;
; K9       ; 448        ; 7A       ; RESERVED_INPUT_WITH_WEAK_PULLUP ;        ;              ;         ; Column I/O   ;                 ; no       ; On           ;
; K10      ;            ;          ; GND                             ; gnd    ;              ;         ; --           ;                 ; --       ; --           ;
; K11      ;            ; --       ; VCC                             ; power  ;              ;         ; --           ;                 ; --       ; --           ;
; K12      ;            ;          ; GND                             ; gnd    ;              ;         ; --           ;                 ; --       ; --           ;
; K13      ;            ; --       ; VCC                             ; power  ;              ;         ; --           ;                 ; --       ; --           ;
; K14      ;            ;          ; GND                             ; gnd    ;              ;         ; --           ;                 ; --       ; --           ;
; K15      ;            ; --       ; VCC                             ; power  ;              ;         ; --           ;                 ; --       ; --           ;
; K16      ; 424        ; 7A       ; RESERVED_INPUT_WITH_WEAK_PULLUP ;        ;              ;         ; Column I/O   ;                 ; no       ; On           ;
; K17      ; 284        ; 5B       ; RESERVED_INPUT_WITH_WEAK_PULLUP ;        ;              ;         ; Row I/O      ;                 ; no       ; On           ;
; K18      ;            ; 5B       ; VCCIO5B                         ; power  ;              ;         ; --           ;                 ; --       ; --           ;
; K19      ; 407        ; 7A       ; RESERVED_INPUT_WITH_WEAK_PULLUP ;        ;              ;         ; Column I/O   ;                 ; no       ; On           ;
; K20      ; 405        ; 7A       ; RESERVED_INPUT_WITH_WEAK_PULLUP ;        ;              ;         ; Column I/O   ;                 ; no       ; On           ;
; K21      ; 289        ; 5B       ; RESERVED_INPUT_WITH_WEAK_PULLUP ;        ;              ;         ; Row I/O      ;                 ; no       ; On           ;
; K22      ; 291        ; 5B       ; RESERVED_INPUT_WITH_WEAK_PULLUP ;        ;              ;         ; Row I/O      ;                 ; no       ; On           ;
; L1       ; 27         ; B1L      ; GND                             ;        ;              ;         ; --           ;                 ; --       ; --           ;
; L2       ; 26         ; B1L      ; GND                             ;        ;              ;         ; --           ;                 ; --       ; --           ;
; L3       ;            ;          ; GND                             ; gnd    ;              ;         ; --           ;                 ; --       ; --           ;
; L4       ;            ;          ; GND                             ;        ;              ;         ; --           ;                 ; --       ; --           ;
; L5       ;            ;          ; GND                             ; gnd    ;              ;         ; --           ;                 ; --       ; --           ;
; L6       ; 533        ; 9A       ; ^MSEL0                          ;        ;              ;         ; --           ;                 ; --       ; --           ;
; L7       ; 454        ; 8A       ; RESERVED_INPUT_WITH_WEAK_PULLUP ;        ;              ;         ; Column I/O   ;                 ; no       ; On           ;
; L8       ; 446        ; 7A       ; RESERVED_INPUT_WITH_WEAK_PULLUP ;        ;              ;         ; Column I/O   ;                 ; no       ; On           ;
; L9       ;            ;          ; DNU                             ;        ;              ;         ; --           ;                 ; --       ; --           ;
; L10      ;            ; --       ; VCC                             ; power  ;              ;         ; --           ;                 ; --       ; --           ;
; L11      ;            ;          ; GND                             ; gnd    ;              ;         ; --           ;                 ; --       ; --           ;
; L12      ;            ; --       ; VCC                             ; power  ;              ;         ; --           ;                 ; --       ; --           ;
; L13      ;            ;          ; GND                             ; gnd    ;              ;         ; --           ;                 ; --       ; --           ;
; L14      ;            ; --       ; VCC                             ; power  ;              ;         ; --           ;                 ; --       ; --           ;
; L15      ;            ;          ; GND                             ; gnd    ;              ;         ; --           ;                 ; --       ; --           ;
; L16      ;            ; --       ; VCC                             ; power  ;              ;         ; --           ;                 ; --       ; --           ;
; L17      ; 286        ; 5B       ; RESERVED_INPUT_WITH_WEAK_PULLUP ;        ;              ;         ; Row I/O      ;                 ; no       ; On           ;
; L18      ; 290        ; 5B       ; RESERVED_INPUT_WITH_WEAK_PULLUP ;        ;              ;         ; Row I/O      ;                 ; no       ; On           ;
; L19      ; 288        ; 5B       ; RESERVED_INPUT_WITH_WEAK_PULLUP ;        ;              ;         ; Row I/O      ;                 ; no       ; On           ;
; L20      ;            ; 5B       ; VREFB5BN0                       ; power  ;              ;         ; --           ;                 ; --       ; --           ;
; L21      ;            ;          ; GND                             ; gnd    ;              ;         ; --           ;                 ; --       ; --           ;
; L22      ; 283        ; 5B       ; RESERVED_INPUT_WITH_WEAK_PULLUP ;        ;              ;         ; Row I/O      ;                 ; no       ; On           ;
; M1       ;            ;          ; GND                             ; gnd    ;              ;         ; --           ;                 ; --       ; --           ;
; M2       ;            ;          ; GND                             ; gnd    ;              ;         ; --           ;                 ; --       ; --           ;
; M3       ;            ;          ; GND                             ;        ;              ;         ; --           ;                 ; --       ; --           ;
; M4       ;            ;          ; GND                             ; gnd    ;              ;         ; --           ;                 ; --       ; --           ;
; M5       ; 42         ; 3A       ; #TDO                            ; output ;              ;         ; --           ;                 ; --       ; --           ;
; M6       ; 64         ; 3A       ; RESERVED_INPUT_WITH_WEAK_PULLUP ;        ;              ;         ; Column I/O   ;                 ; no       ; On           ;
; M7       ; 66         ; 3A       ; RESERVED_INPUT_WITH_WEAK_PULLUP ;        ;              ;         ; Column I/O   ;                 ; no       ; On           ;
; M8       ; 112        ; 3B       ; RESERVED_INPUT_WITH_WEAK_PULLUP ;        ;              ;         ; Column I/O   ;                 ; no       ; On           ;
; M9       ; 114        ; 3B       ; RESERVED_INPUT_WITH_WEAK_PULLUP ;        ;              ;         ; Column I/O   ;                 ; no       ; On           ;
; M10      ;            ;          ; GND                             ; gnd    ;              ;         ; --           ;                 ; --       ; --           ;
; M11      ;            ; --       ; VCC                             ; power  ;              ;         ; --           ;                 ; --       ; --           ;
; M12      ;            ;          ; GND                             ; gnd    ;              ;         ; --           ;                 ; --       ; --           ;
; M13      ;            ; --       ; VCC                             ; power  ;              ;         ; --           ;                 ; --       ; --           ;
; M14      ;            ;          ; GND                             ; gnd    ;              ;         ; --           ;                 ; --       ; --           ;
; M15      ;            ; --       ; VCC                             ; power  ;              ;         ; --           ;                 ; --       ; --           ;
; M16      ; 278        ; 5B       ; RESERVED_INPUT_WITH_WEAK_PULLUP ;        ;              ;         ; Row I/O      ;                 ; no       ; On           ;
; M17      ;            ; 5B       ; VCCPD5B                         ; power  ;              ;         ; --           ;                 ; --       ; --           ;
; M18      ; 282        ; 5B       ; RESERVED_INPUT_WITH_WEAK_PULLUP ;        ;              ;         ; Row I/O      ;                 ; no       ; On           ;
; M19      ;            ; 5B       ; VCCIO5B                         ; power  ;              ;         ; --           ;                 ; --       ; --           ;
; M20      ; 285        ; 5B       ; RESERVED_INPUT_WITH_WEAK_PULLUP ;        ;              ;         ; Row I/O      ;                 ; no       ; On           ;
; M21      ; 287        ; 5B       ; RESERVED_INPUT_WITH_WEAK_PULLUP ;        ;              ;         ; Row I/O      ;                 ; no       ; On           ;
; M22      ; 281        ; 5B       ; RESERVED_INPUT_WITH_WEAK_PULLUP ;        ;              ;         ; Row I/O      ;                 ; no       ; On           ;
; N1       ; 28         ; B0L      ; GXB_NC                          ;        ;              ;         ; --           ;                 ; --       ; --           ;
; N2       ; 29         ; B0L      ; GXB_NC                          ;        ;              ;         ; --           ;                 ; --       ; --           ;
; N3       ;            ;          ; GND                             ; gnd    ;              ;         ; --           ;                 ; --       ; --           ;
; N4       ;            ;          ; GND                             ;        ;              ;         ; --           ;                 ; --       ; --           ;
; N5       ;            ;          ; GND                             ; gnd    ;              ;         ; --           ;                 ; --       ; --           ;
; N6       ; 58         ; 3A       ; RESERVED_INPUT_WITH_WEAK_PULLUP ;        ;              ;         ; Column I/O   ;                 ; no       ; On           ;
; N7       ;            ;          ; GND                             ; gnd    ;              ;         ; --           ;                 ; --       ; --           ;
; N8       ; 106        ; 3B       ; RESERVED_INPUT_WITH_WEAK_PULLUP ;        ;              ;         ; Column I/O   ;                 ; no       ; On           ;
; N9       ; 130        ; 3B       ; RESERVED_INPUT_WITH_WEAK_PULLUP ;        ;              ;         ; Column I/O   ;                 ; no       ; On           ;
; N10      ;            ; --       ; VCC                             ; power  ;              ;         ; --           ;                 ; --       ; --           ;
; N11      ;            ;          ; GND                             ; gnd    ;              ;         ; --           ;                 ; --       ; --           ;
; N12      ;            ; --       ; VCC                             ; power  ;              ;         ; --           ;                 ; --       ; --           ;
; N13      ;            ;          ; GND                             ; gnd    ;              ;         ; --           ;                 ; --       ; --           ;
; N14      ;            ; --       ; VCC                             ; power  ;              ;         ; --           ;                 ; --       ; --           ;
; N15      ;            ;          ; GND                             ; gnd    ;              ;         ; --           ;                 ; --       ; --           ;
; N16      ; 276        ; 5B       ; RESERVED_INPUT_WITH_WEAK_PULLUP ;        ;              ;         ; Row I/O      ;                 ; no       ; On           ;
; N17      ;            ;          ; GND                             ; gnd    ;              ;         ; --           ;                 ; --       ; --           ;
; N18      ;            ; 5B       ; VCCPD5B                         ; power  ;              ;         ; --           ;                 ; --       ; --           ;
; N19      ; 280        ; 5B       ; RESERVED_INPUT_WITH_WEAK_PULLUP ;        ;              ;         ; Row I/O      ;                 ; no       ; On           ;
; N20      ; 277        ; 5B       ; RESERVED_INPUT_WITH_WEAK_PULLUP ;        ;              ;         ; Row I/O      ;                 ; no       ; On           ;
; N21      ; 279        ; 5B       ; RESERVED_INPUT_WITH_WEAK_PULLUP ;        ;              ;         ; Row I/O      ;                 ; no       ; On           ;
; N22      ;            ;          ; GND                             ; gnd    ;              ;         ; --           ;                 ; --       ; --           ;
; P1       ;            ;          ; GND                             ; gnd    ;              ;         ; --           ;                 ; --       ; --           ;
; P2       ;            ;          ; GND                             ; gnd    ;              ;         ; --           ;                 ; --       ; --           ;
; P3       ;            ;          ; GND                             ;        ;              ;         ; --           ;                 ; --       ; --           ;
; P4       ;            ;          ; GND                             ; gnd    ;              ;         ; --           ;                 ; --       ; --           ;
; P5       ; 44         ; 3A       ; #TMS                            ; input  ;              ;         ; --           ;                 ; --       ; --           ;
; P6       ; 56         ; 3A       ; RESERVED_INPUT_WITH_WEAK_PULLUP ;        ;              ;         ; Column I/O   ;                 ; no       ; On           ;
; P7       ; 67         ; 3A       ; RESERVED_INPUT_WITH_WEAK_PULLUP ;        ;              ;         ; Column I/O   ;                 ; no       ; On           ;
; P8       ; 104        ; 3B       ; RESERVED_INPUT_WITH_WEAK_PULLUP ;        ;              ;         ; Column I/O   ;                 ; no       ; On           ;
; P9       ; 128        ; 3B       ; RESERVED_INPUT_WITH_WEAK_PULLUP ;        ;              ;         ; Column I/O   ;                 ; no       ; On           ;
; P10      ;            ;          ; GND                             ; gnd    ;              ;         ; --           ;                 ; --       ; --           ;
; P11      ;            ; --       ; VCC                             ; power  ;              ;         ; --           ;                 ; --       ; --           ;
; P12      ; 123        ; 3B       ; RESERVED_INPUT_WITH_WEAK_PULLUP ;        ;              ;         ; Column I/O   ;                 ; no       ; On           ;
; P13      ;            ; --       ; VCC                             ; power  ;              ;         ; --           ;                 ; --       ; --           ;
; P14      ; 168        ; 4A       ; RESERVED_INPUT_WITH_WEAK_PULLUP ;        ;              ;         ; Column I/O   ;                 ; no       ; On           ;
; P15      ;            ; --       ; VCC                             ; power  ;              ;         ; --           ;                 ; --       ; --           ;
; P16      ; 225        ; 5A       ; RESERVED_INPUT_WITH_WEAK_PULLUP ;        ;              ;         ; Row I/O      ;                 ; no       ; On           ;
; P17      ; 227        ; 5A       ; RESERVED_INPUT_WITH_WEAK_PULLUP ;        ;              ;         ; Row I/O      ;                 ; no       ; On           ;
; P18      ; 226        ; 5A       ; RESERVED_INPUT_WITH_WEAK_PULLUP ;        ;              ;         ; Row I/O      ;                 ; no       ; On           ;
; P19      ; 224        ; 5A       ; RESERVED_INPUT_WITH_WEAK_PULLUP ;        ;              ;         ; Row I/O      ;                 ; no       ; On           ;
; P20      ;            ; 5A       ; VCCIO5A                         ; power  ;              ;         ; --           ;                 ; --       ; --           ;
; P21      ;            ; 5A       ; VCCPD5A                         ; power  ;              ;         ; --           ;                 ; --       ; --           ;
; P22      ; 222        ; 5A       ; RESERVED_INPUT_WITH_WEAK_PULLUP ;        ;              ;         ; Row I/O      ;                 ; no       ; On           ;
; R1       ; 31         ; B0L      ; GND                             ;        ;              ;         ; --           ;                 ; --       ; --           ;
; R2       ; 30         ; B0L      ; GND                             ;        ;              ;         ; --           ;                 ; --       ; --           ;
; R3       ;            ;          ; GND                             ; gnd    ;              ;         ; --           ;                 ; --       ; --           ;
; R4       ; 43         ; 3A       ; ^nCSO, DATA4                    ;        ;              ;         ; Weak Pull Up ;                 ; --       ; On           ;
; R5       ; 54         ; 3A       ; RESERVED_INPUT_WITH_WEAK_PULLUP ;        ;              ;         ; Column I/O   ;                 ; no       ; On           ;
; R6       ; 52         ; 3A       ; RESERVED_INPUT_WITH_WEAK_PULLUP ;        ;              ;         ; Column I/O   ;                 ; no       ; On           ;
; R7       ; 65         ; 3A       ; RESERVED_INPUT_WITH_WEAK_PULLUP ;        ;              ;         ; Column I/O   ;                 ; no       ; On           ;
; R8       ;            ; 3B       ; VCCIO3B                         ; power  ;              ;         ; --           ;                 ; --       ; --           ;
; R9       ; 119        ; 3B       ; RESERVED_INPUT_WITH_WEAK_PULLUP ;        ;              ;         ; Column I/O   ;                 ; no       ; On           ;
; R10      ; 125        ; 3B       ; RESERVED_INPUT_WITH_WEAK_PULLUP ;        ;              ;         ; Column I/O   ;                 ; no       ; On           ;
; R11      ; 127        ; 3B       ; RESERVED_INPUT_WITH_WEAK_PULLUP ;        ;              ;         ; Column I/O   ;                 ; no       ; On           ;
; R12      ; 121        ; 3B       ; RESERVED_INPUT_WITH_WEAK_PULLUP ;        ;              ;         ; Column I/O   ;                 ; no       ; On           ;
; R13      ;            ;          ; GND                             ; gnd    ;              ;         ; --           ;                 ; --       ; --           ;
; R14      ; 170        ; 4A       ; RESERVED_INPUT_WITH_WEAK_PULLUP ;        ;              ;         ; Column I/O   ;                 ; no       ; On           ;
; R15      ; 219        ; 5A       ; RESERVED_INPUT_WITH_WEAK_PULLUP ;        ;              ;         ; Row I/O      ;                 ; no       ; On           ;
; R16      ; 221        ; 5A       ; RESERVED_INPUT_WITH_WEAK_PULLUP ;        ;              ;         ; Row I/O      ;                 ; no       ; On           ;
; R17      ; 223        ; 5A       ; RESERVED_INPUT_WITH_WEAK_PULLUP ;        ;              ;         ; Row I/O      ;                 ; no       ; On           ;
; R18      ;            ; 5A       ; VCCIO5A                         ; power  ;              ;         ; --           ;                 ; --       ; --           ;
; R19      ;            ; --       ; VCCPGM                          ; power  ;              ;         ; --           ;                 ; --       ; --           ;
; R20      ;            ; 5A       ; VREFB5AN0                       ; power  ;              ;         ; --           ;                 ; --       ; --           ;
; R21      ; 220        ; 5A       ; RESERVED_INPUT_WITH_WEAK_PULLUP ;        ;              ;         ; Row I/O      ;                 ; no       ; On           ;
; R22      ; 218        ; 5A       ; RESERVED_INPUT_WITH_WEAK_PULLUP ;        ;              ;         ; Row I/O      ;                 ; no       ; On           ;
; T1       ;            ;          ; GND                             ; gnd    ;              ;         ; --           ;                 ; --       ; --           ;
; T2       ;            ;          ; GND                             ; gnd    ;              ;         ; --           ;                 ; --       ; --           ;
; T3       ;            ;          ; GND                             ;        ;              ;         ; --           ;                 ; --       ; --           ;
; T4       ; 45         ; 3A       ; ^AS_DATA3, DATA3                ;        ;              ;         ; Weak Pull Up ;                 ; --       ; On           ;
; T5       ;            ; --       ; VCCA_FPLL                       ; power  ;              ;         ; --           ;                 ; --       ; --           ;
; T6       ;            ; 3A       ; VCCIO3A                         ; power  ;              ;         ; --           ;                 ; --       ; --           ;
; T7       ; 60         ; 3A       ; RESERVED_INPUT_WITH_WEAK_PULLUP ;        ;              ;         ; Column I/O   ;                 ; no       ; On           ;
; T8       ; 62         ; 3A       ; RESERVED_INPUT_WITH_WEAK_PULLUP ;        ;              ;         ; Column I/O   ;                 ; no       ; On           ;
; T9       ; 109        ; 3B       ; RESERVED_INPUT_WITH_WEAK_PULLUP ;        ;              ;         ; Column I/O   ;                 ; no       ; On           ;
; T10      ; 117        ; 3B       ; RESERVED_INPUT_WITH_WEAK_PULLUP ;        ;              ;         ; Column I/O   ;                 ; no       ; On           ;
; T11      ;            ; 3B       ; VCCIO3B                         ; power  ;              ;         ; --           ;                 ; --       ; --           ;
; T12      ; 136        ; 4A       ; RESERVED_INPUT_WITH_WEAK_PULLUP ;        ;              ;         ; Column I/O   ;                 ; no       ; On           ;
; T13      ; 138        ; 4A       ; RESERVED_INPUT_WITH_WEAK_PULLUP ;        ;              ;         ; Column I/O   ;                 ; no       ; On           ;
; T14      ; 152        ; 4A       ; RESERVED_INPUT_WITH_WEAK_PULLUP ;        ;              ;         ; Column I/O   ;                 ; no       ; On           ;
; T15      ; 217        ; 5A       ; RESERVED_INPUT_WITH_WEAK_PULLUP ;        ;              ;         ; Row I/O      ;                 ; no       ; On           ;
; T16      ;            ;          ; GND                             ; gnd    ;              ;         ; --           ;                 ; --       ; --           ;
; T17      ; 215        ; 5A       ; RESERVED_INPUT_WITH_WEAK_PULLUP ;        ;              ;         ; Row I/O      ;                 ; no       ; On           ;
; T18      ; 213        ; 5A       ; RESERVED_INPUT_WITH_WEAK_PULLUP ;        ;              ;         ; Row I/O      ;                 ; no       ; On           ;
; T19      ; 212        ; 5A       ; RESERVED_INPUT_WITH_WEAK_PULLUP ;        ;              ;         ; Row I/O      ;                 ; no       ; On           ;
; T20      ; 214        ; 5A       ; RESERVED_INPUT_WITH_WEAK_PULLUP ;        ;              ;         ; Row I/O      ;                 ; no       ; On           ;
; T21      ;            ;          ; GND                             ; gnd    ;              ;         ; --           ;                 ; --       ; --           ;
; T22      ; 216        ; 5A       ; RESERVED_INPUT_WITH_WEAK_PULLUP ;        ;              ;         ; Row I/O      ;                 ; no       ; On           ;
; U1       ; 32         ; B0L      ; GXB_NC                          ;        ;              ;         ; --           ;                 ; --       ; --           ;
; U2       ; 33         ; B0L      ; GXB_NC                          ;        ;              ;         ; --           ;                 ; --       ; --           ;
; U3       ;            ;          ; GND                             ; gnd    ;              ;         ; --           ;                 ; --       ; --           ;
; U4       ; 41         ; B0L      ; GND                             ;        ;              ;         ; Row I/O      ;                 ; --       ; --           ;
; U5       ;            ;          ; GND                             ; gnd    ;              ;         ; --           ;                 ; --       ; --           ;
; U6       ; 61         ; 3A       ; RESERVED_INPUT_WITH_WEAK_PULLUP ;        ;              ;         ; Column I/O   ;                 ; no       ; On           ;
; U7       ; 53         ; 3A       ; RESERVED_INPUT_WITH_WEAK_PULLUP ;        ;              ;         ; Column I/O   ;                 ; no       ; On           ;
; U8       ; 55         ; 3A       ; RESERVED_INPUT_WITH_WEAK_PULLUP ;        ;              ;         ; Column I/O   ;                 ; no       ; On           ;
; U9       ;            ;          ; GND                             ; gnd    ;              ;         ; --           ;                 ; --       ; --           ;
; U10      ; 111        ; 3B       ; RESERVED_INPUT_WITH_WEAK_PULLUP ;        ;              ;         ; Column I/O   ;                 ; no       ; On           ;
; U11      ; 120        ; 3B       ; RESERVED_INPUT_WITH_WEAK_PULLUP ;        ;              ;         ; Column I/O   ;                 ; no       ; On           ;
; U12      ; 122        ; 3B       ; RESERVED_INPUT_WITH_WEAK_PULLUP ;        ;              ;         ; Column I/O   ;                 ; no       ; On           ;
; U13      ; 135        ; 4A       ; RESERVED_INPUT_WITH_WEAK_PULLUP ;        ;              ;         ; Column I/O   ;                 ; no       ; On           ;
; U14      ;            ; 4A       ; VCCIO4A                         ; power  ;              ;         ; --           ;                 ; --       ; --           ;
; U15      ; 154        ; 4A       ; RESERVED_INPUT_WITH_WEAK_PULLUP ;        ;              ;         ; Column I/O   ;                 ; no       ; On           ;
; U16      ; 176        ; 4A       ; RESERVED_INPUT_WITH_WEAK_PULLUP ;        ;              ;         ; Column I/O   ;                 ; no       ; On           ;
; U17      ; 178        ; 4A       ; RESERVED_INPUT_WITH_WEAK_PULLUP ;        ;              ;         ; Column I/O   ;                 ; no       ; On           ;
; U18      ;            ; --       ; VCCA_FPLL                       ; power  ;              ;         ; --           ;                 ; --       ; --           ;
; U19      ;            ; 4A       ; VCCIO4A                         ; power  ;              ;         ; --           ;                 ; --       ; --           ;
; U20      ; 179        ; 4A       ; RESERVED_INPUT_WITH_WEAK_PULLUP ;        ;              ;         ; Column I/O   ;                 ; no       ; On           ;
; U21      ; 177        ; 4A       ; RESERVED_INPUT_WITH_WEAK_PULLUP ;        ;              ;         ; Column I/O   ;                 ; no       ; On           ;
; U22      ; 172        ; 4A       ; RESERVED_INPUT_WITH_WEAK_PULLUP ;        ;              ;         ; Column I/O   ;                 ; no       ; On           ;
; V1       ;            ;          ; GND                             ; gnd    ;              ;         ; --           ;                 ; --       ; --           ;
; V2       ;            ;          ; GND                             ; gnd    ;              ;         ; --           ;                 ; --       ; --           ;
; V3       ; 50         ; 3A       ; ^DCLK                           ;        ;              ;         ; Weak Pull Up ;                 ; --       ; On           ;
; V4       ; 40         ; B0L      ; GND                             ;        ;              ;         ; Row I/O      ;                 ; --       ; --           ;
; V5       ; 46         ; 3A       ; #TCK                            ; input  ;              ;         ; --           ;                 ; --       ; --           ;
; V6       ; 63         ; 3A       ; RESERVED_INPUT_WITH_WEAK_PULLUP ;        ;              ;         ; Column I/O   ;                 ; no       ; On           ;
; V7       ;            ;          ; GND                             ; gnd    ;              ;         ; --           ;                 ; --       ; --           ;
; V8       ;            ; --       ; VCCPGM                          ; power  ;              ;         ; --           ;                 ; --       ; --           ;
; V9       ; 101        ; 3B       ; RESERVED_INPUT_WITH_WEAK_PULLUP ;        ;              ;         ; Column I/O   ;                 ; no       ; On           ;
; V10      ; 103        ; 3B       ; RESERVED_INPUT_WITH_WEAK_PULLUP ;        ;              ;         ; Column I/O   ;                 ; no       ; On           ;
; V11      ;            ;          ; DNU                             ;        ;              ;         ; --           ;                 ; --       ; --           ;
; V12      ;            ;          ; GND                             ; gnd    ;              ;         ; --           ;                 ; --       ; --           ;
; V13      ; 133        ; 4A       ; RESERVED_INPUT_WITH_WEAK_PULLUP ;        ;              ;         ; Column I/O   ;                 ; no       ; On           ;
; V14      ; 144        ; 4A       ; RESERVED_INPUT_WITH_WEAK_PULLUP ;        ;              ;         ; Column I/O   ;                 ; no       ; On           ;
; V15      ; 146        ; 4A       ; RESERVED_INPUT_WITH_WEAK_PULLUP ;        ;              ;         ; Column I/O   ;                 ; no       ; On           ;
; V16      ; 160        ; 4A       ; RESERVED_INPUT_WITH_WEAK_PULLUP ;        ;              ;         ; Column I/O   ;                 ; no       ; On           ;
; V17      ;            ;          ; GND                             ; gnd    ;              ;         ; --           ;                 ; --       ; --           ;
; V18      ; 175        ; 4A       ; RESERVED_INPUT_WITH_WEAK_PULLUP ;        ;              ;         ; Column I/O   ;                 ; no       ; On           ;
; V19      ; 173        ; 4A       ; RESERVED_INPUT_WITH_WEAK_PULLUP ;        ;              ;         ; Column I/O   ;                 ; no       ; On           ;
; V20      ; 157        ; 4A       ; RESERVED_INPUT_WITH_WEAK_PULLUP ;        ;              ;         ; Column I/O   ;                 ; no       ; On           ;
; V21      ; 174        ; 4A       ; RESERVED_INPUT_WITH_WEAK_PULLUP ;        ;              ;         ; Column I/O   ;                 ; no       ; On           ;
; V22      ;            ;          ; GND                             ; gnd    ;              ;         ; --           ;                 ; --       ; --           ;
; W1       ; 35         ; B0L      ; GND                             ;        ;              ;         ; --           ;                 ; --       ; --           ;
; W2       ; 34         ; B0L      ; GND                             ;        ;              ;         ; --           ;                 ; --       ; --           ;
; W3       ;            ;          ; GND                             ; gnd    ;              ;         ; --           ;                 ; --       ; --           ;
; W4       ;            ;          ; GND                             ; gnd    ;              ;         ; --           ;                 ; --       ; --           ;
; W5       ; 48         ; 3A       ; #TDI                            ; input  ;              ;         ; --           ;                 ; --       ; --           ;
; W6       ;            ; 3A       ; VCCPD3A                         ; power  ;              ;         ; --           ;                 ; --       ; --           ;
; W7       ;            ; --       ; VCC_AUX                         ; power  ;              ;         ; --           ;                 ; --       ; --           ;
; W8       ; 57         ; 3A       ; RESERVED_INPUT_WITH_WEAK_PULLUP ;        ;              ;         ; Column I/O   ;                 ; no       ; On           ;
; W9       ; 59         ; 3A       ; RESERVED_INPUT_WITH_WEAK_PULLUP ;        ;              ;         ; Column I/O   ;                 ; no       ; On           ;
; W10      ;            ; 3B       ; VCCIO3B                         ; power  ;              ;         ; --           ;                 ; --       ; --           ;
; W11      ;            ; 3B, 4A   ; VCCPD3B4A                       ; power  ;              ;         ; --           ;                 ; --       ; --           ;
; W12      ;            ; 3B, 4A   ; VCCPD3B4A                       ; power  ;              ;         ; --           ;                 ; --       ; --           ;
; W13      ;            ; --       ; VCC_AUX                         ; power  ;              ;         ; --           ;                 ; --       ; --           ;
; W14      ;            ; 3B, 4A   ; VCCPD3B4A                       ; power  ;              ;         ; --           ;                 ; --       ; --           ;
; W15      ;            ; 4A       ; VCCIO4A                         ; power  ;              ;         ; --           ;                 ; --       ; --           ;
; W16      ; 162        ; 4A       ; RESERVED_INPUT_WITH_WEAK_PULLUP ;        ;              ;         ; Column I/O   ;                 ; no       ; On           ;
; W17      ;            ; 3B, 4A   ; VCCPD3B4A                       ; power  ;              ;         ; --           ;                 ; --       ; --           ;
; W18      ;            ; --       ; VCC_AUX                         ; power  ;              ;         ; --           ;                 ; --       ; --           ;
; W19      ; 159        ; 4A       ; RESERVED_INPUT_WITH_WEAK_PULLUP ;        ;              ;         ; Column I/O   ;                 ; no       ; On           ;
; W20      ;            ; 4A       ; VCCIO4A                         ; power  ;              ;         ; --           ;                 ; --       ; --           ;
; W21      ; 171        ; 4A       ; RESERVED_INPUT_WITH_WEAK_PULLUP ;        ;              ;         ; Column I/O   ;                 ; no       ; On           ;
; W22      ; 166        ; 4A       ; RESERVED_INPUT_WITH_WEAK_PULLUP ;        ;              ;         ; Column I/O   ;                 ; no       ; On           ;
; Y1       ;            ;          ; GND                             ; gnd    ;              ;         ; --           ;                 ; --       ; --           ;
; Y2       ;            ;          ; GND                             ; gnd    ;              ;         ; --           ;                 ; --       ; --           ;
; Y3       ; 36         ; B0L      ; GXB_NC                          ;        ;              ;         ; --           ;                 ; --       ; --           ;
; Y4       ; 37         ; B0L      ; GXB_NC                          ;        ;              ;         ; --           ;                 ; --       ; --           ;
; Y5       ;            ;          ; GND                             ; gnd    ;              ;         ; --           ;                 ; --       ; --           ;
; Y6       ;            ;          ; DNU                             ;        ;              ;         ; --           ;                 ; --       ; --           ;
; Y7       ;            ; 3A       ; VREFB3AN0                       ; power  ;              ;         ; --           ;                 ; --       ; --           ;
; Y8       ;            ; 3A       ; VCCIO3A                         ; power  ;              ;         ; --           ;                 ; --       ; --           ;
; Y9       ; 118        ; 3B       ; RESERVED_INPUT_WITH_WEAK_PULLUP ;        ;              ;         ; Column I/O   ;                 ; no       ; On           ;
; Y10      ; 116        ; 3B       ; RESERVED_INPUT_WITH_WEAK_PULLUP ;        ;              ;         ; Column I/O   ;                 ; no       ; On           ;
; Y11      ; 129        ; 3B       ; RESERVED_INPUT_WITH_WEAK_PULLUP ;        ;              ;         ; Column I/O   ;                 ; no       ; On           ;
; Y12      ;            ; 3B       ; VREFB3BN0                       ; power  ;              ;         ; --           ;                 ; --       ; --           ;
; Y13      ;            ; 3B       ; VCCIO3B                         ; power  ;              ;         ; --           ;                 ; --       ; --           ;
; Y14      ; 141        ; 4A       ; RESERVED_INPUT_WITH_WEAK_PULLUP ;        ;              ;         ; Column I/O   ;                 ; no       ; On           ;
; Y15      ; 143        ; 4A       ; RESERVED_INPUT_WITH_WEAK_PULLUP ;        ;              ;         ; Column I/O   ;                 ; no       ; On           ;
; Y16      ; 149        ; 4A       ; RESERVED_INPUT_WITH_WEAK_PULLUP ;        ;              ;         ; Column I/O   ;                 ; no       ; On           ;
; Y17      ; 151        ; 4A       ; RESERVED_INPUT_WITH_WEAK_PULLUP ;        ;              ;         ; Column I/O   ;                 ; no       ; On           ;
; Y18      ;            ;          ; GND                             ; gnd    ;              ;         ; --           ;                 ; --       ; --           ;
; Y19      ; 167        ; 4A       ; RESERVED_INPUT_WITH_WEAK_PULLUP ;        ;              ;         ; Column I/O   ;                 ; no       ; On           ;
; Y20      ; 165        ; 4A       ; RESERVED_INPUT_WITH_WEAK_PULLUP ;        ;              ;         ; Column I/O   ;                 ; no       ; On           ;
; Y21      ; 169        ; 4A       ; RESERVED_INPUT_WITH_WEAK_PULLUP ;        ;              ;         ; Column I/O   ;                 ; no       ; On           ;
; Y22      ; 164        ; 4A       ; RESERVED_INPUT_WITH_WEAK_PULLUP ;        ;              ;         ; Column I/O   ;                 ; no       ; On           ;
+----------+------------+----------+---------------------------------+--------+--------------+---------+--------------+-----------------+----------+--------------+
Note: Pin directions (input, output or bidir) are based on device operating in user mode.


+---------------------------------------------------------------------------------------------------------------------------------------------------------------------------------------------------------------------------------------------------------------------------------------------------------------------------------------------------------------------------------------------------------------------------------------------------------+
; Fitter Resource Utilization by Entity                                                                                                                                                                                                                                                                                                                                                                                                                   ;
+-------------------------------------+----------------------+----------------------------------+---------------------------------------------------+----------------------------------+----------------------+---------------------+---------------------------+---------------+-------------------+------------+------+--------------+----------------------------------------------------------------------------+----------------------+--------------+
; Compilation Hierarchy Node          ; ALMs needed [=A-B+C] ; [A] ALMs used in final placement ; [B] Estimate of ALMs recoverable by dense packing ; [C] Estimate of ALMs unavailable ; ALMs used for memory ; Combinational ALUTs ; Dedicated Logic Registers ; I/O Registers ; Block Memory Bits ; DSP Blocks ; Pins ; Virtual Pins ; Full Hierarchy Name                                                        ; Entity Name          ; Library Name ;
+-------------------------------------+----------------------+----------------------------------+---------------------------------------------------+----------------------------------+----------------------+---------------------+---------------------------+---------------+-------------------+------------+------+--------------+----------------------------------------------------------------------------+----------------------+--------------+
; |top_level_matrix                   ; 2343.5 (1.9)         ; 2705.0 (2.0)                     ; 361.5 (0.1)                                       ; 0.0 (0.0)                        ; 0.0 (0.0)            ; 2824 (4)            ; 3197 (3)                  ; 0 (0)         ; 0                 ; 0          ; 24   ; 0            ; |top_level_matrix                                                          ; top_level_matrix     ; work         ;
;    |encoder:encoder_1|              ; 8.3 (8.3)            ; 9.3 (9.3)                        ; 1.1 (1.1)                                         ; 0.0 (0.0)                        ; 0.0 (0.0)            ; 11 (11)             ; 16 (16)                   ; 0 (0)         ; 0                 ; 0          ; 0    ; 0            ; |top_level_matrix|encoder:encoder_1                                        ; encoder              ; work         ;
;    |encoder:encoder_2|              ; 8.6 (8.6)            ; 9.7 (9.7)                        ; 1.1 (1.1)                                         ; 0.0 (0.0)                        ; 0.0 (0.0)            ; 11 (11)             ; 16 (16)                   ; 0 (0)         ; 0                 ; 0          ; 0    ; 0            ; |top_level_matrix|encoder:encoder_2                                        ; encoder              ; work         ;
;    |etch_a_sketch:game_logic|       ; 860.4 (860.4)        ; 1014.3 (1014.3)                  ; 153.9 (153.9)                                     ; 0.0 (0.0)                        ; 0.0 (0.0)            ; 1132 (1132)         ; 1548 (1548)               ; 0 (0)         ; 0                 ; 0          ; 0    ; 0            ; |top_level_matrix|etch_a_sketch:game_logic                                 ; etch_a_sketch        ; work         ;
;    |led_matrix_ctrl_path:ctrl_path| ; 32.0 (32.0)          ; 33.2 (33.2)                      ; 1.2 (1.2)                                         ; 0.0 (0.0)                        ; 0.0 (0.0)            ; 65 (65)             ; 44 (44)                   ; 0 (0)         ; 0                 ; 0          ; 0    ; 0            ; |top_level_matrix|led_matrix_ctrl_path:ctrl_path                           ; led_matrix_ctrl_path ; work         ;
;    |led_matrix_data_path:data_path| ; 1432.3 (330.1)       ; 1636.5 (330.2)                   ; 204.1 (0.1)                                       ; 0.0 (0.0)                        ; 0.0 (0.0)            ; 1601 (531)          ; 1570 (20)                 ; 0 (0)         ; 0                 ; 0          ; 0    ; 0            ; |top_level_matrix|led_matrix_data_path:data_path                           ; led_matrix_data_path ; work         ;
;       |two_port_ram:color_matrix|   ; 1102.3 (1102.3)      ; 1306.3 (1306.3)                  ; 204.0 (204.0)                                     ; 0.0 (0.0)                        ; 0.0 (0.0)            ; 1070 (1070)         ; 1550 (1550)               ; 0 (0)         ; 0                 ; 0          ; 0    ; 0            ; |top_level_matrix|led_matrix_data_path:data_path|two_port_ram:color_matrix ; two_port_ram         ; work         ;
+-------------------------------------+----------------------+----------------------------------+---------------------------------------------------+----------------------------------+----------------------+---------------------+---------------------------+---------------+-------------------+------------+------+--------------+----------------------------------------------------------------------------+----------------------+--------------+
Note: For table entries with two numbers listed, the numbers in parentheses indicate the number of resources of the given type used by the specific entity alone. The numbers listed outside of parentheses indicate the total resources of the given type used by the specific entity and all of its sub-entities in the hierarchy.


+--------------------------------------------------------------------------------------------------------------------------+
; Delay Chain Summary                                                                                                      ;
+-------------+----------+----+------+------+----+----+-------+--------+------------------------+--------------------------+
; Name        ; Pin Type ; D1 ; D3_0 ; D3_1 ; D4 ; D5 ; D5 OE ; D5 OCT ; T11 (Postamble Gating) ; T11 (Postamble Ungating) ;
+-------------+----------+----+------+------+----+----+-------+--------+------------------------+--------------------------+
; reset       ; Input    ; -- ; --   ; --   ; -- ; -- ; --    ; --     ; --                     ; --                       ;
; clk_out     ; Output   ; -- ; --   ; --   ; -- ; 0  ; 0     ; --     ; --                     ; --                       ;
; RGB0[0]     ; Output   ; -- ; --   ; --   ; -- ; 0  ; 0     ; --     ; --                     ; --                       ;
; RGB0[1]     ; Output   ; -- ; --   ; --   ; -- ; 0  ; 0     ; --     ; --                     ; --                       ;
; RGB0[2]     ; Output   ; -- ; --   ; --   ; -- ; 0  ; 0     ; --     ; --                     ; --                       ;
; RGB1[0]     ; Output   ; -- ; --   ; --   ; -- ; 0  ; 0     ; --     ; --                     ; --                       ;
; RGB1[1]     ; Output   ; -- ; --   ; --   ; -- ; 0  ; 0     ; --     ; --                     ; --                       ;
; RGB1[2]     ; Output   ; -- ; --   ; --   ; -- ; 0  ; 0     ; --     ; --                     ; --                       ;
; LAT         ; Output   ; -- ; --   ; --   ; -- ; 0  ; 0     ; --     ; --                     ; --                       ;
; OE          ; Output   ; -- ; --   ; --   ; -- ; 0  ; 0     ; --     ; --                     ; --                       ;
; led_addr[0] ; Output   ; -- ; --   ; --   ; -- ; 0  ; 0     ; --     ; --                     ; --                       ;
; led_addr[1] ; Output   ; -- ; --   ; --   ; -- ; 0  ; 0     ; --     ; --                     ; --                       ;
; led_addr[2] ; Output   ; -- ; --   ; --   ; -- ; 0  ; 0     ; --     ; --                     ; --                       ;
; gnd[0]      ; Output   ; -- ; --   ; --   ; -- ; 0  ; 0     ; --     ; --                     ; --                       ;
; gnd[1]      ; Output   ; -- ; --   ; --   ; -- ; 0  ; 0     ; --     ; --                     ; --                       ;
; gnd[2]      ; Output   ; -- ; --   ; --   ; -- ; 0  ; 0     ; --     ; --                     ; --                       ;
; gnd[3]      ; Output   ; -- ; --   ; --   ; -- ; 0  ; 0     ; --     ; --                     ; --                       ;
; CLK         ; Input    ; -- ; 0    ; --   ; -- ; -- ; --    ; --     ; --                     ; --                       ;
; s1          ; Input    ; -- ; 0    ; --   ; -- ; -- ; --    ; --     ; --                     ; --                       ;
; s2          ; Input    ; -- ; 0    ; --   ; -- ; -- ; --    ; --     ; --                     ; --                       ;
; enc1_a      ; Input    ; -- ; 0    ; --   ; -- ; -- ; --    ; --     ; --                     ; --                       ;
; enc1_b      ; Input    ; -- ; 0    ; --   ; -- ; -- ; --    ; --     ; --                     ; --                       ;
; enc2_a      ; Input    ; -- ; 0    ; --   ; -- ; -- ; --    ; --     ; --                     ; --                       ;
; enc2_b      ; Input    ; -- ; 0    ; --   ; -- ; -- ; --    ; --     ; --                     ; --                       ;
+-------------+----------+----+------+------+----+----+-------+--------+------------------------+--------------------------+


+---------------------------------------------------+
; Pad To Core Delay Chain Fanout                    ;
+---------------------+-------------------+---------+
; Source Pin / Fanout ; Pad To Core Index ; Setting ;
+---------------------+-------------------+---------+
; reset               ;                   ;         ;
; CLK                 ;                   ;         ;
; s1                  ;                   ;         ;
; s2                  ;                   ;         ;
; enc1_a              ;                   ;         ;
; enc1_b              ;                   ;         ;
; enc2_a              ;                   ;         ;
; enc2_b              ;                   ;         ;
+---------------------+-------------------+---------+


+--------------------------------------------------------------------------------------------------------------------------------------------------------------------------------------------+
; Control Signals                                                                                                                                                                            ;
+-----------------------------------------------------------------------+------------+---------+--------------+--------+----------------------+------------------+---------------------------+
; Name                                                                  ; Location   ; Fan-Out ; Usage        ; Global ; Global Resource Used ; Global Line Name ; Enable Signal Source Name ;
+-----------------------------------------------------------------------+------------+---------+--------------+--------+----------------------+------------------+---------------------------+
; CLK                                                                   ; Unassigned ; 3       ; Clock        ; no     ; --                   ; --               ; --                        ;
; counter[2]                                                            ; Unassigned ; 3196    ; Clock        ; no     ; --                   ; --               ; --                        ;
; etch_a_sketch:game_logic|Decoder0~10                                  ; Unassigned ; 3       ; Clock enable ; no     ; --                   ; --               ; --                        ;
; etch_a_sketch:game_logic|Decoder0~100                                 ; Unassigned ; 3       ; Clock enable ; no     ; --                   ; --               ; --                        ;
; etch_a_sketch:game_logic|Decoder0~101                                 ; Unassigned ; 3       ; Clock enable ; no     ; --                   ; --               ; --                        ;
; etch_a_sketch:game_logic|Decoder0~102                                 ; Unassigned ; 3       ; Clock enable ; no     ; --                   ; --               ; --                        ;
; etch_a_sketch:game_logic|Decoder0~104                                 ; Unassigned ; 3       ; Clock enable ; no     ; --                   ; --               ; --                        ;
; etch_a_sketch:game_logic|Decoder0~105                                 ; Unassigned ; 3       ; Clock enable ; no     ; --                   ; --               ; --                        ;
; etch_a_sketch:game_logic|Decoder0~106                                 ; Unassigned ; 3       ; Clock enable ; no     ; --                   ; --               ; --                        ;
; etch_a_sketch:game_logic|Decoder0~107                                 ; Unassigned ; 3       ; Clock enable ; no     ; --                   ; --               ; --                        ;
; etch_a_sketch:game_logic|Decoder0~109                                 ; Unassigned ; 3       ; Clock enable ; no     ; --                   ; --               ; --                        ;
; etch_a_sketch:game_logic|Decoder0~11                                  ; Unassigned ; 3       ; Clock enable ; no     ; --                   ; --               ; --                        ;
; etch_a_sketch:game_logic|Decoder0~110                                 ; Unassigned ; 3       ; Clock enable ; no     ; --                   ; --               ; --                        ;
; etch_a_sketch:game_logic|Decoder0~111                                 ; Unassigned ; 3       ; Clock enable ; no     ; --                   ; --               ; --                        ;
; etch_a_sketch:game_logic|Decoder0~112                                 ; Unassigned ; 3       ; Clock enable ; no     ; --                   ; --               ; --                        ;
; etch_a_sketch:game_logic|Decoder0~114                                 ; Unassigned ; 3       ; Clock enable ; no     ; --                   ; --               ; --                        ;
; etch_a_sketch:game_logic|Decoder0~115                                 ; Unassigned ; 3       ; Clock enable ; no     ; --                   ; --               ; --                        ;
; etch_a_sketch:game_logic|Decoder0~116                                 ; Unassigned ; 3       ; Clock enable ; no     ; --                   ; --               ; --                        ;
; etch_a_sketch:game_logic|Decoder0~117                                 ; Unassigned ; 3       ; Clock enable ; no     ; --                   ; --               ; --                        ;
; etch_a_sketch:game_logic|Decoder0~119                                 ; Unassigned ; 3       ; Clock enable ; no     ; --                   ; --               ; --                        ;
; etch_a_sketch:game_logic|Decoder0~12                                  ; Unassigned ; 3       ; Clock enable ; no     ; --                   ; --               ; --                        ;
; etch_a_sketch:game_logic|Decoder0~120                                 ; Unassigned ; 3       ; Clock enable ; no     ; --                   ; --               ; --                        ;
; etch_a_sketch:game_logic|Decoder0~121                                 ; Unassigned ; 3       ; Clock enable ; no     ; --                   ; --               ; --                        ;
; etch_a_sketch:game_logic|Decoder0~122                                 ; Unassigned ; 3       ; Clock enable ; no     ; --                   ; --               ; --                        ;
; etch_a_sketch:game_logic|Decoder0~124                                 ; Unassigned ; 3       ; Clock enable ; no     ; --                   ; --               ; --                        ;
; etch_a_sketch:game_logic|Decoder0~125                                 ; Unassigned ; 3       ; Clock enable ; no     ; --                   ; --               ; --                        ;
; etch_a_sketch:game_logic|Decoder0~126                                 ; Unassigned ; 3       ; Clock enable ; no     ; --                   ; --               ; --                        ;
; etch_a_sketch:game_logic|Decoder0~127                                 ; Unassigned ; 3       ; Clock enable ; no     ; --                   ; --               ; --                        ;
; etch_a_sketch:game_logic|Decoder0~129                                 ; Unassigned ; 3       ; Clock enable ; no     ; --                   ; --               ; --                        ;
; etch_a_sketch:game_logic|Decoder0~130                                 ; Unassigned ; 3       ; Clock enable ; no     ; --                   ; --               ; --                        ;
; etch_a_sketch:game_logic|Decoder0~131                                 ; Unassigned ; 3       ; Clock enable ; no     ; --                   ; --               ; --                        ;
; etch_a_sketch:game_logic|Decoder0~132                                 ; Unassigned ; 3       ; Clock enable ; no     ; --                   ; --               ; --                        ;
; etch_a_sketch:game_logic|Decoder0~134                                 ; Unassigned ; 3       ; Clock enable ; no     ; --                   ; --               ; --                        ;
; etch_a_sketch:game_logic|Decoder0~135                                 ; Unassigned ; 3       ; Clock enable ; no     ; --                   ; --               ; --                        ;
; etch_a_sketch:game_logic|Decoder0~136                                 ; Unassigned ; 3       ; Clock enable ; no     ; --                   ; --               ; --                        ;
; etch_a_sketch:game_logic|Decoder0~137                                 ; Unassigned ; 3       ; Clock enable ; no     ; --                   ; --               ; --                        ;
; etch_a_sketch:game_logic|Decoder0~139                                 ; Unassigned ; 3       ; Clock enable ; no     ; --                   ; --               ; --                        ;
; etch_a_sketch:game_logic|Decoder0~14                                  ; Unassigned ; 3       ; Clock enable ; no     ; --                   ; --               ; --                        ;
; etch_a_sketch:game_logic|Decoder0~140                                 ; Unassigned ; 3       ; Clock enable ; no     ; --                   ; --               ; --                        ;
; etch_a_sketch:game_logic|Decoder0~141                                 ; Unassigned ; 3       ; Clock enable ; no     ; --                   ; --               ; --                        ;
; etch_a_sketch:game_logic|Decoder0~142                                 ; Unassigned ; 3       ; Clock enable ; no     ; --                   ; --               ; --                        ;
; etch_a_sketch:game_logic|Decoder0~144                                 ; Unassigned ; 3       ; Clock enable ; no     ; --                   ; --               ; --                        ;
; etch_a_sketch:game_logic|Decoder0~145                                 ; Unassigned ; 3       ; Clock enable ; no     ; --                   ; --               ; --                        ;
; etch_a_sketch:game_logic|Decoder0~146                                 ; Unassigned ; 3       ; Clock enable ; no     ; --                   ; --               ; --                        ;
; etch_a_sketch:game_logic|Decoder0~147                                 ; Unassigned ; 3       ; Clock enable ; no     ; --                   ; --               ; --                        ;
; etch_a_sketch:game_logic|Decoder0~149                                 ; Unassigned ; 3       ; Clock enable ; no     ; --                   ; --               ; --                        ;
; etch_a_sketch:game_logic|Decoder0~15                                  ; Unassigned ; 3       ; Clock enable ; no     ; --                   ; --               ; --                        ;
; etch_a_sketch:game_logic|Decoder0~150                                 ; Unassigned ; 3       ; Clock enable ; no     ; --                   ; --               ; --                        ;
; etch_a_sketch:game_logic|Decoder0~151                                 ; Unassigned ; 3       ; Clock enable ; no     ; --                   ; --               ; --                        ;
; etch_a_sketch:game_logic|Decoder0~152                                 ; Unassigned ; 3       ; Clock enable ; no     ; --                   ; --               ; --                        ;
; etch_a_sketch:game_logic|Decoder0~154                                 ; Unassigned ; 3       ; Clock enable ; no     ; --                   ; --               ; --                        ;
; etch_a_sketch:game_logic|Decoder0~155                                 ; Unassigned ; 3       ; Clock enable ; no     ; --                   ; --               ; --                        ;
; etch_a_sketch:game_logic|Decoder0~156                                 ; Unassigned ; 3       ; Clock enable ; no     ; --                   ; --               ; --                        ;
; etch_a_sketch:game_logic|Decoder0~157                                 ; Unassigned ; 3       ; Clock enable ; no     ; --                   ; --               ; --                        ;
; etch_a_sketch:game_logic|Decoder0~159                                 ; Unassigned ; 3       ; Clock enable ; no     ; --                   ; --               ; --                        ;
; etch_a_sketch:game_logic|Decoder0~16                                  ; Unassigned ; 3       ; Clock enable ; no     ; --                   ; --               ; --                        ;
; etch_a_sketch:game_logic|Decoder0~160                                 ; Unassigned ; 3       ; Clock enable ; no     ; --                   ; --               ; --                        ;
; etch_a_sketch:game_logic|Decoder0~161                                 ; Unassigned ; 3       ; Clock enable ; no     ; --                   ; --               ; --                        ;
; etch_a_sketch:game_logic|Decoder0~162                                 ; Unassigned ; 3       ; Clock enable ; no     ; --                   ; --               ; --                        ;
; etch_a_sketch:game_logic|Decoder0~164                                 ; Unassigned ; 3       ; Clock enable ; no     ; --                   ; --               ; --                        ;
; etch_a_sketch:game_logic|Decoder0~165                                 ; Unassigned ; 3       ; Clock enable ; no     ; --                   ; --               ; --                        ;
; etch_a_sketch:game_logic|Decoder0~166                                 ; Unassigned ; 3       ; Clock enable ; no     ; --                   ; --               ; --                        ;
; etch_a_sketch:game_logic|Decoder0~167                                 ; Unassigned ; 3       ; Clock enable ; no     ; --                   ; --               ; --                        ;
; etch_a_sketch:game_logic|Decoder0~169                                 ; Unassigned ; 3       ; Clock enable ; no     ; --                   ; --               ; --                        ;
; etch_a_sketch:game_logic|Decoder0~17                                  ; Unassigned ; 3       ; Clock enable ; no     ; --                   ; --               ; --                        ;
; etch_a_sketch:game_logic|Decoder0~170                                 ; Unassigned ; 3       ; Clock enable ; no     ; --                   ; --               ; --                        ;
; etch_a_sketch:game_logic|Decoder0~171                                 ; Unassigned ; 3       ; Clock enable ; no     ; --                   ; --               ; --                        ;
; etch_a_sketch:game_logic|Decoder0~172                                 ; Unassigned ; 3       ; Clock enable ; no     ; --                   ; --               ; --                        ;
; etch_a_sketch:game_logic|Decoder0~174                                 ; Unassigned ; 3       ; Clock enable ; no     ; --                   ; --               ; --                        ;
; etch_a_sketch:game_logic|Decoder0~175                                 ; Unassigned ; 3       ; Clock enable ; no     ; --                   ; --               ; --                        ;
; etch_a_sketch:game_logic|Decoder0~176                                 ; Unassigned ; 3       ; Clock enable ; no     ; --                   ; --               ; --                        ;
; etch_a_sketch:game_logic|Decoder0~177                                 ; Unassigned ; 3       ; Clock enable ; no     ; --                   ; --               ; --                        ;
; etch_a_sketch:game_logic|Decoder0~179                                 ; Unassigned ; 3       ; Clock enable ; no     ; --                   ; --               ; --                        ;
; etch_a_sketch:game_logic|Decoder0~180                                 ; Unassigned ; 3       ; Clock enable ; no     ; --                   ; --               ; --                        ;
; etch_a_sketch:game_logic|Decoder0~181                                 ; Unassigned ; 3       ; Clock enable ; no     ; --                   ; --               ; --                        ;
; etch_a_sketch:game_logic|Decoder0~182                                 ; Unassigned ; 3       ; Clock enable ; no     ; --                   ; --               ; --                        ;
; etch_a_sketch:game_logic|Decoder0~184                                 ; Unassigned ; 3       ; Clock enable ; no     ; --                   ; --               ; --                        ;
; etch_a_sketch:game_logic|Decoder0~185                                 ; Unassigned ; 3       ; Clock enable ; no     ; --                   ; --               ; --                        ;
; etch_a_sketch:game_logic|Decoder0~186                                 ; Unassigned ; 3       ; Clock enable ; no     ; --                   ; --               ; --                        ;
; etch_a_sketch:game_logic|Decoder0~187                                 ; Unassigned ; 3       ; Clock enable ; no     ; --                   ; --               ; --                        ;
; etch_a_sketch:game_logic|Decoder0~189                                 ; Unassigned ; 3       ; Clock enable ; no     ; --                   ; --               ; --                        ;
; etch_a_sketch:game_logic|Decoder0~19                                  ; Unassigned ; 3       ; Clock enable ; no     ; --                   ; --               ; --                        ;
; etch_a_sketch:game_logic|Decoder0~190                                 ; Unassigned ; 3       ; Clock enable ; no     ; --                   ; --               ; --                        ;
; etch_a_sketch:game_logic|Decoder0~191                                 ; Unassigned ; 3       ; Clock enable ; no     ; --                   ; --               ; --                        ;
; etch_a_sketch:game_logic|Decoder0~192                                 ; Unassigned ; 3       ; Clock enable ; no     ; --                   ; --               ; --                        ;
; etch_a_sketch:game_logic|Decoder0~194                                 ; Unassigned ; 3       ; Clock enable ; no     ; --                   ; --               ; --                        ;
; etch_a_sketch:game_logic|Decoder0~195                                 ; Unassigned ; 3       ; Clock enable ; no     ; --                   ; --               ; --                        ;
; etch_a_sketch:game_logic|Decoder0~196                                 ; Unassigned ; 3       ; Clock enable ; no     ; --                   ; --               ; --                        ;
; etch_a_sketch:game_logic|Decoder0~197                                 ; Unassigned ; 3       ; Clock enable ; no     ; --                   ; --               ; --                        ;
; etch_a_sketch:game_logic|Decoder0~199                                 ; Unassigned ; 3       ; Clock enable ; no     ; --                   ; --               ; --                        ;
; etch_a_sketch:game_logic|Decoder0~2                                   ; Unassigned ; 3       ; Clock enable ; no     ; --                   ; --               ; --                        ;
; etch_a_sketch:game_logic|Decoder0~20                                  ; Unassigned ; 3       ; Clock enable ; no     ; --                   ; --               ; --                        ;
; etch_a_sketch:game_logic|Decoder0~200                                 ; Unassigned ; 3       ; Clock enable ; no     ; --                   ; --               ; --                        ;
; etch_a_sketch:game_logic|Decoder0~201                                 ; Unassigned ; 3       ; Clock enable ; no     ; --                   ; --               ; --                        ;
; etch_a_sketch:game_logic|Decoder0~202                                 ; Unassigned ; 3       ; Clock enable ; no     ; --                   ; --               ; --                        ;
; etch_a_sketch:game_logic|Decoder0~204                                 ; Unassigned ; 3       ; Clock enable ; no     ; --                   ; --               ; --                        ;
; etch_a_sketch:game_logic|Decoder0~205                                 ; Unassigned ; 3       ; Clock enable ; no     ; --                   ; --               ; --                        ;
; etch_a_sketch:game_logic|Decoder0~206                                 ; Unassigned ; 3       ; Clock enable ; no     ; --                   ; --               ; --                        ;
; etch_a_sketch:game_logic|Decoder0~207                                 ; Unassigned ; 3       ; Clock enable ; no     ; --                   ; --               ; --                        ;
; etch_a_sketch:game_logic|Decoder0~209                                 ; Unassigned ; 3       ; Clock enable ; no     ; --                   ; --               ; --                        ;
; etch_a_sketch:game_logic|Decoder0~21                                  ; Unassigned ; 3       ; Clock enable ; no     ; --                   ; --               ; --                        ;
; etch_a_sketch:game_logic|Decoder0~210                                 ; Unassigned ; 3       ; Clock enable ; no     ; --                   ; --               ; --                        ;
; etch_a_sketch:game_logic|Decoder0~211                                 ; Unassigned ; 3       ; Clock enable ; no     ; --                   ; --               ; --                        ;
; etch_a_sketch:game_logic|Decoder0~212                                 ; Unassigned ; 3       ; Clock enable ; no     ; --                   ; --               ; --                        ;
; etch_a_sketch:game_logic|Decoder0~214                                 ; Unassigned ; 3       ; Clock enable ; no     ; --                   ; --               ; --                        ;
; etch_a_sketch:game_logic|Decoder0~215                                 ; Unassigned ; 3       ; Clock enable ; no     ; --                   ; --               ; --                        ;
; etch_a_sketch:game_logic|Decoder0~216                                 ; Unassigned ; 3       ; Clock enable ; no     ; --                   ; --               ; --                        ;
; etch_a_sketch:game_logic|Decoder0~217                                 ; Unassigned ; 3       ; Clock enable ; no     ; --                   ; --               ; --                        ;
; etch_a_sketch:game_logic|Decoder0~219                                 ; Unassigned ; 3       ; Clock enable ; no     ; --                   ; --               ; --                        ;
; etch_a_sketch:game_logic|Decoder0~22                                  ; Unassigned ; 3       ; Clock enable ; no     ; --                   ; --               ; --                        ;
; etch_a_sketch:game_logic|Decoder0~220                                 ; Unassigned ; 3       ; Clock enable ; no     ; --                   ; --               ; --                        ;
; etch_a_sketch:game_logic|Decoder0~221                                 ; Unassigned ; 3       ; Clock enable ; no     ; --                   ; --               ; --                        ;
; etch_a_sketch:game_logic|Decoder0~222                                 ; Unassigned ; 3       ; Clock enable ; no     ; --                   ; --               ; --                        ;
; etch_a_sketch:game_logic|Decoder0~224                                 ; Unassigned ; 3       ; Clock enable ; no     ; --                   ; --               ; --                        ;
; etch_a_sketch:game_logic|Decoder0~225                                 ; Unassigned ; 3       ; Clock enable ; no     ; --                   ; --               ; --                        ;
; etch_a_sketch:game_logic|Decoder0~226                                 ; Unassigned ; 3       ; Clock enable ; no     ; --                   ; --               ; --                        ;
; etch_a_sketch:game_logic|Decoder0~227                                 ; Unassigned ; 3       ; Clock enable ; no     ; --                   ; --               ; --                        ;
; etch_a_sketch:game_logic|Decoder0~229                                 ; Unassigned ; 3       ; Clock enable ; no     ; --                   ; --               ; --                        ;
; etch_a_sketch:game_logic|Decoder0~230                                 ; Unassigned ; 3       ; Clock enable ; no     ; --                   ; --               ; --                        ;
; etch_a_sketch:game_logic|Decoder0~231                                 ; Unassigned ; 3       ; Clock enable ; no     ; --                   ; --               ; --                        ;
; etch_a_sketch:game_logic|Decoder0~232                                 ; Unassigned ; 3       ; Clock enable ; no     ; --                   ; --               ; --                        ;
; etch_a_sketch:game_logic|Decoder0~234                                 ; Unassigned ; 3       ; Clock enable ; no     ; --                   ; --               ; --                        ;
; etch_a_sketch:game_logic|Decoder0~235                                 ; Unassigned ; 3       ; Clock enable ; no     ; --                   ; --               ; --                        ;
; etch_a_sketch:game_logic|Decoder0~236                                 ; Unassigned ; 3       ; Clock enable ; no     ; --                   ; --               ; --                        ;
; etch_a_sketch:game_logic|Decoder0~237                                 ; Unassigned ; 3       ; Clock enable ; no     ; --                   ; --               ; --                        ;
; etch_a_sketch:game_logic|Decoder0~239                                 ; Unassigned ; 3       ; Clock enable ; no     ; --                   ; --               ; --                        ;
; etch_a_sketch:game_logic|Decoder0~24                                  ; Unassigned ; 3       ; Clock enable ; no     ; --                   ; --               ; --                        ;
; etch_a_sketch:game_logic|Decoder0~240                                 ; Unassigned ; 3       ; Clock enable ; no     ; --                   ; --               ; --                        ;
; etch_a_sketch:game_logic|Decoder0~241                                 ; Unassigned ; 3       ; Clock enable ; no     ; --                   ; --               ; --                        ;
; etch_a_sketch:game_logic|Decoder0~242                                 ; Unassigned ; 3       ; Clock enable ; no     ; --                   ; --               ; --                        ;
; etch_a_sketch:game_logic|Decoder0~244                                 ; Unassigned ; 3       ; Clock enable ; no     ; --                   ; --               ; --                        ;
; etch_a_sketch:game_logic|Decoder0~245                                 ; Unassigned ; 3       ; Clock enable ; no     ; --                   ; --               ; --                        ;
; etch_a_sketch:game_logic|Decoder0~246                                 ; Unassigned ; 3       ; Clock enable ; no     ; --                   ; --               ; --                        ;
; etch_a_sketch:game_logic|Decoder0~247                                 ; Unassigned ; 3       ; Clock enable ; no     ; --                   ; --               ; --                        ;
; etch_a_sketch:game_logic|Decoder0~249                                 ; Unassigned ; 3       ; Clock enable ; no     ; --                   ; --               ; --                        ;
; etch_a_sketch:game_logic|Decoder0~25                                  ; Unassigned ; 3       ; Clock enable ; no     ; --                   ; --               ; --                        ;
; etch_a_sketch:game_logic|Decoder0~250                                 ; Unassigned ; 3       ; Clock enable ; no     ; --                   ; --               ; --                        ;
; etch_a_sketch:game_logic|Decoder0~251                                 ; Unassigned ; 3       ; Clock enable ; no     ; --                   ; --               ; --                        ;
; etch_a_sketch:game_logic|Decoder0~252                                 ; Unassigned ; 3       ; Clock enable ; no     ; --                   ; --               ; --                        ;
; etch_a_sketch:game_logic|Decoder0~254                                 ; Unassigned ; 3       ; Clock enable ; no     ; --                   ; --               ; --                        ;
; etch_a_sketch:game_logic|Decoder0~255                                 ; Unassigned ; 3       ; Clock enable ; no     ; --                   ; --               ; --                        ;
; etch_a_sketch:game_logic|Decoder0~256                                 ; Unassigned ; 3       ; Clock enable ; no     ; --                   ; --               ; --                        ;
; etch_a_sketch:game_logic|Decoder0~257                                 ; Unassigned ; 3       ; Clock enable ; no     ; --                   ; --               ; --                        ;
; etch_a_sketch:game_logic|Decoder0~259                                 ; Unassigned ; 3       ; Clock enable ; no     ; --                   ; --               ; --                        ;
; etch_a_sketch:game_logic|Decoder0~26                                  ; Unassigned ; 3       ; Clock enable ; no     ; --                   ; --               ; --                        ;
; etch_a_sketch:game_logic|Decoder0~260                                 ; Unassigned ; 3       ; Clock enable ; no     ; --                   ; --               ; --                        ;
; etch_a_sketch:game_logic|Decoder0~261                                 ; Unassigned ; 3       ; Clock enable ; no     ; --                   ; --               ; --                        ;
; etch_a_sketch:game_logic|Decoder0~262                                 ; Unassigned ; 3       ; Clock enable ; no     ; --                   ; --               ; --                        ;
; etch_a_sketch:game_logic|Decoder0~264                                 ; Unassigned ; 3       ; Clock enable ; no     ; --                   ; --               ; --                        ;
; etch_a_sketch:game_logic|Decoder0~265                                 ; Unassigned ; 3       ; Clock enable ; no     ; --                   ; --               ; --                        ;
; etch_a_sketch:game_logic|Decoder0~266                                 ; Unassigned ; 3       ; Clock enable ; no     ; --                   ; --               ; --                        ;
; etch_a_sketch:game_logic|Decoder0~267                                 ; Unassigned ; 3       ; Clock enable ; no     ; --                   ; --               ; --                        ;
; etch_a_sketch:game_logic|Decoder0~269                                 ; Unassigned ; 3       ; Clock enable ; no     ; --                   ; --               ; --                        ;
; etch_a_sketch:game_logic|Decoder0~27                                  ; Unassigned ; 3       ; Clock enable ; no     ; --                   ; --               ; --                        ;
; etch_a_sketch:game_logic|Decoder0~270                                 ; Unassigned ; 3       ; Clock enable ; no     ; --                   ; --               ; --                        ;
; etch_a_sketch:game_logic|Decoder0~271                                 ; Unassigned ; 3       ; Clock enable ; no     ; --                   ; --               ; --                        ;
; etch_a_sketch:game_logic|Decoder0~272                                 ; Unassigned ; 3       ; Clock enable ; no     ; --                   ; --               ; --                        ;
; etch_a_sketch:game_logic|Decoder0~274                                 ; Unassigned ; 3       ; Clock enable ; no     ; --                   ; --               ; --                        ;
; etch_a_sketch:game_logic|Decoder0~275                                 ; Unassigned ; 3       ; Clock enable ; no     ; --                   ; --               ; --                        ;
; etch_a_sketch:game_logic|Decoder0~276                                 ; Unassigned ; 3       ; Clock enable ; no     ; --                   ; --               ; --                        ;
; etch_a_sketch:game_logic|Decoder0~277                                 ; Unassigned ; 3       ; Clock enable ; no     ; --                   ; --               ; --                        ;
; etch_a_sketch:game_logic|Decoder0~279                                 ; Unassigned ; 3       ; Clock enable ; no     ; --                   ; --               ; --                        ;
; etch_a_sketch:game_logic|Decoder0~280                                 ; Unassigned ; 3       ; Clock enable ; no     ; --                   ; --               ; --                        ;
; etch_a_sketch:game_logic|Decoder0~281                                 ; Unassigned ; 3       ; Clock enable ; no     ; --                   ; --               ; --                        ;
; etch_a_sketch:game_logic|Decoder0~282                                 ; Unassigned ; 3       ; Clock enable ; no     ; --                   ; --               ; --                        ;
; etch_a_sketch:game_logic|Decoder0~284                                 ; Unassigned ; 3       ; Clock enable ; no     ; --                   ; --               ; --                        ;
; etch_a_sketch:game_logic|Decoder0~285                                 ; Unassigned ; 3       ; Clock enable ; no     ; --                   ; --               ; --                        ;
; etch_a_sketch:game_logic|Decoder0~286                                 ; Unassigned ; 3       ; Clock enable ; no     ; --                   ; --               ; --                        ;
; etch_a_sketch:game_logic|Decoder0~287                                 ; Unassigned ; 3       ; Clock enable ; no     ; --                   ; --               ; --                        ;
; etch_a_sketch:game_logic|Decoder0~289                                 ; Unassigned ; 3       ; Clock enable ; no     ; --                   ; --               ; --                        ;
; etch_a_sketch:game_logic|Decoder0~29                                  ; Unassigned ; 3       ; Clock enable ; no     ; --                   ; --               ; --                        ;
; etch_a_sketch:game_logic|Decoder0~290                                 ; Unassigned ; 3       ; Clock enable ; no     ; --                   ; --               ; --                        ;
; etch_a_sketch:game_logic|Decoder0~291                                 ; Unassigned ; 3       ; Clock enable ; no     ; --                   ; --               ; --                        ;
; etch_a_sketch:game_logic|Decoder0~292                                 ; Unassigned ; 3       ; Clock enable ; no     ; --                   ; --               ; --                        ;
; etch_a_sketch:game_logic|Decoder0~294                                 ; Unassigned ; 3       ; Clock enable ; no     ; --                   ; --               ; --                        ;
; etch_a_sketch:game_logic|Decoder0~295                                 ; Unassigned ; 3       ; Clock enable ; no     ; --                   ; --               ; --                        ;
; etch_a_sketch:game_logic|Decoder0~296                                 ; Unassigned ; 3       ; Clock enable ; no     ; --                   ; --               ; --                        ;
; etch_a_sketch:game_logic|Decoder0~297                                 ; Unassigned ; 3       ; Clock enable ; no     ; --                   ; --               ; --                        ;
; etch_a_sketch:game_logic|Decoder0~299                                 ; Unassigned ; 3       ; Clock enable ; no     ; --                   ; --               ; --                        ;
; etch_a_sketch:game_logic|Decoder0~30                                  ; Unassigned ; 3       ; Clock enable ; no     ; --                   ; --               ; --                        ;
; etch_a_sketch:game_logic|Decoder0~300                                 ; Unassigned ; 3       ; Clock enable ; no     ; --                   ; --               ; --                        ;
; etch_a_sketch:game_logic|Decoder0~301                                 ; Unassigned ; 3       ; Clock enable ; no     ; --                   ; --               ; --                        ;
; etch_a_sketch:game_logic|Decoder0~302                                 ; Unassigned ; 3       ; Clock enable ; no     ; --                   ; --               ; --                        ;
; etch_a_sketch:game_logic|Decoder0~304                                 ; Unassigned ; 3       ; Clock enable ; no     ; --                   ; --               ; --                        ;
; etch_a_sketch:game_logic|Decoder0~305                                 ; Unassigned ; 3       ; Clock enable ; no     ; --                   ; --               ; --                        ;
; etch_a_sketch:game_logic|Decoder0~306                                 ; Unassigned ; 3       ; Clock enable ; no     ; --                   ; --               ; --                        ;
; etch_a_sketch:game_logic|Decoder0~307                                 ; Unassigned ; 3       ; Clock enable ; no     ; --                   ; --               ; --                        ;
; etch_a_sketch:game_logic|Decoder0~309                                 ; Unassigned ; 3       ; Clock enable ; no     ; --                   ; --               ; --                        ;
; etch_a_sketch:game_logic|Decoder0~31                                  ; Unassigned ; 3       ; Clock enable ; no     ; --                   ; --               ; --                        ;
; etch_a_sketch:game_logic|Decoder0~310                                 ; Unassigned ; 3       ; Clock enable ; no     ; --                   ; --               ; --                        ;
; etch_a_sketch:game_logic|Decoder0~311                                 ; Unassigned ; 3       ; Clock enable ; no     ; --                   ; --               ; --                        ;
; etch_a_sketch:game_logic|Decoder0~312                                 ; Unassigned ; 3       ; Clock enable ; no     ; --                   ; --               ; --                        ;
; etch_a_sketch:game_logic|Decoder0~314                                 ; Unassigned ; 3       ; Clock enable ; no     ; --                   ; --               ; --                        ;
; etch_a_sketch:game_logic|Decoder0~315                                 ; Unassigned ; 3       ; Clock enable ; no     ; --                   ; --               ; --                        ;
; etch_a_sketch:game_logic|Decoder0~316                                 ; Unassigned ; 3       ; Clock enable ; no     ; --                   ; --               ; --                        ;
; etch_a_sketch:game_logic|Decoder0~317                                 ; Unassigned ; 3       ; Clock enable ; no     ; --                   ; --               ; --                        ;
; etch_a_sketch:game_logic|Decoder0~319                                 ; Unassigned ; 3       ; Clock enable ; no     ; --                   ; --               ; --                        ;
; etch_a_sketch:game_logic|Decoder0~32                                  ; Unassigned ; 3       ; Clock enable ; no     ; --                   ; --               ; --                        ;
; etch_a_sketch:game_logic|Decoder0~320                                 ; Unassigned ; 3       ; Clock enable ; no     ; --                   ; --               ; --                        ;
; etch_a_sketch:game_logic|Decoder0~321                                 ; Unassigned ; 3       ; Clock enable ; no     ; --                   ; --               ; --                        ;
; etch_a_sketch:game_logic|Decoder0~322                                 ; Unassigned ; 3       ; Clock enable ; no     ; --                   ; --               ; --                        ;
; etch_a_sketch:game_logic|Decoder0~323                                 ; Unassigned ; 3       ; Clock enable ; no     ; --                   ; --               ; --                        ;
; etch_a_sketch:game_logic|Decoder0~324                                 ; Unassigned ; 3       ; Clock enable ; no     ; --                   ; --               ; --                        ;
; etch_a_sketch:game_logic|Decoder0~325                                 ; Unassigned ; 3       ; Clock enable ; no     ; --                   ; --               ; --                        ;
; etch_a_sketch:game_logic|Decoder0~326                                 ; Unassigned ; 3       ; Clock enable ; no     ; --                   ; --               ; --                        ;
; etch_a_sketch:game_logic|Decoder0~327                                 ; Unassigned ; 3       ; Clock enable ; no     ; --                   ; --               ; --                        ;
; etch_a_sketch:game_logic|Decoder0~328                                 ; Unassigned ; 3       ; Clock enable ; no     ; --                   ; --               ; --                        ;
; etch_a_sketch:game_logic|Decoder0~329                                 ; Unassigned ; 3       ; Clock enable ; no     ; --                   ; --               ; --                        ;
; etch_a_sketch:game_logic|Decoder0~330                                 ; Unassigned ; 3       ; Clock enable ; no     ; --                   ; --               ; --                        ;
; etch_a_sketch:game_logic|Decoder0~331                                 ; Unassigned ; 3       ; Clock enable ; no     ; --                   ; --               ; --                        ;
; etch_a_sketch:game_logic|Decoder0~332                                 ; Unassigned ; 3       ; Clock enable ; no     ; --                   ; --               ; --                        ;
; etch_a_sketch:game_logic|Decoder0~333                                 ; Unassigned ; 3       ; Clock enable ; no     ; --                   ; --               ; --                        ;
; etch_a_sketch:game_logic|Decoder0~334                                 ; Unassigned ; 3       ; Clock enable ; no     ; --                   ; --               ; --                        ;
; etch_a_sketch:game_logic|Decoder0~335                                 ; Unassigned ; 3       ; Clock enable ; no     ; --                   ; --               ; --                        ;
; etch_a_sketch:game_logic|Decoder0~336                                 ; Unassigned ; 3       ; Clock enable ; no     ; --                   ; --               ; --                        ;
; etch_a_sketch:game_logic|Decoder0~337                                 ; Unassigned ; 3       ; Clock enable ; no     ; --                   ; --               ; --                        ;
; etch_a_sketch:game_logic|Decoder0~338                                 ; Unassigned ; 3       ; Clock enable ; no     ; --                   ; --               ; --                        ;
; etch_a_sketch:game_logic|Decoder0~339                                 ; Unassigned ; 3       ; Clock enable ; no     ; --                   ; --               ; --                        ;
; etch_a_sketch:game_logic|Decoder0~34                                  ; Unassigned ; 3       ; Clock enable ; no     ; --                   ; --               ; --                        ;
; etch_a_sketch:game_logic|Decoder0~340                                 ; Unassigned ; 3       ; Clock enable ; no     ; --                   ; --               ; --                        ;
; etch_a_sketch:game_logic|Decoder0~341                                 ; Unassigned ; 3       ; Clock enable ; no     ; --                   ; --               ; --                        ;
; etch_a_sketch:game_logic|Decoder0~342                                 ; Unassigned ; 3       ; Clock enable ; no     ; --                   ; --               ; --                        ;
; etch_a_sketch:game_logic|Decoder0~343                                 ; Unassigned ; 3       ; Clock enable ; no     ; --                   ; --               ; --                        ;
; etch_a_sketch:game_logic|Decoder0~344                                 ; Unassigned ; 3       ; Clock enable ; no     ; --                   ; --               ; --                        ;
; etch_a_sketch:game_logic|Decoder0~345                                 ; Unassigned ; 3       ; Clock enable ; no     ; --                   ; --               ; --                        ;
; etch_a_sketch:game_logic|Decoder0~346                                 ; Unassigned ; 3       ; Clock enable ; no     ; --                   ; --               ; --                        ;
; etch_a_sketch:game_logic|Decoder0~347                                 ; Unassigned ; 3       ; Clock enable ; no     ; --                   ; --               ; --                        ;
; etch_a_sketch:game_logic|Decoder0~348                                 ; Unassigned ; 3       ; Clock enable ; no     ; --                   ; --               ; --                        ;
; etch_a_sketch:game_logic|Decoder0~349                                 ; Unassigned ; 3       ; Clock enable ; no     ; --                   ; --               ; --                        ;
; etch_a_sketch:game_logic|Decoder0~35                                  ; Unassigned ; 3       ; Clock enable ; no     ; --                   ; --               ; --                        ;
; etch_a_sketch:game_logic|Decoder0~350                                 ; Unassigned ; 3       ; Clock enable ; no     ; --                   ; --               ; --                        ;
; etch_a_sketch:game_logic|Decoder0~351                                 ; Unassigned ; 3       ; Clock enable ; no     ; --                   ; --               ; --                        ;
; etch_a_sketch:game_logic|Decoder0~352                                 ; Unassigned ; 3       ; Clock enable ; no     ; --                   ; --               ; --                        ;
; etch_a_sketch:game_logic|Decoder0~353                                 ; Unassigned ; 3       ; Clock enable ; no     ; --                   ; --               ; --                        ;
; etch_a_sketch:game_logic|Decoder0~354                                 ; Unassigned ; 3       ; Clock enable ; no     ; --                   ; --               ; --                        ;
; etch_a_sketch:game_logic|Decoder0~355                                 ; Unassigned ; 3       ; Clock enable ; no     ; --                   ; --               ; --                        ;
; etch_a_sketch:game_logic|Decoder0~356                                 ; Unassigned ; 3       ; Clock enable ; no     ; --                   ; --               ; --                        ;
; etch_a_sketch:game_logic|Decoder0~357                                 ; Unassigned ; 3       ; Clock enable ; no     ; --                   ; --               ; --                        ;
; etch_a_sketch:game_logic|Decoder0~358                                 ; Unassigned ; 3       ; Clock enable ; no     ; --                   ; --               ; --                        ;
; etch_a_sketch:game_logic|Decoder0~359                                 ; Unassigned ; 3       ; Clock enable ; no     ; --                   ; --               ; --                        ;
; etch_a_sketch:game_logic|Decoder0~36                                  ; Unassigned ; 3       ; Clock enable ; no     ; --                   ; --               ; --                        ;
; etch_a_sketch:game_logic|Decoder0~360                                 ; Unassigned ; 3       ; Clock enable ; no     ; --                   ; --               ; --                        ;
; etch_a_sketch:game_logic|Decoder0~361                                 ; Unassigned ; 3       ; Clock enable ; no     ; --                   ; --               ; --                        ;
; etch_a_sketch:game_logic|Decoder0~362                                 ; Unassigned ; 3       ; Clock enable ; no     ; --                   ; --               ; --                        ;
; etch_a_sketch:game_logic|Decoder0~363                                 ; Unassigned ; 3       ; Clock enable ; no     ; --                   ; --               ; --                        ;
; etch_a_sketch:game_logic|Decoder0~364                                 ; Unassigned ; 3       ; Clock enable ; no     ; --                   ; --               ; --                        ;
; etch_a_sketch:game_logic|Decoder0~365                                 ; Unassigned ; 3       ; Clock enable ; no     ; --                   ; --               ; --                        ;
; etch_a_sketch:game_logic|Decoder0~366                                 ; Unassigned ; 3       ; Clock enable ; no     ; --                   ; --               ; --                        ;
; etch_a_sketch:game_logic|Decoder0~367                                 ; Unassigned ; 3       ; Clock enable ; no     ; --                   ; --               ; --                        ;
; etch_a_sketch:game_logic|Decoder0~368                                 ; Unassigned ; 3       ; Clock enable ; no     ; --                   ; --               ; --                        ;
; etch_a_sketch:game_logic|Decoder0~369                                 ; Unassigned ; 3       ; Clock enable ; no     ; --                   ; --               ; --                        ;
; etch_a_sketch:game_logic|Decoder0~37                                  ; Unassigned ; 3       ; Clock enable ; no     ; --                   ; --               ; --                        ;
; etch_a_sketch:game_logic|Decoder0~370                                 ; Unassigned ; 3       ; Clock enable ; no     ; --                   ; --               ; --                        ;
; etch_a_sketch:game_logic|Decoder0~371                                 ; Unassigned ; 3       ; Clock enable ; no     ; --                   ; --               ; --                        ;
; etch_a_sketch:game_logic|Decoder0~372                                 ; Unassigned ; 3       ; Clock enable ; no     ; --                   ; --               ; --                        ;
; etch_a_sketch:game_logic|Decoder0~373                                 ; Unassigned ; 3       ; Clock enable ; no     ; --                   ; --               ; --                        ;
; etch_a_sketch:game_logic|Decoder0~374                                 ; Unassigned ; 3       ; Clock enable ; no     ; --                   ; --               ; --                        ;
; etch_a_sketch:game_logic|Decoder0~375                                 ; Unassigned ; 3       ; Clock enable ; no     ; --                   ; --               ; --                        ;
; etch_a_sketch:game_logic|Decoder0~376                                 ; Unassigned ; 3       ; Clock enable ; no     ; --                   ; --               ; --                        ;
; etch_a_sketch:game_logic|Decoder0~377                                 ; Unassigned ; 3       ; Clock enable ; no     ; --                   ; --               ; --                        ;
; etch_a_sketch:game_logic|Decoder0~378                                 ; Unassigned ; 3       ; Clock enable ; no     ; --                   ; --               ; --                        ;
; etch_a_sketch:game_logic|Decoder0~379                                 ; Unassigned ; 3       ; Clock enable ; no     ; --                   ; --               ; --                        ;
; etch_a_sketch:game_logic|Decoder0~380                                 ; Unassigned ; 3       ; Clock enable ; no     ; --                   ; --               ; --                        ;
; etch_a_sketch:game_logic|Decoder0~381                                 ; Unassigned ; 3       ; Clock enable ; no     ; --                   ; --               ; --                        ;
; etch_a_sketch:game_logic|Decoder0~382                                 ; Unassigned ; 3       ; Clock enable ; no     ; --                   ; --               ; --                        ;
; etch_a_sketch:game_logic|Decoder0~383                                 ; Unassigned ; 3       ; Clock enable ; no     ; --                   ; --               ; --                        ;
; etch_a_sketch:game_logic|Decoder0~384                                 ; Unassigned ; 3       ; Clock enable ; no     ; --                   ; --               ; --                        ;
; etch_a_sketch:game_logic|Decoder0~385                                 ; Unassigned ; 3       ; Clock enable ; no     ; --                   ; --               ; --                        ;
; etch_a_sketch:game_logic|Decoder0~386                                 ; Unassigned ; 3       ; Clock enable ; no     ; --                   ; --               ; --                        ;
; etch_a_sketch:game_logic|Decoder0~388                                 ; Unassigned ; 3       ; Clock enable ; no     ; --                   ; --               ; --                        ;
; etch_a_sketch:game_logic|Decoder0~389                                 ; Unassigned ; 3       ; Clock enable ; no     ; --                   ; --               ; --                        ;
; etch_a_sketch:game_logic|Decoder0~39                                  ; Unassigned ; 3       ; Clock enable ; no     ; --                   ; --               ; --                        ;
; etch_a_sketch:game_logic|Decoder0~390                                 ; Unassigned ; 3       ; Clock enable ; no     ; --                   ; --               ; --                        ;
; etch_a_sketch:game_logic|Decoder0~391                                 ; Unassigned ; 3       ; Clock enable ; no     ; --                   ; --               ; --                        ;
; etch_a_sketch:game_logic|Decoder0~392                                 ; Unassigned ; 3       ; Clock enable ; no     ; --                   ; --               ; --                        ;
; etch_a_sketch:game_logic|Decoder0~393                                 ; Unassigned ; 3       ; Clock enable ; no     ; --                   ; --               ; --                        ;
; etch_a_sketch:game_logic|Decoder0~394                                 ; Unassigned ; 3       ; Clock enable ; no     ; --                   ; --               ; --                        ;
; etch_a_sketch:game_logic|Decoder0~395                                 ; Unassigned ; 3       ; Clock enable ; no     ; --                   ; --               ; --                        ;
; etch_a_sketch:game_logic|Decoder0~396                                 ; Unassigned ; 3       ; Clock enable ; no     ; --                   ; --               ; --                        ;
; etch_a_sketch:game_logic|Decoder0~397                                 ; Unassigned ; 3       ; Clock enable ; no     ; --                   ; --               ; --                        ;
; etch_a_sketch:game_logic|Decoder0~398                                 ; Unassigned ; 3       ; Clock enable ; no     ; --                   ; --               ; --                        ;
; etch_a_sketch:game_logic|Decoder0~399                                 ; Unassigned ; 3       ; Clock enable ; no     ; --                   ; --               ; --                        ;
; etch_a_sketch:game_logic|Decoder0~4                                   ; Unassigned ; 3       ; Clock enable ; no     ; --                   ; --               ; --                        ;
; etch_a_sketch:game_logic|Decoder0~40                                  ; Unassigned ; 3       ; Clock enable ; no     ; --                   ; --               ; --                        ;
; etch_a_sketch:game_logic|Decoder0~400                                 ; Unassigned ; 3       ; Clock enable ; no     ; --                   ; --               ; --                        ;
; etch_a_sketch:game_logic|Decoder0~401                                 ; Unassigned ; 3       ; Clock enable ; no     ; --                   ; --               ; --                        ;
; etch_a_sketch:game_logic|Decoder0~402                                 ; Unassigned ; 3       ; Clock enable ; no     ; --                   ; --               ; --                        ;
; etch_a_sketch:game_logic|Decoder0~403                                 ; Unassigned ; 3       ; Clock enable ; no     ; --                   ; --               ; --                        ;
; etch_a_sketch:game_logic|Decoder0~404                                 ; Unassigned ; 3       ; Clock enable ; no     ; --                   ; --               ; --                        ;
; etch_a_sketch:game_logic|Decoder0~405                                 ; Unassigned ; 3       ; Clock enable ; no     ; --                   ; --               ; --                        ;
; etch_a_sketch:game_logic|Decoder0~406                                 ; Unassigned ; 3       ; Clock enable ; no     ; --                   ; --               ; --                        ;
; etch_a_sketch:game_logic|Decoder0~407                                 ; Unassigned ; 3       ; Clock enable ; no     ; --                   ; --               ; --                        ;
; etch_a_sketch:game_logic|Decoder0~408                                 ; Unassigned ; 3       ; Clock enable ; no     ; --                   ; --               ; --                        ;
; etch_a_sketch:game_logic|Decoder0~409                                 ; Unassigned ; 3       ; Clock enable ; no     ; --                   ; --               ; --                        ;
; etch_a_sketch:game_logic|Decoder0~41                                  ; Unassigned ; 3       ; Clock enable ; no     ; --                   ; --               ; --                        ;
; etch_a_sketch:game_logic|Decoder0~410                                 ; Unassigned ; 3       ; Clock enable ; no     ; --                   ; --               ; --                        ;
; etch_a_sketch:game_logic|Decoder0~411                                 ; Unassigned ; 3       ; Clock enable ; no     ; --                   ; --               ; --                        ;
; etch_a_sketch:game_logic|Decoder0~412                                 ; Unassigned ; 3       ; Clock enable ; no     ; --                   ; --               ; --                        ;
; etch_a_sketch:game_logic|Decoder0~413                                 ; Unassigned ; 3       ; Clock enable ; no     ; --                   ; --               ; --                        ;
; etch_a_sketch:game_logic|Decoder0~414                                 ; Unassigned ; 3       ; Clock enable ; no     ; --                   ; --               ; --                        ;
; etch_a_sketch:game_logic|Decoder0~415                                 ; Unassigned ; 3       ; Clock enable ; no     ; --                   ; --               ; --                        ;
; etch_a_sketch:game_logic|Decoder0~416                                 ; Unassigned ; 3       ; Clock enable ; no     ; --                   ; --               ; --                        ;
; etch_a_sketch:game_logic|Decoder0~417                                 ; Unassigned ; 3       ; Clock enable ; no     ; --                   ; --               ; --                        ;
; etch_a_sketch:game_logic|Decoder0~418                                 ; Unassigned ; 3       ; Clock enable ; no     ; --                   ; --               ; --                        ;
; etch_a_sketch:game_logic|Decoder0~419                                 ; Unassigned ; 3       ; Clock enable ; no     ; --                   ; --               ; --                        ;
; etch_a_sketch:game_logic|Decoder0~42                                  ; Unassigned ; 3       ; Clock enable ; no     ; --                   ; --               ; --                        ;
; etch_a_sketch:game_logic|Decoder0~420                                 ; Unassigned ; 3       ; Clock enable ; no     ; --                   ; --               ; --                        ;
; etch_a_sketch:game_logic|Decoder0~421                                 ; Unassigned ; 3       ; Clock enable ; no     ; --                   ; --               ; --                        ;
; etch_a_sketch:game_logic|Decoder0~422                                 ; Unassigned ; 3       ; Clock enable ; no     ; --                   ; --               ; --                        ;
; etch_a_sketch:game_logic|Decoder0~423                                 ; Unassigned ; 3       ; Clock enable ; no     ; --                   ; --               ; --                        ;
; etch_a_sketch:game_logic|Decoder0~424                                 ; Unassigned ; 3       ; Clock enable ; no     ; --                   ; --               ; --                        ;
; etch_a_sketch:game_logic|Decoder0~425                                 ; Unassigned ; 3       ; Clock enable ; no     ; --                   ; --               ; --                        ;
; etch_a_sketch:game_logic|Decoder0~426                                 ; Unassigned ; 3       ; Clock enable ; no     ; --                   ; --               ; --                        ;
; etch_a_sketch:game_logic|Decoder0~427                                 ; Unassigned ; 3       ; Clock enable ; no     ; --                   ; --               ; --                        ;
; etch_a_sketch:game_logic|Decoder0~428                                 ; Unassigned ; 3       ; Clock enable ; no     ; --                   ; --               ; --                        ;
; etch_a_sketch:game_logic|Decoder0~429                                 ; Unassigned ; 3       ; Clock enable ; no     ; --                   ; --               ; --                        ;
; etch_a_sketch:game_logic|Decoder0~430                                 ; Unassigned ; 3       ; Clock enable ; no     ; --                   ; --               ; --                        ;
; etch_a_sketch:game_logic|Decoder0~431                                 ; Unassigned ; 3       ; Clock enable ; no     ; --                   ; --               ; --                        ;
; etch_a_sketch:game_logic|Decoder0~432                                 ; Unassigned ; 3       ; Clock enable ; no     ; --                   ; --               ; --                        ;
; etch_a_sketch:game_logic|Decoder0~433                                 ; Unassigned ; 3       ; Clock enable ; no     ; --                   ; --               ; --                        ;
; etch_a_sketch:game_logic|Decoder0~434                                 ; Unassigned ; 3       ; Clock enable ; no     ; --                   ; --               ; --                        ;
; etch_a_sketch:game_logic|Decoder0~435                                 ; Unassigned ; 3       ; Clock enable ; no     ; --                   ; --               ; --                        ;
; etch_a_sketch:game_logic|Decoder0~436                                 ; Unassigned ; 3       ; Clock enable ; no     ; --                   ; --               ; --                        ;
; etch_a_sketch:game_logic|Decoder0~437                                 ; Unassigned ; 3       ; Clock enable ; no     ; --                   ; --               ; --                        ;
; etch_a_sketch:game_logic|Decoder0~438                                 ; Unassigned ; 3       ; Clock enable ; no     ; --                   ; --               ; --                        ;
; etch_a_sketch:game_logic|Decoder0~439                                 ; Unassigned ; 3       ; Clock enable ; no     ; --                   ; --               ; --                        ;
; etch_a_sketch:game_logic|Decoder0~44                                  ; Unassigned ; 3       ; Clock enable ; no     ; --                   ; --               ; --                        ;
; etch_a_sketch:game_logic|Decoder0~440                                 ; Unassigned ; 3       ; Clock enable ; no     ; --                   ; --               ; --                        ;
; etch_a_sketch:game_logic|Decoder0~441                                 ; Unassigned ; 3       ; Clock enable ; no     ; --                   ; --               ; --                        ;
; etch_a_sketch:game_logic|Decoder0~442                                 ; Unassigned ; 3       ; Clock enable ; no     ; --                   ; --               ; --                        ;
; etch_a_sketch:game_logic|Decoder0~443                                 ; Unassigned ; 3       ; Clock enable ; no     ; --                   ; --               ; --                        ;
; etch_a_sketch:game_logic|Decoder0~444                                 ; Unassigned ; 3       ; Clock enable ; no     ; --                   ; --               ; --                        ;
; etch_a_sketch:game_logic|Decoder0~445                                 ; Unassigned ; 3       ; Clock enable ; no     ; --                   ; --               ; --                        ;
; etch_a_sketch:game_logic|Decoder0~446                                 ; Unassigned ; 3       ; Clock enable ; no     ; --                   ; --               ; --                        ;
; etch_a_sketch:game_logic|Decoder0~447                                 ; Unassigned ; 3       ; Clock enable ; no     ; --                   ; --               ; --                        ;
; etch_a_sketch:game_logic|Decoder0~448                                 ; Unassigned ; 3       ; Clock enable ; no     ; --                   ; --               ; --                        ;
; etch_a_sketch:game_logic|Decoder0~449                                 ; Unassigned ; 3       ; Clock enable ; no     ; --                   ; --               ; --                        ;
; etch_a_sketch:game_logic|Decoder0~45                                  ; Unassigned ; 3       ; Clock enable ; no     ; --                   ; --               ; --                        ;
; etch_a_sketch:game_logic|Decoder0~450                                 ; Unassigned ; 3       ; Clock enable ; no     ; --                   ; --               ; --                        ;
; etch_a_sketch:game_logic|Decoder0~451                                 ; Unassigned ; 3       ; Clock enable ; no     ; --                   ; --               ; --                        ;
; etch_a_sketch:game_logic|Decoder0~453                                 ; Unassigned ; 3       ; Clock enable ; no     ; --                   ; --               ; --                        ;
; etch_a_sketch:game_logic|Decoder0~454                                 ; Unassigned ; 3       ; Clock enable ; no     ; --                   ; --               ; --                        ;
; etch_a_sketch:game_logic|Decoder0~455                                 ; Unassigned ; 3       ; Clock enable ; no     ; --                   ; --               ; --                        ;
; etch_a_sketch:game_logic|Decoder0~456                                 ; Unassigned ; 3       ; Clock enable ; no     ; --                   ; --               ; --                        ;
; etch_a_sketch:game_logic|Decoder0~457                                 ; Unassigned ; 3       ; Clock enable ; no     ; --                   ; --               ; --                        ;
; etch_a_sketch:game_logic|Decoder0~458                                 ; Unassigned ; 3       ; Clock enable ; no     ; --                   ; --               ; --                        ;
; etch_a_sketch:game_logic|Decoder0~459                                 ; Unassigned ; 3       ; Clock enable ; no     ; --                   ; --               ; --                        ;
; etch_a_sketch:game_logic|Decoder0~46                                  ; Unassigned ; 3       ; Clock enable ; no     ; --                   ; --               ; --                        ;
; etch_a_sketch:game_logic|Decoder0~460                                 ; Unassigned ; 3       ; Clock enable ; no     ; --                   ; --               ; --                        ;
; etch_a_sketch:game_logic|Decoder0~461                                 ; Unassigned ; 3       ; Clock enable ; no     ; --                   ; --               ; --                        ;
; etch_a_sketch:game_logic|Decoder0~462                                 ; Unassigned ; 3       ; Clock enable ; no     ; --                   ; --               ; --                        ;
; etch_a_sketch:game_logic|Decoder0~463                                 ; Unassigned ; 3       ; Clock enable ; no     ; --                   ; --               ; --                        ;
; etch_a_sketch:game_logic|Decoder0~464                                 ; Unassigned ; 3       ; Clock enable ; no     ; --                   ; --               ; --                        ;
; etch_a_sketch:game_logic|Decoder0~465                                 ; Unassigned ; 3       ; Clock enable ; no     ; --                   ; --               ; --                        ;
; etch_a_sketch:game_logic|Decoder0~466                                 ; Unassigned ; 3       ; Clock enable ; no     ; --                   ; --               ; --                        ;
; etch_a_sketch:game_logic|Decoder0~467                                 ; Unassigned ; 3       ; Clock enable ; no     ; --                   ; --               ; --                        ;
; etch_a_sketch:game_logic|Decoder0~468                                 ; Unassigned ; 3       ; Clock enable ; no     ; --                   ; --               ; --                        ;
; etch_a_sketch:game_logic|Decoder0~469                                 ; Unassigned ; 3       ; Clock enable ; no     ; --                   ; --               ; --                        ;
; etch_a_sketch:game_logic|Decoder0~47                                  ; Unassigned ; 3       ; Clock enable ; no     ; --                   ; --               ; --                        ;
; etch_a_sketch:game_logic|Decoder0~470                                 ; Unassigned ; 3       ; Clock enable ; no     ; --                   ; --               ; --                        ;
; etch_a_sketch:game_logic|Decoder0~471                                 ; Unassigned ; 3       ; Clock enable ; no     ; --                   ; --               ; --                        ;
; etch_a_sketch:game_logic|Decoder0~472                                 ; Unassigned ; 3       ; Clock enable ; no     ; --                   ; --               ; --                        ;
; etch_a_sketch:game_logic|Decoder0~473                                 ; Unassigned ; 3       ; Clock enable ; no     ; --                   ; --               ; --                        ;
; etch_a_sketch:game_logic|Decoder0~474                                 ; Unassigned ; 3       ; Clock enable ; no     ; --                   ; --               ; --                        ;
; etch_a_sketch:game_logic|Decoder0~475                                 ; Unassigned ; 3       ; Clock enable ; no     ; --                   ; --               ; --                        ;
; etch_a_sketch:game_logic|Decoder0~476                                 ; Unassigned ; 3       ; Clock enable ; no     ; --                   ; --               ; --                        ;
; etch_a_sketch:game_logic|Decoder0~477                                 ; Unassigned ; 3       ; Clock enable ; no     ; --                   ; --               ; --                        ;
; etch_a_sketch:game_logic|Decoder0~478                                 ; Unassigned ; 3       ; Clock enable ; no     ; --                   ; --               ; --                        ;
; etch_a_sketch:game_logic|Decoder0~479                                 ; Unassigned ; 3       ; Clock enable ; no     ; --                   ; --               ; --                        ;
; etch_a_sketch:game_logic|Decoder0~480                                 ; Unassigned ; 3       ; Clock enable ; no     ; --                   ; --               ; --                        ;
; etch_a_sketch:game_logic|Decoder0~481                                 ; Unassigned ; 3       ; Clock enable ; no     ; --                   ; --               ; --                        ;
; etch_a_sketch:game_logic|Decoder0~482                                 ; Unassigned ; 3       ; Clock enable ; no     ; --                   ; --               ; --                        ;
; etch_a_sketch:game_logic|Decoder0~483                                 ; Unassigned ; 3       ; Clock enable ; no     ; --                   ; --               ; --                        ;
; etch_a_sketch:game_logic|Decoder0~484                                 ; Unassigned ; 3       ; Clock enable ; no     ; --                   ; --               ; --                        ;
; etch_a_sketch:game_logic|Decoder0~485                                 ; Unassigned ; 3       ; Clock enable ; no     ; --                   ; --               ; --                        ;
; etch_a_sketch:game_logic|Decoder0~486                                 ; Unassigned ; 3       ; Clock enable ; no     ; --                   ; --               ; --                        ;
; etch_a_sketch:game_logic|Decoder0~487                                 ; Unassigned ; 3       ; Clock enable ; no     ; --                   ; --               ; --                        ;
; etch_a_sketch:game_logic|Decoder0~488                                 ; Unassigned ; 3       ; Clock enable ; no     ; --                   ; --               ; --                        ;
; etch_a_sketch:game_logic|Decoder0~489                                 ; Unassigned ; 3       ; Clock enable ; no     ; --                   ; --               ; --                        ;
; etch_a_sketch:game_logic|Decoder0~49                                  ; Unassigned ; 3       ; Clock enable ; no     ; --                   ; --               ; --                        ;
; etch_a_sketch:game_logic|Decoder0~490                                 ; Unassigned ; 3       ; Clock enable ; no     ; --                   ; --               ; --                        ;
; etch_a_sketch:game_logic|Decoder0~491                                 ; Unassigned ; 3       ; Clock enable ; no     ; --                   ; --               ; --                        ;
; etch_a_sketch:game_logic|Decoder0~492                                 ; Unassigned ; 3       ; Clock enable ; no     ; --                   ; --               ; --                        ;
; etch_a_sketch:game_logic|Decoder0~493                                 ; Unassigned ; 3       ; Clock enable ; no     ; --                   ; --               ; --                        ;
; etch_a_sketch:game_logic|Decoder0~494                                 ; Unassigned ; 3       ; Clock enable ; no     ; --                   ; --               ; --                        ;
; etch_a_sketch:game_logic|Decoder0~495                                 ; Unassigned ; 3       ; Clock enable ; no     ; --                   ; --               ; --                        ;
; etch_a_sketch:game_logic|Decoder0~496                                 ; Unassigned ; 3       ; Clock enable ; no     ; --                   ; --               ; --                        ;
; etch_a_sketch:game_logic|Decoder0~497                                 ; Unassigned ; 3       ; Clock enable ; no     ; --                   ; --               ; --                        ;
; etch_a_sketch:game_logic|Decoder0~498                                 ; Unassigned ; 3       ; Clock enable ; no     ; --                   ; --               ; --                        ;
; etch_a_sketch:game_logic|Decoder0~499                                 ; Unassigned ; 3       ; Clock enable ; no     ; --                   ; --               ; --                        ;
; etch_a_sketch:game_logic|Decoder0~5                                   ; Unassigned ; 3       ; Clock enable ; no     ; --                   ; --               ; --                        ;
; etch_a_sketch:game_logic|Decoder0~50                                  ; Unassigned ; 3       ; Clock enable ; no     ; --                   ; --               ; --                        ;
; etch_a_sketch:game_logic|Decoder0~500                                 ; Unassigned ; 3       ; Clock enable ; no     ; --                   ; --               ; --                        ;
; etch_a_sketch:game_logic|Decoder0~501                                 ; Unassigned ; 3       ; Clock enable ; no     ; --                   ; --               ; --                        ;
; etch_a_sketch:game_logic|Decoder0~502                                 ; Unassigned ; 3       ; Clock enable ; no     ; --                   ; --               ; --                        ;
; etch_a_sketch:game_logic|Decoder0~503                                 ; Unassigned ; 3       ; Clock enable ; no     ; --                   ; --               ; --                        ;
; etch_a_sketch:game_logic|Decoder0~504                                 ; Unassigned ; 3       ; Clock enable ; no     ; --                   ; --               ; --                        ;
; etch_a_sketch:game_logic|Decoder0~505                                 ; Unassigned ; 3       ; Clock enable ; no     ; --                   ; --               ; --                        ;
; etch_a_sketch:game_logic|Decoder0~506                                 ; Unassigned ; 3       ; Clock enable ; no     ; --                   ; --               ; --                        ;
; etch_a_sketch:game_logic|Decoder0~507                                 ; Unassigned ; 3       ; Clock enable ; no     ; --                   ; --               ; --                        ;
; etch_a_sketch:game_logic|Decoder0~508                                 ; Unassigned ; 3       ; Clock enable ; no     ; --                   ; --               ; --                        ;
; etch_a_sketch:game_logic|Decoder0~509                                 ; Unassigned ; 3       ; Clock enable ; no     ; --                   ; --               ; --                        ;
; etch_a_sketch:game_logic|Decoder0~51                                  ; Unassigned ; 3       ; Clock enable ; no     ; --                   ; --               ; --                        ;
; etch_a_sketch:game_logic|Decoder0~510                                 ; Unassigned ; 3       ; Clock enable ; no     ; --                   ; --               ; --                        ;
; etch_a_sketch:game_logic|Decoder0~511                                 ; Unassigned ; 3       ; Clock enable ; no     ; --                   ; --               ; --                        ;
; etch_a_sketch:game_logic|Decoder0~512                                 ; Unassigned ; 3       ; Clock enable ; no     ; --                   ; --               ; --                        ;
; etch_a_sketch:game_logic|Decoder0~513                                 ; Unassigned ; 3       ; Clock enable ; no     ; --                   ; --               ; --                        ;
; etch_a_sketch:game_logic|Decoder0~514                                 ; Unassigned ; 3       ; Clock enable ; no     ; --                   ; --               ; --                        ;
; etch_a_sketch:game_logic|Decoder0~515                                 ; Unassigned ; 3       ; Clock enable ; no     ; --                   ; --               ; --                        ;
; etch_a_sketch:game_logic|Decoder0~516                                 ; Unassigned ; 3       ; Clock enable ; no     ; --                   ; --               ; --                        ;
; etch_a_sketch:game_logic|Decoder0~518                                 ; Unassigned ; 3       ; Clock enable ; no     ; --                   ; --               ; --                        ;
; etch_a_sketch:game_logic|Decoder0~519                                 ; Unassigned ; 3       ; Clock enable ; no     ; --                   ; --               ; --                        ;
; etch_a_sketch:game_logic|Decoder0~52                                  ; Unassigned ; 3       ; Clock enable ; no     ; --                   ; --               ; --                        ;
; etch_a_sketch:game_logic|Decoder0~520                                 ; Unassigned ; 3       ; Clock enable ; no     ; --                   ; --               ; --                        ;
; etch_a_sketch:game_logic|Decoder0~521                                 ; Unassigned ; 3       ; Clock enable ; no     ; --                   ; --               ; --                        ;
; etch_a_sketch:game_logic|Decoder0~522                                 ; Unassigned ; 3       ; Clock enable ; no     ; --                   ; --               ; --                        ;
; etch_a_sketch:game_logic|Decoder0~523                                 ; Unassigned ; 3       ; Clock enable ; no     ; --                   ; --               ; --                        ;
; etch_a_sketch:game_logic|Decoder0~524                                 ; Unassigned ; 3       ; Clock enable ; no     ; --                   ; --               ; --                        ;
; etch_a_sketch:game_logic|Decoder0~525                                 ; Unassigned ; 3       ; Clock enable ; no     ; --                   ; --               ; --                        ;
; etch_a_sketch:game_logic|Decoder0~526                                 ; Unassigned ; 3       ; Clock enable ; no     ; --                   ; --               ; --                        ;
; etch_a_sketch:game_logic|Decoder0~527                                 ; Unassigned ; 3       ; Clock enable ; no     ; --                   ; --               ; --                        ;
; etch_a_sketch:game_logic|Decoder0~528                                 ; Unassigned ; 3       ; Clock enable ; no     ; --                   ; --               ; --                        ;
; etch_a_sketch:game_logic|Decoder0~529                                 ; Unassigned ; 3       ; Clock enable ; no     ; --                   ; --               ; --                        ;
; etch_a_sketch:game_logic|Decoder0~530                                 ; Unassigned ; 3       ; Clock enable ; no     ; --                   ; --               ; --                        ;
; etch_a_sketch:game_logic|Decoder0~531                                 ; Unassigned ; 3       ; Clock enable ; no     ; --                   ; --               ; --                        ;
; etch_a_sketch:game_logic|Decoder0~532                                 ; Unassigned ; 3       ; Clock enable ; no     ; --                   ; --               ; --                        ;
; etch_a_sketch:game_logic|Decoder0~533                                 ; Unassigned ; 3       ; Clock enable ; no     ; --                   ; --               ; --                        ;
; etch_a_sketch:game_logic|Decoder0~534                                 ; Unassigned ; 3       ; Clock enable ; no     ; --                   ; --               ; --                        ;
; etch_a_sketch:game_logic|Decoder0~535                                 ; Unassigned ; 3       ; Clock enable ; no     ; --                   ; --               ; --                        ;
; etch_a_sketch:game_logic|Decoder0~536                                 ; Unassigned ; 3       ; Clock enable ; no     ; --                   ; --               ; --                        ;
; etch_a_sketch:game_logic|Decoder0~537                                 ; Unassigned ; 3       ; Clock enable ; no     ; --                   ; --               ; --                        ;
; etch_a_sketch:game_logic|Decoder0~538                                 ; Unassigned ; 3       ; Clock enable ; no     ; --                   ; --               ; --                        ;
; etch_a_sketch:game_logic|Decoder0~539                                 ; Unassigned ; 3       ; Clock enable ; no     ; --                   ; --               ; --                        ;
; etch_a_sketch:game_logic|Decoder0~54                                  ; Unassigned ; 3       ; Clock enable ; no     ; --                   ; --               ; --                        ;
; etch_a_sketch:game_logic|Decoder0~540                                 ; Unassigned ; 3       ; Clock enable ; no     ; --                   ; --               ; --                        ;
; etch_a_sketch:game_logic|Decoder0~541                                 ; Unassigned ; 3       ; Clock enable ; no     ; --                   ; --               ; --                        ;
; etch_a_sketch:game_logic|Decoder0~542                                 ; Unassigned ; 3       ; Clock enable ; no     ; --                   ; --               ; --                        ;
; etch_a_sketch:game_logic|Decoder0~543                                 ; Unassigned ; 3       ; Clock enable ; no     ; --                   ; --               ; --                        ;
; etch_a_sketch:game_logic|Decoder0~544                                 ; Unassigned ; 3       ; Clock enable ; no     ; --                   ; --               ; --                        ;
; etch_a_sketch:game_logic|Decoder0~545                                 ; Unassigned ; 3       ; Clock enable ; no     ; --                   ; --               ; --                        ;
; etch_a_sketch:game_logic|Decoder0~546                                 ; Unassigned ; 3       ; Clock enable ; no     ; --                   ; --               ; --                        ;
; etch_a_sketch:game_logic|Decoder0~547                                 ; Unassigned ; 3       ; Clock enable ; no     ; --                   ; --               ; --                        ;
; etch_a_sketch:game_logic|Decoder0~548                                 ; Unassigned ; 3       ; Clock enable ; no     ; --                   ; --               ; --                        ;
; etch_a_sketch:game_logic|Decoder0~549                                 ; Unassigned ; 3       ; Clock enable ; no     ; --                   ; --               ; --                        ;
; etch_a_sketch:game_logic|Decoder0~55                                  ; Unassigned ; 3       ; Clock enable ; no     ; --                   ; --               ; --                        ;
; etch_a_sketch:game_logic|Decoder0~550                                 ; Unassigned ; 3       ; Clock enable ; no     ; --                   ; --               ; --                        ;
; etch_a_sketch:game_logic|Decoder0~551                                 ; Unassigned ; 3       ; Clock enable ; no     ; --                   ; --               ; --                        ;
; etch_a_sketch:game_logic|Decoder0~552                                 ; Unassigned ; 3       ; Clock enable ; no     ; --                   ; --               ; --                        ;
; etch_a_sketch:game_logic|Decoder0~553                                 ; Unassigned ; 3       ; Clock enable ; no     ; --                   ; --               ; --                        ;
; etch_a_sketch:game_logic|Decoder0~554                                 ; Unassigned ; 3       ; Clock enable ; no     ; --                   ; --               ; --                        ;
; etch_a_sketch:game_logic|Decoder0~555                                 ; Unassigned ; 3       ; Clock enable ; no     ; --                   ; --               ; --                        ;
; etch_a_sketch:game_logic|Decoder0~556                                 ; Unassigned ; 3       ; Clock enable ; no     ; --                   ; --               ; --                        ;
; etch_a_sketch:game_logic|Decoder0~557                                 ; Unassigned ; 3       ; Clock enable ; no     ; --                   ; --               ; --                        ;
; etch_a_sketch:game_logic|Decoder0~558                                 ; Unassigned ; 3       ; Clock enable ; no     ; --                   ; --               ; --                        ;
; etch_a_sketch:game_logic|Decoder0~559                                 ; Unassigned ; 3       ; Clock enable ; no     ; --                   ; --               ; --                        ;
; etch_a_sketch:game_logic|Decoder0~56                                  ; Unassigned ; 3       ; Clock enable ; no     ; --                   ; --               ; --                        ;
; etch_a_sketch:game_logic|Decoder0~560                                 ; Unassigned ; 3       ; Clock enable ; no     ; --                   ; --               ; --                        ;
; etch_a_sketch:game_logic|Decoder0~561                                 ; Unassigned ; 3       ; Clock enable ; no     ; --                   ; --               ; --                        ;
; etch_a_sketch:game_logic|Decoder0~562                                 ; Unassigned ; 3       ; Clock enable ; no     ; --                   ; --               ; --                        ;
; etch_a_sketch:game_logic|Decoder0~563                                 ; Unassigned ; 3       ; Clock enable ; no     ; --                   ; --               ; --                        ;
; etch_a_sketch:game_logic|Decoder0~564                                 ; Unassigned ; 3       ; Clock enable ; no     ; --                   ; --               ; --                        ;
; etch_a_sketch:game_logic|Decoder0~565                                 ; Unassigned ; 3       ; Clock enable ; no     ; --                   ; --               ; --                        ;
; etch_a_sketch:game_logic|Decoder0~566                                 ; Unassigned ; 3       ; Clock enable ; no     ; --                   ; --               ; --                        ;
; etch_a_sketch:game_logic|Decoder0~567                                 ; Unassigned ; 3       ; Clock enable ; no     ; --                   ; --               ; --                        ;
; etch_a_sketch:game_logic|Decoder0~568                                 ; Unassigned ; 3       ; Clock enable ; no     ; --                   ; --               ; --                        ;
; etch_a_sketch:game_logic|Decoder0~569                                 ; Unassigned ; 3       ; Clock enable ; no     ; --                   ; --               ; --                        ;
; etch_a_sketch:game_logic|Decoder0~57                                  ; Unassigned ; 3       ; Clock enable ; no     ; --                   ; --               ; --                        ;
; etch_a_sketch:game_logic|Decoder0~570                                 ; Unassigned ; 3       ; Clock enable ; no     ; --                   ; --               ; --                        ;
; etch_a_sketch:game_logic|Decoder0~571                                 ; Unassigned ; 3       ; Clock enable ; no     ; --                   ; --               ; --                        ;
; etch_a_sketch:game_logic|Decoder0~572                                 ; Unassigned ; 3       ; Clock enable ; no     ; --                   ; --               ; --                        ;
; etch_a_sketch:game_logic|Decoder0~573                                 ; Unassigned ; 3       ; Clock enable ; no     ; --                   ; --               ; --                        ;
; etch_a_sketch:game_logic|Decoder0~574                                 ; Unassigned ; 3       ; Clock enable ; no     ; --                   ; --               ; --                        ;
; etch_a_sketch:game_logic|Decoder0~575                                 ; Unassigned ; 3       ; Clock enable ; no     ; --                   ; --               ; --                        ;
; etch_a_sketch:game_logic|Decoder0~576                                 ; Unassigned ; 3       ; Clock enable ; no     ; --                   ; --               ; --                        ;
; etch_a_sketch:game_logic|Decoder0~577                                 ; Unassigned ; 3       ; Clock enable ; no     ; --                   ; --               ; --                        ;
; etch_a_sketch:game_logic|Decoder0~578                                 ; Unassigned ; 3       ; Clock enable ; no     ; --                   ; --               ; --                        ;
; etch_a_sketch:game_logic|Decoder0~579                                 ; Unassigned ; 3       ; Clock enable ; no     ; --                   ; --               ; --                        ;
; etch_a_sketch:game_logic|Decoder0~580                                 ; Unassigned ; 3       ; Clock enable ; no     ; --                   ; --               ; --                        ;
; etch_a_sketch:game_logic|Decoder0~581                                 ; Unassigned ; 3       ; Clock enable ; no     ; --                   ; --               ; --                        ;
; etch_a_sketch:game_logic|Decoder0~59                                  ; Unassigned ; 3       ; Clock enable ; no     ; --                   ; --               ; --                        ;
; etch_a_sketch:game_logic|Decoder0~60                                  ; Unassigned ; 3       ; Clock enable ; no     ; --                   ; --               ; --                        ;
; etch_a_sketch:game_logic|Decoder0~61                                  ; Unassigned ; 3       ; Clock enable ; no     ; --                   ; --               ; --                        ;
; etch_a_sketch:game_logic|Decoder0~62                                  ; Unassigned ; 3       ; Clock enable ; no     ; --                   ; --               ; --                        ;
; etch_a_sketch:game_logic|Decoder0~64                                  ; Unassigned ; 3       ; Clock enable ; no     ; --                   ; --               ; --                        ;
; etch_a_sketch:game_logic|Decoder0~65                                  ; Unassigned ; 3       ; Clock enable ; no     ; --                   ; --               ; --                        ;
; etch_a_sketch:game_logic|Decoder0~66                                  ; Unassigned ; 3       ; Clock enable ; no     ; --                   ; --               ; --                        ;
; etch_a_sketch:game_logic|Decoder0~67                                  ; Unassigned ; 3       ; Clock enable ; no     ; --                   ; --               ; --                        ;
; etch_a_sketch:game_logic|Decoder0~69                                  ; Unassigned ; 3       ; Clock enable ; no     ; --                   ; --               ; --                        ;
; etch_a_sketch:game_logic|Decoder0~7                                   ; Unassigned ; 3       ; Clock enable ; no     ; --                   ; --               ; --                        ;
; etch_a_sketch:game_logic|Decoder0~70                                  ; Unassigned ; 3       ; Clock enable ; no     ; --                   ; --               ; --                        ;
; etch_a_sketch:game_logic|Decoder0~71                                  ; Unassigned ; 3       ; Clock enable ; no     ; --                   ; --               ; --                        ;
; etch_a_sketch:game_logic|Decoder0~72                                  ; Unassigned ; 3       ; Clock enable ; no     ; --                   ; --               ; --                        ;
; etch_a_sketch:game_logic|Decoder0~74                                  ; Unassigned ; 3       ; Clock enable ; no     ; --                   ; --               ; --                        ;
; etch_a_sketch:game_logic|Decoder0~75                                  ; Unassigned ; 3       ; Clock enable ; no     ; --                   ; --               ; --                        ;
; etch_a_sketch:game_logic|Decoder0~76                                  ; Unassigned ; 3       ; Clock enable ; no     ; --                   ; --               ; --                        ;
; etch_a_sketch:game_logic|Decoder0~77                                  ; Unassigned ; 3       ; Clock enable ; no     ; --                   ; --               ; --                        ;
; etch_a_sketch:game_logic|Decoder0~79                                  ; Unassigned ; 3       ; Clock enable ; no     ; --                   ; --               ; --                        ;
; etch_a_sketch:game_logic|Decoder0~80                                  ; Unassigned ; 3       ; Clock enable ; no     ; --                   ; --               ; --                        ;
; etch_a_sketch:game_logic|Decoder0~81                                  ; Unassigned ; 3       ; Clock enable ; no     ; --                   ; --               ; --                        ;
; etch_a_sketch:game_logic|Decoder0~82                                  ; Unassigned ; 3       ; Clock enable ; no     ; --                   ; --               ; --                        ;
; etch_a_sketch:game_logic|Decoder0~84                                  ; Unassigned ; 3       ; Clock enable ; no     ; --                   ; --               ; --                        ;
; etch_a_sketch:game_logic|Decoder0~85                                  ; Unassigned ; 3       ; Clock enable ; no     ; --                   ; --               ; --                        ;
; etch_a_sketch:game_logic|Decoder0~86                                  ; Unassigned ; 3       ; Clock enable ; no     ; --                   ; --               ; --                        ;
; etch_a_sketch:game_logic|Decoder0~87                                  ; Unassigned ; 3       ; Clock enable ; no     ; --                   ; --               ; --                        ;
; etch_a_sketch:game_logic|Decoder0~89                                  ; Unassigned ; 3       ; Clock enable ; no     ; --                   ; --               ; --                        ;
; etch_a_sketch:game_logic|Decoder0~9                                   ; Unassigned ; 3       ; Clock enable ; no     ; --                   ; --               ; --                        ;
; etch_a_sketch:game_logic|Decoder0~90                                  ; Unassigned ; 3       ; Clock enable ; no     ; --                   ; --               ; --                        ;
; etch_a_sketch:game_logic|Decoder0~91                                  ; Unassigned ; 3       ; Clock enable ; no     ; --                   ; --               ; --                        ;
; etch_a_sketch:game_logic|Decoder0~92                                  ; Unassigned ; 3       ; Clock enable ; no     ; --                   ; --               ; --                        ;
; etch_a_sketch:game_logic|Decoder0~94                                  ; Unassigned ; 3       ; Clock enable ; no     ; --                   ; --               ; --                        ;
; etch_a_sketch:game_logic|Decoder0~95                                  ; Unassigned ; 3       ; Clock enable ; no     ; --                   ; --               ; --                        ;
; etch_a_sketch:game_logic|Decoder0~96                                  ; Unassigned ; 3       ; Clock enable ; no     ; --                   ; --               ; --                        ;
; etch_a_sketch:game_logic|Decoder0~97                                  ; Unassigned ; 3       ; Clock enable ; no     ; --                   ; --               ; --                        ;
; etch_a_sketch:game_logic|Decoder0~99                                  ; Unassigned ; 3       ; Clock enable ; no     ; --                   ; --               ; --                        ;
; etch_a_sketch:game_logic|cursor_pos[7]~7                              ; Unassigned ; 3       ; Clock enable ; no     ; --                   ; --               ; --                        ;
; led_matrix_ctrl_path:ctrl_path|CE                                     ; Unassigned ; 66      ; Clock enable ; no     ; --                   ; --               ; --                        ;
; led_matrix_ctrl_path:ctrl_path|WideOr7                                ; Unassigned ; 32      ; Sync. clear  ; no     ; --                   ; --               ; --                        ;
; led_matrix_data_path:data_path|two_port_ram:color_matrix|Decoder0~10  ; Unassigned ; 3       ; Clock enable ; no     ; --                   ; --               ; --                        ;
; led_matrix_data_path:data_path|two_port_ram:color_matrix|Decoder0~100 ; Unassigned ; 3       ; Clock enable ; no     ; --                   ; --               ; --                        ;
; led_matrix_data_path:data_path|two_port_ram:color_matrix|Decoder0~102 ; Unassigned ; 3       ; Clock enable ; no     ; --                   ; --               ; --                        ;
; led_matrix_data_path:data_path|two_port_ram:color_matrix|Decoder0~103 ; Unassigned ; 3       ; Clock enable ; no     ; --                   ; --               ; --                        ;
; led_matrix_data_path:data_path|two_port_ram:color_matrix|Decoder0~104 ; Unassigned ; 3       ; Clock enable ; no     ; --                   ; --               ; --                        ;
; led_matrix_data_path:data_path|two_port_ram:color_matrix|Decoder0~105 ; Unassigned ; 3       ; Clock enable ; no     ; --                   ; --               ; --                        ;
; led_matrix_data_path:data_path|two_port_ram:color_matrix|Decoder0~106 ; Unassigned ; 3       ; Clock enable ; no     ; --                   ; --               ; --                        ;
; led_matrix_data_path:data_path|two_port_ram:color_matrix|Decoder0~107 ; Unassigned ; 3       ; Clock enable ; no     ; --                   ; --               ; --                        ;
; led_matrix_data_path:data_path|two_port_ram:color_matrix|Decoder0~108 ; Unassigned ; 3       ; Clock enable ; no     ; --                   ; --               ; --                        ;
; led_matrix_data_path:data_path|two_port_ram:color_matrix|Decoder0~109 ; Unassigned ; 3       ; Clock enable ; no     ; --                   ; --               ; --                        ;
; led_matrix_data_path:data_path|two_port_ram:color_matrix|Decoder0~110 ; Unassigned ; 3       ; Clock enable ; no     ; --                   ; --               ; --                        ;
; led_matrix_data_path:data_path|two_port_ram:color_matrix|Decoder0~111 ; Unassigned ; 3       ; Clock enable ; no     ; --                   ; --               ; --                        ;
; led_matrix_data_path:data_path|two_port_ram:color_matrix|Decoder0~112 ; Unassigned ; 3       ; Clock enable ; no     ; --                   ; --               ; --                        ;
; led_matrix_data_path:data_path|two_port_ram:color_matrix|Decoder0~113 ; Unassigned ; 3       ; Clock enable ; no     ; --                   ; --               ; --                        ;
; led_matrix_data_path:data_path|two_port_ram:color_matrix|Decoder0~114 ; Unassigned ; 3       ; Clock enable ; no     ; --                   ; --               ; --                        ;
; led_matrix_data_path:data_path|two_port_ram:color_matrix|Decoder0~115 ; Unassigned ; 3       ; Clock enable ; no     ; --                   ; --               ; --                        ;
; led_matrix_data_path:data_path|two_port_ram:color_matrix|Decoder0~116 ; Unassigned ; 3       ; Clock enable ; no     ; --                   ; --               ; --                        ;
; led_matrix_data_path:data_path|two_port_ram:color_matrix|Decoder0~117 ; Unassigned ; 3       ; Clock enable ; no     ; --                   ; --               ; --                        ;
; led_matrix_data_path:data_path|two_port_ram:color_matrix|Decoder0~118 ; Unassigned ; 3       ; Clock enable ; no     ; --                   ; --               ; --                        ;
; led_matrix_data_path:data_path|two_port_ram:color_matrix|Decoder0~119 ; Unassigned ; 3       ; Clock enable ; no     ; --                   ; --               ; --                        ;
; led_matrix_data_path:data_path|two_port_ram:color_matrix|Decoder0~12  ; Unassigned ; 3       ; Clock enable ; no     ; --                   ; --               ; --                        ;
; led_matrix_data_path:data_path|two_port_ram:color_matrix|Decoder0~120 ; Unassigned ; 3       ; Clock enable ; no     ; --                   ; --               ; --                        ;
; led_matrix_data_path:data_path|two_port_ram:color_matrix|Decoder0~121 ; Unassigned ; 3       ; Clock enable ; no     ; --                   ; --               ; --                        ;
; led_matrix_data_path:data_path|two_port_ram:color_matrix|Decoder0~122 ; Unassigned ; 3       ; Clock enable ; no     ; --                   ; --               ; --                        ;
; led_matrix_data_path:data_path|two_port_ram:color_matrix|Decoder0~123 ; Unassigned ; 3       ; Clock enable ; no     ; --                   ; --               ; --                        ;
; led_matrix_data_path:data_path|two_port_ram:color_matrix|Decoder0~124 ; Unassigned ; 3       ; Clock enable ; no     ; --                   ; --               ; --                        ;
; led_matrix_data_path:data_path|two_port_ram:color_matrix|Decoder0~125 ; Unassigned ; 3       ; Clock enable ; no     ; --                   ; --               ; --                        ;
; led_matrix_data_path:data_path|two_port_ram:color_matrix|Decoder0~126 ; Unassigned ; 3       ; Clock enable ; no     ; --                   ; --               ; --                        ;
; led_matrix_data_path:data_path|two_port_ram:color_matrix|Decoder0~127 ; Unassigned ; 3       ; Clock enable ; no     ; --                   ; --               ; --                        ;
; led_matrix_data_path:data_path|two_port_ram:color_matrix|Decoder0~128 ; Unassigned ; 3       ; Clock enable ; no     ; --                   ; --               ; --                        ;
; led_matrix_data_path:data_path|two_port_ram:color_matrix|Decoder0~129 ; Unassigned ; 3       ; Clock enable ; no     ; --                   ; --               ; --                        ;
; led_matrix_data_path:data_path|two_port_ram:color_matrix|Decoder0~130 ; Unassigned ; 3       ; Clock enable ; no     ; --                   ; --               ; --                        ;
; led_matrix_data_path:data_path|two_port_ram:color_matrix|Decoder0~131 ; Unassigned ; 3       ; Clock enable ; no     ; --                   ; --               ; --                        ;
; led_matrix_data_path:data_path|two_port_ram:color_matrix|Decoder0~132 ; Unassigned ; 3       ; Clock enable ; no     ; --                   ; --               ; --                        ;
; led_matrix_data_path:data_path|two_port_ram:color_matrix|Decoder0~133 ; Unassigned ; 3       ; Clock enable ; no     ; --                   ; --               ; --                        ;
; led_matrix_data_path:data_path|two_port_ram:color_matrix|Decoder0~134 ; Unassigned ; 3       ; Clock enable ; no     ; --                   ; --               ; --                        ;
; led_matrix_data_path:data_path|two_port_ram:color_matrix|Decoder0~135 ; Unassigned ; 3       ; Clock enable ; no     ; --                   ; --               ; --                        ;
; led_matrix_data_path:data_path|two_port_ram:color_matrix|Decoder0~136 ; Unassigned ; 3       ; Clock enable ; no     ; --                   ; --               ; --                        ;
; led_matrix_data_path:data_path|two_port_ram:color_matrix|Decoder0~137 ; Unassigned ; 3       ; Clock enable ; no     ; --                   ; --               ; --                        ;
; led_matrix_data_path:data_path|two_port_ram:color_matrix|Decoder0~138 ; Unassigned ; 3       ; Clock enable ; no     ; --                   ; --               ; --                        ;
; led_matrix_data_path:data_path|two_port_ram:color_matrix|Decoder0~139 ; Unassigned ; 3       ; Clock enable ; no     ; --                   ; --               ; --                        ;
; led_matrix_data_path:data_path|two_port_ram:color_matrix|Decoder0~14  ; Unassigned ; 3       ; Clock enable ; no     ; --                   ; --               ; --                        ;
; led_matrix_data_path:data_path|two_port_ram:color_matrix|Decoder0~140 ; Unassigned ; 3       ; Clock enable ; no     ; --                   ; --               ; --                        ;
; led_matrix_data_path:data_path|two_port_ram:color_matrix|Decoder0~141 ; Unassigned ; 3       ; Clock enable ; no     ; --                   ; --               ; --                        ;
; led_matrix_data_path:data_path|two_port_ram:color_matrix|Decoder0~142 ; Unassigned ; 3       ; Clock enable ; no     ; --                   ; --               ; --                        ;
; led_matrix_data_path:data_path|two_port_ram:color_matrix|Decoder0~143 ; Unassigned ; 3       ; Clock enable ; no     ; --                   ; --               ; --                        ;
; led_matrix_data_path:data_path|two_port_ram:color_matrix|Decoder0~144 ; Unassigned ; 3       ; Clock enable ; no     ; --                   ; --               ; --                        ;
; led_matrix_data_path:data_path|two_port_ram:color_matrix|Decoder0~145 ; Unassigned ; 3       ; Clock enable ; no     ; --                   ; --               ; --                        ;
; led_matrix_data_path:data_path|two_port_ram:color_matrix|Decoder0~146 ; Unassigned ; 3       ; Clock enable ; no     ; --                   ; --               ; --                        ;
; led_matrix_data_path:data_path|two_port_ram:color_matrix|Decoder0~147 ; Unassigned ; 3       ; Clock enable ; no     ; --                   ; --               ; --                        ;
; led_matrix_data_path:data_path|two_port_ram:color_matrix|Decoder0~148 ; Unassigned ; 3       ; Clock enable ; no     ; --                   ; --               ; --                        ;
; led_matrix_data_path:data_path|two_port_ram:color_matrix|Decoder0~149 ; Unassigned ; 3       ; Clock enable ; no     ; --                   ; --               ; --                        ;
; led_matrix_data_path:data_path|two_port_ram:color_matrix|Decoder0~150 ; Unassigned ; 3       ; Clock enable ; no     ; --                   ; --               ; --                        ;
; led_matrix_data_path:data_path|two_port_ram:color_matrix|Decoder0~151 ; Unassigned ; 3       ; Clock enable ; no     ; --                   ; --               ; --                        ;
; led_matrix_data_path:data_path|two_port_ram:color_matrix|Decoder0~152 ; Unassigned ; 3       ; Clock enable ; no     ; --                   ; --               ; --                        ;
; led_matrix_data_path:data_path|two_port_ram:color_matrix|Decoder0~153 ; Unassigned ; 3       ; Clock enable ; no     ; --                   ; --               ; --                        ;
; led_matrix_data_path:data_path|two_port_ram:color_matrix|Decoder0~154 ; Unassigned ; 3       ; Clock enable ; no     ; --                   ; --               ; --                        ;
; led_matrix_data_path:data_path|two_port_ram:color_matrix|Decoder0~155 ; Unassigned ; 3       ; Clock enable ; no     ; --                   ; --               ; --                        ;
; led_matrix_data_path:data_path|two_port_ram:color_matrix|Decoder0~156 ; Unassigned ; 3       ; Clock enable ; no     ; --                   ; --               ; --                        ;
; led_matrix_data_path:data_path|two_port_ram:color_matrix|Decoder0~157 ; Unassigned ; 3       ; Clock enable ; no     ; --                   ; --               ; --                        ;
; led_matrix_data_path:data_path|two_port_ram:color_matrix|Decoder0~158 ; Unassigned ; 3       ; Clock enable ; no     ; --                   ; --               ; --                        ;
; led_matrix_data_path:data_path|two_port_ram:color_matrix|Decoder0~159 ; Unassigned ; 3       ; Clock enable ; no     ; --                   ; --               ; --                        ;
; led_matrix_data_path:data_path|two_port_ram:color_matrix|Decoder0~16  ; Unassigned ; 3       ; Clock enable ; no     ; --                   ; --               ; --                        ;
; led_matrix_data_path:data_path|two_port_ram:color_matrix|Decoder0~160 ; Unassigned ; 3       ; Clock enable ; no     ; --                   ; --               ; --                        ;
; led_matrix_data_path:data_path|two_port_ram:color_matrix|Decoder0~161 ; Unassigned ; 3       ; Clock enable ; no     ; --                   ; --               ; --                        ;
; led_matrix_data_path:data_path|two_port_ram:color_matrix|Decoder0~162 ; Unassigned ; 3       ; Clock enable ; no     ; --                   ; --               ; --                        ;
; led_matrix_data_path:data_path|two_port_ram:color_matrix|Decoder0~163 ; Unassigned ; 3       ; Clock enable ; no     ; --                   ; --               ; --                        ;
; led_matrix_data_path:data_path|two_port_ram:color_matrix|Decoder0~165 ; Unassigned ; 3       ; Clock enable ; no     ; --                   ; --               ; --                        ;
; led_matrix_data_path:data_path|two_port_ram:color_matrix|Decoder0~166 ; Unassigned ; 3       ; Clock enable ; no     ; --                   ; --               ; --                        ;
; led_matrix_data_path:data_path|two_port_ram:color_matrix|Decoder0~167 ; Unassigned ; 3       ; Clock enable ; no     ; --                   ; --               ; --                        ;
; led_matrix_data_path:data_path|two_port_ram:color_matrix|Decoder0~168 ; Unassigned ; 3       ; Clock enable ; no     ; --                   ; --               ; --                        ;
; led_matrix_data_path:data_path|two_port_ram:color_matrix|Decoder0~169 ; Unassigned ; 3       ; Clock enable ; no     ; --                   ; --               ; --                        ;
; led_matrix_data_path:data_path|two_port_ram:color_matrix|Decoder0~170 ; Unassigned ; 3       ; Clock enable ; no     ; --                   ; --               ; --                        ;
; led_matrix_data_path:data_path|two_port_ram:color_matrix|Decoder0~171 ; Unassigned ; 3       ; Clock enable ; no     ; --                   ; --               ; --                        ;
; led_matrix_data_path:data_path|two_port_ram:color_matrix|Decoder0~172 ; Unassigned ; 3       ; Clock enable ; no     ; --                   ; --               ; --                        ;
; led_matrix_data_path:data_path|two_port_ram:color_matrix|Decoder0~173 ; Unassigned ; 3       ; Clock enable ; no     ; --                   ; --               ; --                        ;
; led_matrix_data_path:data_path|two_port_ram:color_matrix|Decoder0~174 ; Unassigned ; 3       ; Clock enable ; no     ; --                   ; --               ; --                        ;
; led_matrix_data_path:data_path|two_port_ram:color_matrix|Decoder0~175 ; Unassigned ; 3       ; Clock enable ; no     ; --                   ; --               ; --                        ;
; led_matrix_data_path:data_path|two_port_ram:color_matrix|Decoder0~176 ; Unassigned ; 3       ; Clock enable ; no     ; --                   ; --               ; --                        ;
; led_matrix_data_path:data_path|two_port_ram:color_matrix|Decoder0~177 ; Unassigned ; 3       ; Clock enable ; no     ; --                   ; --               ; --                        ;
; led_matrix_data_path:data_path|two_port_ram:color_matrix|Decoder0~178 ; Unassigned ; 3       ; Clock enable ; no     ; --                   ; --               ; --                        ;
; led_matrix_data_path:data_path|two_port_ram:color_matrix|Decoder0~179 ; Unassigned ; 3       ; Clock enable ; no     ; --                   ; --               ; --                        ;
; led_matrix_data_path:data_path|two_port_ram:color_matrix|Decoder0~18  ; Unassigned ; 3       ; Clock enable ; no     ; --                   ; --               ; --                        ;
; led_matrix_data_path:data_path|two_port_ram:color_matrix|Decoder0~180 ; Unassigned ; 3       ; Clock enable ; no     ; --                   ; --               ; --                        ;
; led_matrix_data_path:data_path|two_port_ram:color_matrix|Decoder0~181 ; Unassigned ; 3       ; Clock enable ; no     ; --                   ; --               ; --                        ;
; led_matrix_data_path:data_path|two_port_ram:color_matrix|Decoder0~182 ; Unassigned ; 3       ; Clock enable ; no     ; --                   ; --               ; --                        ;
; led_matrix_data_path:data_path|two_port_ram:color_matrix|Decoder0~183 ; Unassigned ; 3       ; Clock enable ; no     ; --                   ; --               ; --                        ;
; led_matrix_data_path:data_path|two_port_ram:color_matrix|Decoder0~184 ; Unassigned ; 3       ; Clock enable ; no     ; --                   ; --               ; --                        ;
; led_matrix_data_path:data_path|two_port_ram:color_matrix|Decoder0~185 ; Unassigned ; 3       ; Clock enable ; no     ; --                   ; --               ; --                        ;
; led_matrix_data_path:data_path|two_port_ram:color_matrix|Decoder0~186 ; Unassigned ; 3       ; Clock enable ; no     ; --                   ; --               ; --                        ;
; led_matrix_data_path:data_path|two_port_ram:color_matrix|Decoder0~187 ; Unassigned ; 3       ; Clock enable ; no     ; --                   ; --               ; --                        ;
; led_matrix_data_path:data_path|two_port_ram:color_matrix|Decoder0~188 ; Unassigned ; 3       ; Clock enable ; no     ; --                   ; --               ; --                        ;
; led_matrix_data_path:data_path|two_port_ram:color_matrix|Decoder0~189 ; Unassigned ; 3       ; Clock enable ; no     ; --                   ; --               ; --                        ;
; led_matrix_data_path:data_path|two_port_ram:color_matrix|Decoder0~190 ; Unassigned ; 3       ; Clock enable ; no     ; --                   ; --               ; --                        ;
; led_matrix_data_path:data_path|two_port_ram:color_matrix|Decoder0~191 ; Unassigned ; 3       ; Clock enable ; no     ; --                   ; --               ; --                        ;
; led_matrix_data_path:data_path|two_port_ram:color_matrix|Decoder0~192 ; Unassigned ; 3       ; Clock enable ; no     ; --                   ; --               ; --                        ;
; led_matrix_data_path:data_path|two_port_ram:color_matrix|Decoder0~193 ; Unassigned ; 3       ; Clock enable ; no     ; --                   ; --               ; --                        ;
; led_matrix_data_path:data_path|two_port_ram:color_matrix|Decoder0~194 ; Unassigned ; 3       ; Clock enable ; no     ; --                   ; --               ; --                        ;
; led_matrix_data_path:data_path|two_port_ram:color_matrix|Decoder0~195 ; Unassigned ; 3       ; Clock enable ; no     ; --                   ; --               ; --                        ;
; led_matrix_data_path:data_path|two_port_ram:color_matrix|Decoder0~196 ; Unassigned ; 3       ; Clock enable ; no     ; --                   ; --               ; --                        ;
; led_matrix_data_path:data_path|two_port_ram:color_matrix|Decoder0~198 ; Unassigned ; 3       ; Clock enable ; no     ; --                   ; --               ; --                        ;
; led_matrix_data_path:data_path|two_port_ram:color_matrix|Decoder0~199 ; Unassigned ; 3       ; Clock enable ; no     ; --                   ; --               ; --                        ;
; led_matrix_data_path:data_path|two_port_ram:color_matrix|Decoder0~2   ; Unassigned ; 3       ; Clock enable ; no     ; --                   ; --               ; --                        ;
; led_matrix_data_path:data_path|two_port_ram:color_matrix|Decoder0~20  ; Unassigned ; 3       ; Clock enable ; no     ; --                   ; --               ; --                        ;
; led_matrix_data_path:data_path|two_port_ram:color_matrix|Decoder0~200 ; Unassigned ; 3       ; Clock enable ; no     ; --                   ; --               ; --                        ;
; led_matrix_data_path:data_path|two_port_ram:color_matrix|Decoder0~201 ; Unassigned ; 3       ; Clock enable ; no     ; --                   ; --               ; --                        ;
; led_matrix_data_path:data_path|two_port_ram:color_matrix|Decoder0~202 ; Unassigned ; 3       ; Clock enable ; no     ; --                   ; --               ; --                        ;
; led_matrix_data_path:data_path|two_port_ram:color_matrix|Decoder0~203 ; Unassigned ; 3       ; Clock enable ; no     ; --                   ; --               ; --                        ;
; led_matrix_data_path:data_path|two_port_ram:color_matrix|Decoder0~204 ; Unassigned ; 3       ; Clock enable ; no     ; --                   ; --               ; --                        ;
; led_matrix_data_path:data_path|two_port_ram:color_matrix|Decoder0~205 ; Unassigned ; 3       ; Clock enable ; no     ; --                   ; --               ; --                        ;
; led_matrix_data_path:data_path|two_port_ram:color_matrix|Decoder0~206 ; Unassigned ; 3       ; Clock enable ; no     ; --                   ; --               ; --                        ;
; led_matrix_data_path:data_path|two_port_ram:color_matrix|Decoder0~207 ; Unassigned ; 3       ; Clock enable ; no     ; --                   ; --               ; --                        ;
; led_matrix_data_path:data_path|two_port_ram:color_matrix|Decoder0~208 ; Unassigned ; 3       ; Clock enable ; no     ; --                   ; --               ; --                        ;
; led_matrix_data_path:data_path|two_port_ram:color_matrix|Decoder0~209 ; Unassigned ; 3       ; Clock enable ; no     ; --                   ; --               ; --                        ;
; led_matrix_data_path:data_path|two_port_ram:color_matrix|Decoder0~210 ; Unassigned ; 3       ; Clock enable ; no     ; --                   ; --               ; --                        ;
; led_matrix_data_path:data_path|two_port_ram:color_matrix|Decoder0~211 ; Unassigned ; 3       ; Clock enable ; no     ; --                   ; --               ; --                        ;
; led_matrix_data_path:data_path|two_port_ram:color_matrix|Decoder0~212 ; Unassigned ; 3       ; Clock enable ; no     ; --                   ; --               ; --                        ;
; led_matrix_data_path:data_path|two_port_ram:color_matrix|Decoder0~213 ; Unassigned ; 3       ; Clock enable ; no     ; --                   ; --               ; --                        ;
; led_matrix_data_path:data_path|two_port_ram:color_matrix|Decoder0~214 ; Unassigned ; 3       ; Clock enable ; no     ; --                   ; --               ; --                        ;
; led_matrix_data_path:data_path|two_port_ram:color_matrix|Decoder0~215 ; Unassigned ; 3       ; Clock enable ; no     ; --                   ; --               ; --                        ;
; led_matrix_data_path:data_path|two_port_ram:color_matrix|Decoder0~216 ; Unassigned ; 3       ; Clock enable ; no     ; --                   ; --               ; --                        ;
; led_matrix_data_path:data_path|two_port_ram:color_matrix|Decoder0~217 ; Unassigned ; 3       ; Clock enable ; no     ; --                   ; --               ; --                        ;
; led_matrix_data_path:data_path|two_port_ram:color_matrix|Decoder0~218 ; Unassigned ; 3       ; Clock enable ; no     ; --                   ; --               ; --                        ;
; led_matrix_data_path:data_path|two_port_ram:color_matrix|Decoder0~219 ; Unassigned ; 3       ; Clock enable ; no     ; --                   ; --               ; --                        ;
; led_matrix_data_path:data_path|two_port_ram:color_matrix|Decoder0~22  ; Unassigned ; 3       ; Clock enable ; no     ; --                   ; --               ; --                        ;
; led_matrix_data_path:data_path|two_port_ram:color_matrix|Decoder0~220 ; Unassigned ; 3       ; Clock enable ; no     ; --                   ; --               ; --                        ;
; led_matrix_data_path:data_path|two_port_ram:color_matrix|Decoder0~221 ; Unassigned ; 3       ; Clock enable ; no     ; --                   ; --               ; --                        ;
; led_matrix_data_path:data_path|two_port_ram:color_matrix|Decoder0~222 ; Unassigned ; 3       ; Clock enable ; no     ; --                   ; --               ; --                        ;
; led_matrix_data_path:data_path|two_port_ram:color_matrix|Decoder0~223 ; Unassigned ; 3       ; Clock enable ; no     ; --                   ; --               ; --                        ;
; led_matrix_data_path:data_path|two_port_ram:color_matrix|Decoder0~224 ; Unassigned ; 3       ; Clock enable ; no     ; --                   ; --               ; --                        ;
; led_matrix_data_path:data_path|two_port_ram:color_matrix|Decoder0~225 ; Unassigned ; 3       ; Clock enable ; no     ; --                   ; --               ; --                        ;
; led_matrix_data_path:data_path|two_port_ram:color_matrix|Decoder0~226 ; Unassigned ; 3       ; Clock enable ; no     ; --                   ; --               ; --                        ;
; led_matrix_data_path:data_path|two_port_ram:color_matrix|Decoder0~227 ; Unassigned ; 3       ; Clock enable ; no     ; --                   ; --               ; --                        ;
; led_matrix_data_path:data_path|two_port_ram:color_matrix|Decoder0~228 ; Unassigned ; 3       ; Clock enable ; no     ; --                   ; --               ; --                        ;
; led_matrix_data_path:data_path|two_port_ram:color_matrix|Decoder0~229 ; Unassigned ; 3       ; Clock enable ; no     ; --                   ; --               ; --                        ;
; led_matrix_data_path:data_path|two_port_ram:color_matrix|Decoder0~231 ; Unassigned ; 3       ; Clock enable ; no     ; --                   ; --               ; --                        ;
; led_matrix_data_path:data_path|two_port_ram:color_matrix|Decoder0~232 ; Unassigned ; 3       ; Clock enable ; no     ; --                   ; --               ; --                        ;
; led_matrix_data_path:data_path|two_port_ram:color_matrix|Decoder0~234 ; Unassigned ; 3       ; Clock enable ; no     ; --                   ; --               ; --                        ;
; led_matrix_data_path:data_path|two_port_ram:color_matrix|Decoder0~235 ; Unassigned ; 3       ; Clock enable ; no     ; --                   ; --               ; --                        ;
; led_matrix_data_path:data_path|two_port_ram:color_matrix|Decoder0~236 ; Unassigned ; 3       ; Clock enable ; no     ; --                   ; --               ; --                        ;
; led_matrix_data_path:data_path|two_port_ram:color_matrix|Decoder0~237 ; Unassigned ; 3       ; Clock enable ; no     ; --                   ; --               ; --                        ;
; led_matrix_data_path:data_path|two_port_ram:color_matrix|Decoder0~238 ; Unassigned ; 3       ; Clock enable ; no     ; --                   ; --               ; --                        ;
; led_matrix_data_path:data_path|two_port_ram:color_matrix|Decoder0~239 ; Unassigned ; 3       ; Clock enable ; no     ; --                   ; --               ; --                        ;
; led_matrix_data_path:data_path|two_port_ram:color_matrix|Decoder0~24  ; Unassigned ; 3       ; Clock enable ; no     ; --                   ; --               ; --                        ;
; led_matrix_data_path:data_path|two_port_ram:color_matrix|Decoder0~240 ; Unassigned ; 3       ; Clock enable ; no     ; --                   ; --               ; --                        ;
; led_matrix_data_path:data_path|two_port_ram:color_matrix|Decoder0~241 ; Unassigned ; 3       ; Clock enable ; no     ; --                   ; --               ; --                        ;
; led_matrix_data_path:data_path|two_port_ram:color_matrix|Decoder0~242 ; Unassigned ; 3       ; Clock enable ; no     ; --                   ; --               ; --                        ;
; led_matrix_data_path:data_path|two_port_ram:color_matrix|Decoder0~243 ; Unassigned ; 3       ; Clock enable ; no     ; --                   ; --               ; --                        ;
; led_matrix_data_path:data_path|two_port_ram:color_matrix|Decoder0~244 ; Unassigned ; 3       ; Clock enable ; no     ; --                   ; --               ; --                        ;
; led_matrix_data_path:data_path|two_port_ram:color_matrix|Decoder0~245 ; Unassigned ; 3       ; Clock enable ; no     ; --                   ; --               ; --                        ;
; led_matrix_data_path:data_path|two_port_ram:color_matrix|Decoder0~246 ; Unassigned ; 3       ; Clock enable ; no     ; --                   ; --               ; --                        ;
; led_matrix_data_path:data_path|two_port_ram:color_matrix|Decoder0~247 ; Unassigned ; 3       ; Clock enable ; no     ; --                   ; --               ; --                        ;
; led_matrix_data_path:data_path|two_port_ram:color_matrix|Decoder0~248 ; Unassigned ; 3       ; Clock enable ; no     ; --                   ; --               ; --                        ;
; led_matrix_data_path:data_path|two_port_ram:color_matrix|Decoder0~249 ; Unassigned ; 3       ; Clock enable ; no     ; --                   ; --               ; --                        ;
; led_matrix_data_path:data_path|two_port_ram:color_matrix|Decoder0~250 ; Unassigned ; 3       ; Clock enable ; no     ; --                   ; --               ; --                        ;
; led_matrix_data_path:data_path|two_port_ram:color_matrix|Decoder0~251 ; Unassigned ; 3       ; Clock enable ; no     ; --                   ; --               ; --                        ;
; led_matrix_data_path:data_path|two_port_ram:color_matrix|Decoder0~252 ; Unassigned ; 3       ; Clock enable ; no     ; --                   ; --               ; --                        ;
; led_matrix_data_path:data_path|two_port_ram:color_matrix|Decoder0~253 ; Unassigned ; 3       ; Clock enable ; no     ; --                   ; --               ; --                        ;
; led_matrix_data_path:data_path|two_port_ram:color_matrix|Decoder0~254 ; Unassigned ; 3       ; Clock enable ; no     ; --                   ; --               ; --                        ;
; led_matrix_data_path:data_path|two_port_ram:color_matrix|Decoder0~255 ; Unassigned ; 3       ; Clock enable ; no     ; --                   ; --               ; --                        ;
; led_matrix_data_path:data_path|two_port_ram:color_matrix|Decoder0~256 ; Unassigned ; 3       ; Clock enable ; no     ; --                   ; --               ; --                        ;
; led_matrix_data_path:data_path|two_port_ram:color_matrix|Decoder0~257 ; Unassigned ; 3       ; Clock enable ; no     ; --                   ; --               ; --                        ;
; led_matrix_data_path:data_path|two_port_ram:color_matrix|Decoder0~258 ; Unassigned ; 3       ; Clock enable ; no     ; --                   ; --               ; --                        ;
; led_matrix_data_path:data_path|two_port_ram:color_matrix|Decoder0~259 ; Unassigned ; 3       ; Clock enable ; no     ; --                   ; --               ; --                        ;
; led_matrix_data_path:data_path|two_port_ram:color_matrix|Decoder0~26  ; Unassigned ; 3       ; Clock enable ; no     ; --                   ; --               ; --                        ;
; led_matrix_data_path:data_path|two_port_ram:color_matrix|Decoder0~260 ; Unassigned ; 3       ; Clock enable ; no     ; --                   ; --               ; --                        ;
; led_matrix_data_path:data_path|two_port_ram:color_matrix|Decoder0~261 ; Unassigned ; 3       ; Clock enable ; no     ; --                   ; --               ; --                        ;
; led_matrix_data_path:data_path|two_port_ram:color_matrix|Decoder0~262 ; Unassigned ; 3       ; Clock enable ; no     ; --                   ; --               ; --                        ;
; led_matrix_data_path:data_path|two_port_ram:color_matrix|Decoder0~263 ; Unassigned ; 3       ; Clock enable ; no     ; --                   ; --               ; --                        ;
; led_matrix_data_path:data_path|two_port_ram:color_matrix|Decoder0~264 ; Unassigned ; 3       ; Clock enable ; no     ; --                   ; --               ; --                        ;
; led_matrix_data_path:data_path|two_port_ram:color_matrix|Decoder0~265 ; Unassigned ; 3       ; Clock enable ; no     ; --                   ; --               ; --                        ;
; led_matrix_data_path:data_path|two_port_ram:color_matrix|Decoder0~266 ; Unassigned ; 3       ; Clock enable ; no     ; --                   ; --               ; --                        ;
; led_matrix_data_path:data_path|two_port_ram:color_matrix|Decoder0~267 ; Unassigned ; 3       ; Clock enable ; no     ; --                   ; --               ; --                        ;
; led_matrix_data_path:data_path|two_port_ram:color_matrix|Decoder0~268 ; Unassigned ; 3       ; Clock enable ; no     ; --                   ; --               ; --                        ;
; led_matrix_data_path:data_path|two_port_ram:color_matrix|Decoder0~269 ; Unassigned ; 3       ; Clock enable ; no     ; --                   ; --               ; --                        ;
; led_matrix_data_path:data_path|two_port_ram:color_matrix|Decoder0~270 ; Unassigned ; 3       ; Clock enable ; no     ; --                   ; --               ; --                        ;
; led_matrix_data_path:data_path|two_port_ram:color_matrix|Decoder0~271 ; Unassigned ; 3       ; Clock enable ; no     ; --                   ; --               ; --                        ;
; led_matrix_data_path:data_path|two_port_ram:color_matrix|Decoder0~272 ; Unassigned ; 3       ; Clock enable ; no     ; --                   ; --               ; --                        ;
; led_matrix_data_path:data_path|two_port_ram:color_matrix|Decoder0~273 ; Unassigned ; 3       ; Clock enable ; no     ; --                   ; --               ; --                        ;
; led_matrix_data_path:data_path|two_port_ram:color_matrix|Decoder0~274 ; Unassigned ; 3       ; Clock enable ; no     ; --                   ; --               ; --                        ;
; led_matrix_data_path:data_path|two_port_ram:color_matrix|Decoder0~275 ; Unassigned ; 3       ; Clock enable ; no     ; --                   ; --               ; --                        ;
; led_matrix_data_path:data_path|two_port_ram:color_matrix|Decoder0~276 ; Unassigned ; 3       ; Clock enable ; no     ; --                   ; --               ; --                        ;
; led_matrix_data_path:data_path|two_port_ram:color_matrix|Decoder0~277 ; Unassigned ; 3       ; Clock enable ; no     ; --                   ; --               ; --                        ;
; led_matrix_data_path:data_path|two_port_ram:color_matrix|Decoder0~278 ; Unassigned ; 3       ; Clock enable ; no     ; --                   ; --               ; --                        ;
; led_matrix_data_path:data_path|two_port_ram:color_matrix|Decoder0~279 ; Unassigned ; 3       ; Clock enable ; no     ; --                   ; --               ; --                        ;
; led_matrix_data_path:data_path|two_port_ram:color_matrix|Decoder0~28  ; Unassigned ; 3       ; Clock enable ; no     ; --                   ; --               ; --                        ;
; led_matrix_data_path:data_path|two_port_ram:color_matrix|Decoder0~280 ; Unassigned ; 3       ; Clock enable ; no     ; --                   ; --               ; --                        ;
; led_matrix_data_path:data_path|two_port_ram:color_matrix|Decoder0~281 ; Unassigned ; 3       ; Clock enable ; no     ; --                   ; --               ; --                        ;
; led_matrix_data_path:data_path|two_port_ram:color_matrix|Decoder0~282 ; Unassigned ; 3       ; Clock enable ; no     ; --                   ; --               ; --                        ;
; led_matrix_data_path:data_path|two_port_ram:color_matrix|Decoder0~283 ; Unassigned ; 3       ; Clock enable ; no     ; --                   ; --               ; --                        ;
; led_matrix_data_path:data_path|two_port_ram:color_matrix|Decoder0~284 ; Unassigned ; 3       ; Clock enable ; no     ; --                   ; --               ; --                        ;
; led_matrix_data_path:data_path|two_port_ram:color_matrix|Decoder0~285 ; Unassigned ; 3       ; Clock enable ; no     ; --                   ; --               ; --                        ;
; led_matrix_data_path:data_path|two_port_ram:color_matrix|Decoder0~286 ; Unassigned ; 3       ; Clock enable ; no     ; --                   ; --               ; --                        ;
; led_matrix_data_path:data_path|two_port_ram:color_matrix|Decoder0~287 ; Unassigned ; 3       ; Clock enable ; no     ; --                   ; --               ; --                        ;
; led_matrix_data_path:data_path|two_port_ram:color_matrix|Decoder0~288 ; Unassigned ; 3       ; Clock enable ; no     ; --                   ; --               ; --                        ;
; led_matrix_data_path:data_path|two_port_ram:color_matrix|Decoder0~289 ; Unassigned ; 3       ; Clock enable ; no     ; --                   ; --               ; --                        ;
; led_matrix_data_path:data_path|two_port_ram:color_matrix|Decoder0~290 ; Unassigned ; 3       ; Clock enable ; no     ; --                   ; --               ; --                        ;
; led_matrix_data_path:data_path|two_port_ram:color_matrix|Decoder0~291 ; Unassigned ; 3       ; Clock enable ; no     ; --                   ; --               ; --                        ;
; led_matrix_data_path:data_path|two_port_ram:color_matrix|Decoder0~292 ; Unassigned ; 3       ; Clock enable ; no     ; --                   ; --               ; --                        ;
; led_matrix_data_path:data_path|two_port_ram:color_matrix|Decoder0~293 ; Unassigned ; 3       ; Clock enable ; no     ; --                   ; --               ; --                        ;
; led_matrix_data_path:data_path|two_port_ram:color_matrix|Decoder0~294 ; Unassigned ; 3       ; Clock enable ; no     ; --                   ; --               ; --                        ;
; led_matrix_data_path:data_path|two_port_ram:color_matrix|Decoder0~295 ; Unassigned ; 3       ; Clock enable ; no     ; --                   ; --               ; --                        ;
; led_matrix_data_path:data_path|two_port_ram:color_matrix|Decoder0~297 ; Unassigned ; 3       ; Clock enable ; no     ; --                   ; --               ; --                        ;
; led_matrix_data_path:data_path|two_port_ram:color_matrix|Decoder0~298 ; Unassigned ; 3       ; Clock enable ; no     ; --                   ; --               ; --                        ;
; led_matrix_data_path:data_path|two_port_ram:color_matrix|Decoder0~299 ; Unassigned ; 3       ; Clock enable ; no     ; --                   ; --               ; --                        ;
; led_matrix_data_path:data_path|two_port_ram:color_matrix|Decoder0~30  ; Unassigned ; 3       ; Clock enable ; no     ; --                   ; --               ; --                        ;
; led_matrix_data_path:data_path|two_port_ram:color_matrix|Decoder0~300 ; Unassigned ; 3       ; Clock enable ; no     ; --                   ; --               ; --                        ;
; led_matrix_data_path:data_path|two_port_ram:color_matrix|Decoder0~301 ; Unassigned ; 3       ; Clock enable ; no     ; --                   ; --               ; --                        ;
; led_matrix_data_path:data_path|two_port_ram:color_matrix|Decoder0~302 ; Unassigned ; 3       ; Clock enable ; no     ; --                   ; --               ; --                        ;
; led_matrix_data_path:data_path|two_port_ram:color_matrix|Decoder0~303 ; Unassigned ; 3       ; Clock enable ; no     ; --                   ; --               ; --                        ;
; led_matrix_data_path:data_path|two_port_ram:color_matrix|Decoder0~304 ; Unassigned ; 3       ; Clock enable ; no     ; --                   ; --               ; --                        ;
; led_matrix_data_path:data_path|two_port_ram:color_matrix|Decoder0~305 ; Unassigned ; 3       ; Clock enable ; no     ; --                   ; --               ; --                        ;
; led_matrix_data_path:data_path|two_port_ram:color_matrix|Decoder0~306 ; Unassigned ; 3       ; Clock enable ; no     ; --                   ; --               ; --                        ;
; led_matrix_data_path:data_path|two_port_ram:color_matrix|Decoder0~307 ; Unassigned ; 3       ; Clock enable ; no     ; --                   ; --               ; --                        ;
; led_matrix_data_path:data_path|two_port_ram:color_matrix|Decoder0~308 ; Unassigned ; 3       ; Clock enable ; no     ; --                   ; --               ; --                        ;
; led_matrix_data_path:data_path|two_port_ram:color_matrix|Decoder0~309 ; Unassigned ; 3       ; Clock enable ; no     ; --                   ; --               ; --                        ;
; led_matrix_data_path:data_path|two_port_ram:color_matrix|Decoder0~310 ; Unassigned ; 3       ; Clock enable ; no     ; --                   ; --               ; --                        ;
; led_matrix_data_path:data_path|two_port_ram:color_matrix|Decoder0~311 ; Unassigned ; 3       ; Clock enable ; no     ; --                   ; --               ; --                        ;
; led_matrix_data_path:data_path|two_port_ram:color_matrix|Decoder0~312 ; Unassigned ; 3       ; Clock enable ; no     ; --                   ; --               ; --                        ;
; led_matrix_data_path:data_path|two_port_ram:color_matrix|Decoder0~314 ; Unassigned ; 3       ; Clock enable ; no     ; --                   ; --               ; --                        ;
; led_matrix_data_path:data_path|two_port_ram:color_matrix|Decoder0~315 ; Unassigned ; 3       ; Clock enable ; no     ; --                   ; --               ; --                        ;
; led_matrix_data_path:data_path|two_port_ram:color_matrix|Decoder0~316 ; Unassigned ; 3       ; Clock enable ; no     ; --                   ; --               ; --                        ;
; led_matrix_data_path:data_path|two_port_ram:color_matrix|Decoder0~317 ; Unassigned ; 3       ; Clock enable ; no     ; --                   ; --               ; --                        ;
; led_matrix_data_path:data_path|two_port_ram:color_matrix|Decoder0~318 ; Unassigned ; 3       ; Clock enable ; no     ; --                   ; --               ; --                        ;
; led_matrix_data_path:data_path|two_port_ram:color_matrix|Decoder0~319 ; Unassigned ; 3       ; Clock enable ; no     ; --                   ; --               ; --                        ;
; led_matrix_data_path:data_path|two_port_ram:color_matrix|Decoder0~32  ; Unassigned ; 3       ; Clock enable ; no     ; --                   ; --               ; --                        ;
; led_matrix_data_path:data_path|two_port_ram:color_matrix|Decoder0~320 ; Unassigned ; 3       ; Clock enable ; no     ; --                   ; --               ; --                        ;
; led_matrix_data_path:data_path|two_port_ram:color_matrix|Decoder0~321 ; Unassigned ; 3       ; Clock enable ; no     ; --                   ; --               ; --                        ;
; led_matrix_data_path:data_path|two_port_ram:color_matrix|Decoder0~322 ; Unassigned ; 3       ; Clock enable ; no     ; --                   ; --               ; --                        ;
; led_matrix_data_path:data_path|two_port_ram:color_matrix|Decoder0~323 ; Unassigned ; 3       ; Clock enable ; no     ; --                   ; --               ; --                        ;
; led_matrix_data_path:data_path|two_port_ram:color_matrix|Decoder0~324 ; Unassigned ; 3       ; Clock enable ; no     ; --                   ; --               ; --                        ;
; led_matrix_data_path:data_path|two_port_ram:color_matrix|Decoder0~325 ; Unassigned ; 3       ; Clock enable ; no     ; --                   ; --               ; --                        ;
; led_matrix_data_path:data_path|two_port_ram:color_matrix|Decoder0~326 ; Unassigned ; 3       ; Clock enable ; no     ; --                   ; --               ; --                        ;
; led_matrix_data_path:data_path|two_port_ram:color_matrix|Decoder0~327 ; Unassigned ; 3       ; Clock enable ; no     ; --                   ; --               ; --                        ;
; led_matrix_data_path:data_path|two_port_ram:color_matrix|Decoder0~328 ; Unassigned ; 3       ; Clock enable ; no     ; --                   ; --               ; --                        ;
; led_matrix_data_path:data_path|two_port_ram:color_matrix|Decoder0~329 ; Unassigned ; 3       ; Clock enable ; no     ; --                   ; --               ; --                        ;
; led_matrix_data_path:data_path|two_port_ram:color_matrix|Decoder0~331 ; Unassigned ; 3       ; Clock enable ; no     ; --                   ; --               ; --                        ;
; led_matrix_data_path:data_path|two_port_ram:color_matrix|Decoder0~332 ; Unassigned ; 3       ; Clock enable ; no     ; --                   ; --               ; --                        ;
; led_matrix_data_path:data_path|two_port_ram:color_matrix|Decoder0~333 ; Unassigned ; 3       ; Clock enable ; no     ; --                   ; --               ; --                        ;
; led_matrix_data_path:data_path|two_port_ram:color_matrix|Decoder0~334 ; Unassigned ; 3       ; Clock enable ; no     ; --                   ; --               ; --                        ;
; led_matrix_data_path:data_path|two_port_ram:color_matrix|Decoder0~335 ; Unassigned ; 3       ; Clock enable ; no     ; --                   ; --               ; --                        ;
; led_matrix_data_path:data_path|two_port_ram:color_matrix|Decoder0~336 ; Unassigned ; 3       ; Clock enable ; no     ; --                   ; --               ; --                        ;
; led_matrix_data_path:data_path|two_port_ram:color_matrix|Decoder0~337 ; Unassigned ; 3       ; Clock enable ; no     ; --                   ; --               ; --                        ;
; led_matrix_data_path:data_path|two_port_ram:color_matrix|Decoder0~338 ; Unassigned ; 3       ; Clock enable ; no     ; --                   ; --               ; --                        ;
; led_matrix_data_path:data_path|two_port_ram:color_matrix|Decoder0~339 ; Unassigned ; 3       ; Clock enable ; no     ; --                   ; --               ; --                        ;
; led_matrix_data_path:data_path|two_port_ram:color_matrix|Decoder0~34  ; Unassigned ; 3       ; Clock enable ; no     ; --                   ; --               ; --                        ;
; led_matrix_data_path:data_path|two_port_ram:color_matrix|Decoder0~340 ; Unassigned ; 3       ; Clock enable ; no     ; --                   ; --               ; --                        ;
; led_matrix_data_path:data_path|two_port_ram:color_matrix|Decoder0~341 ; Unassigned ; 3       ; Clock enable ; no     ; --                   ; --               ; --                        ;
; led_matrix_data_path:data_path|two_port_ram:color_matrix|Decoder0~342 ; Unassigned ; 3       ; Clock enable ; no     ; --                   ; --               ; --                        ;
; led_matrix_data_path:data_path|two_port_ram:color_matrix|Decoder0~343 ; Unassigned ; 3       ; Clock enable ; no     ; --                   ; --               ; --                        ;
; led_matrix_data_path:data_path|two_port_ram:color_matrix|Decoder0~344 ; Unassigned ; 3       ; Clock enable ; no     ; --                   ; --               ; --                        ;
; led_matrix_data_path:data_path|two_port_ram:color_matrix|Decoder0~345 ; Unassigned ; 3       ; Clock enable ; no     ; --                   ; --               ; --                        ;
; led_matrix_data_path:data_path|two_port_ram:color_matrix|Decoder0~346 ; Unassigned ; 3       ; Clock enable ; no     ; --                   ; --               ; --                        ;
; led_matrix_data_path:data_path|two_port_ram:color_matrix|Decoder0~348 ; Unassigned ; 3       ; Clock enable ; no     ; --                   ; --               ; --                        ;
; led_matrix_data_path:data_path|two_port_ram:color_matrix|Decoder0~349 ; Unassigned ; 3       ; Clock enable ; no     ; --                   ; --               ; --                        ;
; led_matrix_data_path:data_path|two_port_ram:color_matrix|Decoder0~350 ; Unassigned ; 3       ; Clock enable ; no     ; --                   ; --               ; --                        ;
; led_matrix_data_path:data_path|two_port_ram:color_matrix|Decoder0~351 ; Unassigned ; 3       ; Clock enable ; no     ; --                   ; --               ; --                        ;
; led_matrix_data_path:data_path|two_port_ram:color_matrix|Decoder0~352 ; Unassigned ; 3       ; Clock enable ; no     ; --                   ; --               ; --                        ;
; led_matrix_data_path:data_path|two_port_ram:color_matrix|Decoder0~353 ; Unassigned ; 3       ; Clock enable ; no     ; --                   ; --               ; --                        ;
; led_matrix_data_path:data_path|two_port_ram:color_matrix|Decoder0~354 ; Unassigned ; 3       ; Clock enable ; no     ; --                   ; --               ; --                        ;
; led_matrix_data_path:data_path|two_port_ram:color_matrix|Decoder0~355 ; Unassigned ; 3       ; Clock enable ; no     ; --                   ; --               ; --                        ;
; led_matrix_data_path:data_path|two_port_ram:color_matrix|Decoder0~356 ; Unassigned ; 3       ; Clock enable ; no     ; --                   ; --               ; --                        ;
; led_matrix_data_path:data_path|two_port_ram:color_matrix|Decoder0~357 ; Unassigned ; 3       ; Clock enable ; no     ; --                   ; --               ; --                        ;
; led_matrix_data_path:data_path|two_port_ram:color_matrix|Decoder0~358 ; Unassigned ; 3       ; Clock enable ; no     ; --                   ; --               ; --                        ;
; led_matrix_data_path:data_path|two_port_ram:color_matrix|Decoder0~359 ; Unassigned ; 3       ; Clock enable ; no     ; --                   ; --               ; --                        ;
; led_matrix_data_path:data_path|two_port_ram:color_matrix|Decoder0~36  ; Unassigned ; 3       ; Clock enable ; no     ; --                   ; --               ; --                        ;
; led_matrix_data_path:data_path|two_port_ram:color_matrix|Decoder0~360 ; Unassigned ; 3       ; Clock enable ; no     ; --                   ; --               ; --                        ;
; led_matrix_data_path:data_path|two_port_ram:color_matrix|Decoder0~361 ; Unassigned ; 3       ; Clock enable ; no     ; --                   ; --               ; --                        ;
; led_matrix_data_path:data_path|two_port_ram:color_matrix|Decoder0~362 ; Unassigned ; 3       ; Clock enable ; no     ; --                   ; --               ; --                        ;
; led_matrix_data_path:data_path|two_port_ram:color_matrix|Decoder0~363 ; Unassigned ; 3       ; Clock enable ; no     ; --                   ; --               ; --                        ;
; led_matrix_data_path:data_path|two_port_ram:color_matrix|Decoder0~364 ; Unassigned ; 3       ; Clock enable ; no     ; --                   ; --               ; --                        ;
; led_matrix_data_path:data_path|two_port_ram:color_matrix|Decoder0~365 ; Unassigned ; 3       ; Clock enable ; no     ; --                   ; --               ; --                        ;
; led_matrix_data_path:data_path|two_port_ram:color_matrix|Decoder0~366 ; Unassigned ; 3       ; Clock enable ; no     ; --                   ; --               ; --                        ;
; led_matrix_data_path:data_path|two_port_ram:color_matrix|Decoder0~367 ; Unassigned ; 3       ; Clock enable ; no     ; --                   ; --               ; --                        ;
; led_matrix_data_path:data_path|two_port_ram:color_matrix|Decoder0~368 ; Unassigned ; 3       ; Clock enable ; no     ; --                   ; --               ; --                        ;
; led_matrix_data_path:data_path|two_port_ram:color_matrix|Decoder0~369 ; Unassigned ; 3       ; Clock enable ; no     ; --                   ; --               ; --                        ;
; led_matrix_data_path:data_path|two_port_ram:color_matrix|Decoder0~370 ; Unassigned ; 3       ; Clock enable ; no     ; --                   ; --               ; --                        ;
; led_matrix_data_path:data_path|two_port_ram:color_matrix|Decoder0~371 ; Unassigned ; 3       ; Clock enable ; no     ; --                   ; --               ; --                        ;
; led_matrix_data_path:data_path|two_port_ram:color_matrix|Decoder0~372 ; Unassigned ; 3       ; Clock enable ; no     ; --                   ; --               ; --                        ;
; led_matrix_data_path:data_path|two_port_ram:color_matrix|Decoder0~373 ; Unassigned ; 3       ; Clock enable ; no     ; --                   ; --               ; --                        ;
; led_matrix_data_path:data_path|two_port_ram:color_matrix|Decoder0~374 ; Unassigned ; 3       ; Clock enable ; no     ; --                   ; --               ; --                        ;
; led_matrix_data_path:data_path|two_port_ram:color_matrix|Decoder0~375 ; Unassigned ; 3       ; Clock enable ; no     ; --                   ; --               ; --                        ;
; led_matrix_data_path:data_path|two_port_ram:color_matrix|Decoder0~376 ; Unassigned ; 3       ; Clock enable ; no     ; --                   ; --               ; --                        ;
; led_matrix_data_path:data_path|two_port_ram:color_matrix|Decoder0~377 ; Unassigned ; 3       ; Clock enable ; no     ; --                   ; --               ; --                        ;
; led_matrix_data_path:data_path|two_port_ram:color_matrix|Decoder0~378 ; Unassigned ; 3       ; Clock enable ; no     ; --                   ; --               ; --                        ;
; led_matrix_data_path:data_path|two_port_ram:color_matrix|Decoder0~379 ; Unassigned ; 3       ; Clock enable ; no     ; --                   ; --               ; --                        ;
; led_matrix_data_path:data_path|two_port_ram:color_matrix|Decoder0~38  ; Unassigned ; 3       ; Clock enable ; no     ; --                   ; --               ; --                        ;
; led_matrix_data_path:data_path|two_port_ram:color_matrix|Decoder0~380 ; Unassigned ; 3       ; Clock enable ; no     ; --                   ; --               ; --                        ;
; led_matrix_data_path:data_path|two_port_ram:color_matrix|Decoder0~381 ; Unassigned ; 3       ; Clock enable ; no     ; --                   ; --               ; --                        ;
; led_matrix_data_path:data_path|two_port_ram:color_matrix|Decoder0~382 ; Unassigned ; 3       ; Clock enable ; no     ; --                   ; --               ; --                        ;
; led_matrix_data_path:data_path|two_port_ram:color_matrix|Decoder0~383 ; Unassigned ; 3       ; Clock enable ; no     ; --                   ; --               ; --                        ;
; led_matrix_data_path:data_path|two_port_ram:color_matrix|Decoder0~384 ; Unassigned ; 3       ; Clock enable ; no     ; --                   ; --               ; --                        ;
; led_matrix_data_path:data_path|two_port_ram:color_matrix|Decoder0~385 ; Unassigned ; 3       ; Clock enable ; no     ; --                   ; --               ; --                        ;
; led_matrix_data_path:data_path|two_port_ram:color_matrix|Decoder0~386 ; Unassigned ; 3       ; Clock enable ; no     ; --                   ; --               ; --                        ;
; led_matrix_data_path:data_path|two_port_ram:color_matrix|Decoder0~387 ; Unassigned ; 3       ; Clock enable ; no     ; --                   ; --               ; --                        ;
; led_matrix_data_path:data_path|two_port_ram:color_matrix|Decoder0~388 ; Unassigned ; 3       ; Clock enable ; no     ; --                   ; --               ; --                        ;
; led_matrix_data_path:data_path|two_port_ram:color_matrix|Decoder0~389 ; Unassigned ; 3       ; Clock enable ; no     ; --                   ; --               ; --                        ;
; led_matrix_data_path:data_path|two_port_ram:color_matrix|Decoder0~390 ; Unassigned ; 3       ; Clock enable ; no     ; --                   ; --               ; --                        ;
; led_matrix_data_path:data_path|two_port_ram:color_matrix|Decoder0~391 ; Unassigned ; 3       ; Clock enable ; no     ; --                   ; --               ; --                        ;
; led_matrix_data_path:data_path|two_port_ram:color_matrix|Decoder0~392 ; Unassigned ; 3       ; Clock enable ; no     ; --                   ; --               ; --                        ;
; led_matrix_data_path:data_path|two_port_ram:color_matrix|Decoder0~393 ; Unassigned ; 3       ; Clock enable ; no     ; --                   ; --               ; --                        ;
; led_matrix_data_path:data_path|two_port_ram:color_matrix|Decoder0~394 ; Unassigned ; 3       ; Clock enable ; no     ; --                   ; --               ; --                        ;
; led_matrix_data_path:data_path|two_port_ram:color_matrix|Decoder0~395 ; Unassigned ; 3       ; Clock enable ; no     ; --                   ; --               ; --                        ;
; led_matrix_data_path:data_path|two_port_ram:color_matrix|Decoder0~396 ; Unassigned ; 3       ; Clock enable ; no     ; --                   ; --               ; --                        ;
; led_matrix_data_path:data_path|two_port_ram:color_matrix|Decoder0~397 ; Unassigned ; 3       ; Clock enable ; no     ; --                   ; --               ; --                        ;
; led_matrix_data_path:data_path|two_port_ram:color_matrix|Decoder0~398 ; Unassigned ; 3       ; Clock enable ; no     ; --                   ; --               ; --                        ;
; led_matrix_data_path:data_path|two_port_ram:color_matrix|Decoder0~399 ; Unassigned ; 3       ; Clock enable ; no     ; --                   ; --               ; --                        ;
; led_matrix_data_path:data_path|two_port_ram:color_matrix|Decoder0~4   ; Unassigned ; 3       ; Clock enable ; no     ; --                   ; --               ; --                        ;
; led_matrix_data_path:data_path|two_port_ram:color_matrix|Decoder0~40  ; Unassigned ; 3       ; Clock enable ; no     ; --                   ; --               ; --                        ;
; led_matrix_data_path:data_path|two_port_ram:color_matrix|Decoder0~400 ; Unassigned ; 3       ; Clock enable ; no     ; --                   ; --               ; --                        ;
; led_matrix_data_path:data_path|two_port_ram:color_matrix|Decoder0~401 ; Unassigned ; 3       ; Clock enable ; no     ; --                   ; --               ; --                        ;
; led_matrix_data_path:data_path|two_port_ram:color_matrix|Decoder0~402 ; Unassigned ; 3       ; Clock enable ; no     ; --                   ; --               ; --                        ;
; led_matrix_data_path:data_path|two_port_ram:color_matrix|Decoder0~403 ; Unassigned ; 3       ; Clock enable ; no     ; --                   ; --               ; --                        ;
; led_matrix_data_path:data_path|two_port_ram:color_matrix|Decoder0~404 ; Unassigned ; 3       ; Clock enable ; no     ; --                   ; --               ; --                        ;
; led_matrix_data_path:data_path|two_port_ram:color_matrix|Decoder0~405 ; Unassigned ; 3       ; Clock enable ; no     ; --                   ; --               ; --                        ;
; led_matrix_data_path:data_path|two_port_ram:color_matrix|Decoder0~406 ; Unassigned ; 3       ; Clock enable ; no     ; --                   ; --               ; --                        ;
; led_matrix_data_path:data_path|two_port_ram:color_matrix|Decoder0~407 ; Unassigned ; 3       ; Clock enable ; no     ; --                   ; --               ; --                        ;
; led_matrix_data_path:data_path|two_port_ram:color_matrix|Decoder0~408 ; Unassigned ; 3       ; Clock enable ; no     ; --                   ; --               ; --                        ;
; led_matrix_data_path:data_path|two_port_ram:color_matrix|Decoder0~409 ; Unassigned ; 3       ; Clock enable ; no     ; --                   ; --               ; --                        ;
; led_matrix_data_path:data_path|two_port_ram:color_matrix|Decoder0~410 ; Unassigned ; 3       ; Clock enable ; no     ; --                   ; --               ; --                        ;
; led_matrix_data_path:data_path|two_port_ram:color_matrix|Decoder0~411 ; Unassigned ; 3       ; Clock enable ; no     ; --                   ; --               ; --                        ;
; led_matrix_data_path:data_path|two_port_ram:color_matrix|Decoder0~412 ; Unassigned ; 3       ; Clock enable ; no     ; --                   ; --               ; --                        ;
; led_matrix_data_path:data_path|two_port_ram:color_matrix|Decoder0~413 ; Unassigned ; 3       ; Clock enable ; no     ; --                   ; --               ; --                        ;
; led_matrix_data_path:data_path|two_port_ram:color_matrix|Decoder0~414 ; Unassigned ; 3       ; Clock enable ; no     ; --                   ; --               ; --                        ;
; led_matrix_data_path:data_path|two_port_ram:color_matrix|Decoder0~415 ; Unassigned ; 3       ; Clock enable ; no     ; --                   ; --               ; --                        ;
; led_matrix_data_path:data_path|two_port_ram:color_matrix|Decoder0~416 ; Unassigned ; 3       ; Clock enable ; no     ; --                   ; --               ; --                        ;
; led_matrix_data_path:data_path|two_port_ram:color_matrix|Decoder0~417 ; Unassigned ; 3       ; Clock enable ; no     ; --                   ; --               ; --                        ;
; led_matrix_data_path:data_path|two_port_ram:color_matrix|Decoder0~418 ; Unassigned ; 3       ; Clock enable ; no     ; --                   ; --               ; --                        ;
; led_matrix_data_path:data_path|two_port_ram:color_matrix|Decoder0~419 ; Unassigned ; 3       ; Clock enable ; no     ; --                   ; --               ; --                        ;
; led_matrix_data_path:data_path|two_port_ram:color_matrix|Decoder0~42  ; Unassigned ; 3       ; Clock enable ; no     ; --                   ; --               ; --                        ;
; led_matrix_data_path:data_path|two_port_ram:color_matrix|Decoder0~420 ; Unassigned ; 3       ; Clock enable ; no     ; --                   ; --               ; --                        ;
; led_matrix_data_path:data_path|two_port_ram:color_matrix|Decoder0~421 ; Unassigned ; 3       ; Clock enable ; no     ; --                   ; --               ; --                        ;
; led_matrix_data_path:data_path|two_port_ram:color_matrix|Decoder0~422 ; Unassigned ; 3       ; Clock enable ; no     ; --                   ; --               ; --                        ;
; led_matrix_data_path:data_path|two_port_ram:color_matrix|Decoder0~423 ; Unassigned ; 3       ; Clock enable ; no     ; --                   ; --               ; --                        ;
; led_matrix_data_path:data_path|two_port_ram:color_matrix|Decoder0~424 ; Unassigned ; 3       ; Clock enable ; no     ; --                   ; --               ; --                        ;
; led_matrix_data_path:data_path|two_port_ram:color_matrix|Decoder0~425 ; Unassigned ; 3       ; Clock enable ; no     ; --                   ; --               ; --                        ;
; led_matrix_data_path:data_path|two_port_ram:color_matrix|Decoder0~426 ; Unassigned ; 3       ; Clock enable ; no     ; --                   ; --               ; --                        ;
; led_matrix_data_path:data_path|two_port_ram:color_matrix|Decoder0~427 ; Unassigned ; 3       ; Clock enable ; no     ; --                   ; --               ; --                        ;
; led_matrix_data_path:data_path|two_port_ram:color_matrix|Decoder0~429 ; Unassigned ; 3       ; Clock enable ; no     ; --                   ; --               ; --                        ;
; led_matrix_data_path:data_path|two_port_ram:color_matrix|Decoder0~430 ; Unassigned ; 3       ; Clock enable ; no     ; --                   ; --               ; --                        ;
; led_matrix_data_path:data_path|two_port_ram:color_matrix|Decoder0~431 ; Unassigned ; 3       ; Clock enable ; no     ; --                   ; --               ; --                        ;
; led_matrix_data_path:data_path|two_port_ram:color_matrix|Decoder0~432 ; Unassigned ; 3       ; Clock enable ; no     ; --                   ; --               ; --                        ;
; led_matrix_data_path:data_path|two_port_ram:color_matrix|Decoder0~433 ; Unassigned ; 3       ; Clock enable ; no     ; --                   ; --               ; --                        ;
; led_matrix_data_path:data_path|two_port_ram:color_matrix|Decoder0~434 ; Unassigned ; 3       ; Clock enable ; no     ; --                   ; --               ; --                        ;
; led_matrix_data_path:data_path|two_port_ram:color_matrix|Decoder0~435 ; Unassigned ; 3       ; Clock enable ; no     ; --                   ; --               ; --                        ;
; led_matrix_data_path:data_path|two_port_ram:color_matrix|Decoder0~436 ; Unassigned ; 3       ; Clock enable ; no     ; --                   ; --               ; --                        ;
; led_matrix_data_path:data_path|two_port_ram:color_matrix|Decoder0~437 ; Unassigned ; 3       ; Clock enable ; no     ; --                   ; --               ; --                        ;
; led_matrix_data_path:data_path|two_port_ram:color_matrix|Decoder0~438 ; Unassigned ; 3       ; Clock enable ; no     ; --                   ; --               ; --                        ;
; led_matrix_data_path:data_path|two_port_ram:color_matrix|Decoder0~439 ; Unassigned ; 3       ; Clock enable ; no     ; --                   ; --               ; --                        ;
; led_matrix_data_path:data_path|two_port_ram:color_matrix|Decoder0~44  ; Unassigned ; 3       ; Clock enable ; no     ; --                   ; --               ; --                        ;
; led_matrix_data_path:data_path|two_port_ram:color_matrix|Decoder0~440 ; Unassigned ; 3       ; Clock enable ; no     ; --                   ; --               ; --                        ;
; led_matrix_data_path:data_path|two_port_ram:color_matrix|Decoder0~441 ; Unassigned ; 3       ; Clock enable ; no     ; --                   ; --               ; --                        ;
; led_matrix_data_path:data_path|two_port_ram:color_matrix|Decoder0~442 ; Unassigned ; 3       ; Clock enable ; no     ; --                   ; --               ; --                        ;
; led_matrix_data_path:data_path|two_port_ram:color_matrix|Decoder0~443 ; Unassigned ; 3       ; Clock enable ; no     ; --                   ; --               ; --                        ;
; led_matrix_data_path:data_path|two_port_ram:color_matrix|Decoder0~444 ; Unassigned ; 3       ; Clock enable ; no     ; --                   ; --               ; --                        ;
; led_matrix_data_path:data_path|two_port_ram:color_matrix|Decoder0~446 ; Unassigned ; 3       ; Clock enable ; no     ; --                   ; --               ; --                        ;
; led_matrix_data_path:data_path|two_port_ram:color_matrix|Decoder0~447 ; Unassigned ; 3       ; Clock enable ; no     ; --                   ; --               ; --                        ;
; led_matrix_data_path:data_path|two_port_ram:color_matrix|Decoder0~448 ; Unassigned ; 3       ; Clock enable ; no     ; --                   ; --               ; --                        ;
; led_matrix_data_path:data_path|two_port_ram:color_matrix|Decoder0~449 ; Unassigned ; 3       ; Clock enable ; no     ; --                   ; --               ; --                        ;
; led_matrix_data_path:data_path|two_port_ram:color_matrix|Decoder0~450 ; Unassigned ; 3       ; Clock enable ; no     ; --                   ; --               ; --                        ;
; led_matrix_data_path:data_path|two_port_ram:color_matrix|Decoder0~451 ; Unassigned ; 3       ; Clock enable ; no     ; --                   ; --               ; --                        ;
; led_matrix_data_path:data_path|two_port_ram:color_matrix|Decoder0~452 ; Unassigned ; 3       ; Clock enable ; no     ; --                   ; --               ; --                        ;
; led_matrix_data_path:data_path|two_port_ram:color_matrix|Decoder0~453 ; Unassigned ; 3       ; Clock enable ; no     ; --                   ; --               ; --                        ;
; led_matrix_data_path:data_path|two_port_ram:color_matrix|Decoder0~454 ; Unassigned ; 3       ; Clock enable ; no     ; --                   ; --               ; --                        ;
; led_matrix_data_path:data_path|two_port_ram:color_matrix|Decoder0~455 ; Unassigned ; 3       ; Clock enable ; no     ; --                   ; --               ; --                        ;
; led_matrix_data_path:data_path|two_port_ram:color_matrix|Decoder0~456 ; Unassigned ; 3       ; Clock enable ; no     ; --                   ; --               ; --                        ;
; led_matrix_data_path:data_path|two_port_ram:color_matrix|Decoder0~457 ; Unassigned ; 3       ; Clock enable ; no     ; --                   ; --               ; --                        ;
; led_matrix_data_path:data_path|two_port_ram:color_matrix|Decoder0~458 ; Unassigned ; 3       ; Clock enable ; no     ; --                   ; --               ; --                        ;
; led_matrix_data_path:data_path|two_port_ram:color_matrix|Decoder0~459 ; Unassigned ; 3       ; Clock enable ; no     ; --                   ; --               ; --                        ;
; led_matrix_data_path:data_path|two_port_ram:color_matrix|Decoder0~46  ; Unassigned ; 3       ; Clock enable ; no     ; --                   ; --               ; --                        ;
; led_matrix_data_path:data_path|two_port_ram:color_matrix|Decoder0~460 ; Unassigned ; 3       ; Clock enable ; no     ; --                   ; --               ; --                        ;
; led_matrix_data_path:data_path|two_port_ram:color_matrix|Decoder0~461 ; Unassigned ; 3       ; Clock enable ; no     ; --                   ; --               ; --                        ;
; led_matrix_data_path:data_path|two_port_ram:color_matrix|Decoder0~463 ; Unassigned ; 3       ; Clock enable ; no     ; --                   ; --               ; --                        ;
; led_matrix_data_path:data_path|two_port_ram:color_matrix|Decoder0~464 ; Unassigned ; 3       ; Clock enable ; no     ; --                   ; --               ; --                        ;
; led_matrix_data_path:data_path|two_port_ram:color_matrix|Decoder0~465 ; Unassigned ; 3       ; Clock enable ; no     ; --                   ; --               ; --                        ;
; led_matrix_data_path:data_path|two_port_ram:color_matrix|Decoder0~466 ; Unassigned ; 3       ; Clock enable ; no     ; --                   ; --               ; --                        ;
; led_matrix_data_path:data_path|two_port_ram:color_matrix|Decoder0~467 ; Unassigned ; 3       ; Clock enable ; no     ; --                   ; --               ; --                        ;
; led_matrix_data_path:data_path|two_port_ram:color_matrix|Decoder0~468 ; Unassigned ; 3       ; Clock enable ; no     ; --                   ; --               ; --                        ;
; led_matrix_data_path:data_path|two_port_ram:color_matrix|Decoder0~469 ; Unassigned ; 3       ; Clock enable ; no     ; --                   ; --               ; --                        ;
; led_matrix_data_path:data_path|two_port_ram:color_matrix|Decoder0~470 ; Unassigned ; 3       ; Clock enable ; no     ; --                   ; --               ; --                        ;
; led_matrix_data_path:data_path|two_port_ram:color_matrix|Decoder0~471 ; Unassigned ; 3       ; Clock enable ; no     ; --                   ; --               ; --                        ;
; led_matrix_data_path:data_path|two_port_ram:color_matrix|Decoder0~472 ; Unassigned ; 3       ; Clock enable ; no     ; --                   ; --               ; --                        ;
; led_matrix_data_path:data_path|two_port_ram:color_matrix|Decoder0~473 ; Unassigned ; 3       ; Clock enable ; no     ; --                   ; --               ; --                        ;
; led_matrix_data_path:data_path|two_port_ram:color_matrix|Decoder0~474 ; Unassigned ; 3       ; Clock enable ; no     ; --                   ; --               ; --                        ;
; led_matrix_data_path:data_path|two_port_ram:color_matrix|Decoder0~475 ; Unassigned ; 3       ; Clock enable ; no     ; --                   ; --               ; --                        ;
; led_matrix_data_path:data_path|two_port_ram:color_matrix|Decoder0~476 ; Unassigned ; 3       ; Clock enable ; no     ; --                   ; --               ; --                        ;
; led_matrix_data_path:data_path|two_port_ram:color_matrix|Decoder0~477 ; Unassigned ; 3       ; Clock enable ; no     ; --                   ; --               ; --                        ;
; led_matrix_data_path:data_path|two_port_ram:color_matrix|Decoder0~478 ; Unassigned ; 3       ; Clock enable ; no     ; --                   ; --               ; --                        ;
; led_matrix_data_path:data_path|two_port_ram:color_matrix|Decoder0~48  ; Unassigned ; 3       ; Clock enable ; no     ; --                   ; --               ; --                        ;
; led_matrix_data_path:data_path|two_port_ram:color_matrix|Decoder0~480 ; Unassigned ; 3       ; Clock enable ; no     ; --                   ; --               ; --                        ;
; led_matrix_data_path:data_path|two_port_ram:color_matrix|Decoder0~481 ; Unassigned ; 3       ; Clock enable ; no     ; --                   ; --               ; --                        ;
; led_matrix_data_path:data_path|two_port_ram:color_matrix|Decoder0~482 ; Unassigned ; 3       ; Clock enable ; no     ; --                   ; --               ; --                        ;
; led_matrix_data_path:data_path|two_port_ram:color_matrix|Decoder0~483 ; Unassigned ; 3       ; Clock enable ; no     ; --                   ; --               ; --                        ;
; led_matrix_data_path:data_path|two_port_ram:color_matrix|Decoder0~484 ; Unassigned ; 3       ; Clock enable ; no     ; --                   ; --               ; --                        ;
; led_matrix_data_path:data_path|two_port_ram:color_matrix|Decoder0~485 ; Unassigned ; 3       ; Clock enable ; no     ; --                   ; --               ; --                        ;
; led_matrix_data_path:data_path|two_port_ram:color_matrix|Decoder0~486 ; Unassigned ; 3       ; Clock enable ; no     ; --                   ; --               ; --                        ;
; led_matrix_data_path:data_path|two_port_ram:color_matrix|Decoder0~487 ; Unassigned ; 3       ; Clock enable ; no     ; --                   ; --               ; --                        ;
; led_matrix_data_path:data_path|two_port_ram:color_matrix|Decoder0~488 ; Unassigned ; 3       ; Clock enable ; no     ; --                   ; --               ; --                        ;
; led_matrix_data_path:data_path|two_port_ram:color_matrix|Decoder0~489 ; Unassigned ; 3       ; Clock enable ; no     ; --                   ; --               ; --                        ;
; led_matrix_data_path:data_path|two_port_ram:color_matrix|Decoder0~490 ; Unassigned ; 3       ; Clock enable ; no     ; --                   ; --               ; --                        ;
; led_matrix_data_path:data_path|two_port_ram:color_matrix|Decoder0~491 ; Unassigned ; 3       ; Clock enable ; no     ; --                   ; --               ; --                        ;
; led_matrix_data_path:data_path|two_port_ram:color_matrix|Decoder0~492 ; Unassigned ; 3       ; Clock enable ; no     ; --                   ; --               ; --                        ;
; led_matrix_data_path:data_path|two_port_ram:color_matrix|Decoder0~493 ; Unassigned ; 3       ; Clock enable ; no     ; --                   ; --               ; --                        ;
; led_matrix_data_path:data_path|two_port_ram:color_matrix|Decoder0~494 ; Unassigned ; 3       ; Clock enable ; no     ; --                   ; --               ; --                        ;
; led_matrix_data_path:data_path|two_port_ram:color_matrix|Decoder0~495 ; Unassigned ; 3       ; Clock enable ; no     ; --                   ; --               ; --                        ;
; led_matrix_data_path:data_path|two_port_ram:color_matrix|Decoder0~496 ; Unassigned ; 3       ; Clock enable ; no     ; --                   ; --               ; --                        ;
; led_matrix_data_path:data_path|two_port_ram:color_matrix|Decoder0~497 ; Unassigned ; 3       ; Clock enable ; no     ; --                   ; --               ; --                        ;
; led_matrix_data_path:data_path|two_port_ram:color_matrix|Decoder0~498 ; Unassigned ; 3       ; Clock enable ; no     ; --                   ; --               ; --                        ;
; led_matrix_data_path:data_path|two_port_ram:color_matrix|Decoder0~499 ; Unassigned ; 3       ; Clock enable ; no     ; --                   ; --               ; --                        ;
; led_matrix_data_path:data_path|two_port_ram:color_matrix|Decoder0~50  ; Unassigned ; 3       ; Clock enable ; no     ; --                   ; --               ; --                        ;
; led_matrix_data_path:data_path|two_port_ram:color_matrix|Decoder0~500 ; Unassigned ; 3       ; Clock enable ; no     ; --                   ; --               ; --                        ;
; led_matrix_data_path:data_path|two_port_ram:color_matrix|Decoder0~501 ; Unassigned ; 3       ; Clock enable ; no     ; --                   ; --               ; --                        ;
; led_matrix_data_path:data_path|two_port_ram:color_matrix|Decoder0~502 ; Unassigned ; 3       ; Clock enable ; no     ; --                   ; --               ; --                        ;
; led_matrix_data_path:data_path|two_port_ram:color_matrix|Decoder0~503 ; Unassigned ; 3       ; Clock enable ; no     ; --                   ; --               ; --                        ;
; led_matrix_data_path:data_path|two_port_ram:color_matrix|Decoder0~504 ; Unassigned ; 3       ; Clock enable ; no     ; --                   ; --               ; --                        ;
; led_matrix_data_path:data_path|two_port_ram:color_matrix|Decoder0~505 ; Unassigned ; 3       ; Clock enable ; no     ; --                   ; --               ; --                        ;
; led_matrix_data_path:data_path|two_port_ram:color_matrix|Decoder0~506 ; Unassigned ; 3       ; Clock enable ; no     ; --                   ; --               ; --                        ;
; led_matrix_data_path:data_path|two_port_ram:color_matrix|Decoder0~507 ; Unassigned ; 3       ; Clock enable ; no     ; --                   ; --               ; --                        ;
; led_matrix_data_path:data_path|two_port_ram:color_matrix|Decoder0~508 ; Unassigned ; 3       ; Clock enable ; no     ; --                   ; --               ; --                        ;
; led_matrix_data_path:data_path|two_port_ram:color_matrix|Decoder0~509 ; Unassigned ; 3       ; Clock enable ; no     ; --                   ; --               ; --                        ;
; led_matrix_data_path:data_path|two_port_ram:color_matrix|Decoder0~510 ; Unassigned ; 3       ; Clock enable ; no     ; --                   ; --               ; --                        ;
; led_matrix_data_path:data_path|two_port_ram:color_matrix|Decoder0~511 ; Unassigned ; 3       ; Clock enable ; no     ; --                   ; --               ; --                        ;
; led_matrix_data_path:data_path|two_port_ram:color_matrix|Decoder0~512 ; Unassigned ; 3       ; Clock enable ; no     ; --                   ; --               ; --                        ;
; led_matrix_data_path:data_path|two_port_ram:color_matrix|Decoder0~513 ; Unassigned ; 3       ; Clock enable ; no     ; --                   ; --               ; --                        ;
; led_matrix_data_path:data_path|two_port_ram:color_matrix|Decoder0~514 ; Unassigned ; 3       ; Clock enable ; no     ; --                   ; --               ; --                        ;
; led_matrix_data_path:data_path|two_port_ram:color_matrix|Decoder0~515 ; Unassigned ; 3       ; Clock enable ; no     ; --                   ; --               ; --                        ;
; led_matrix_data_path:data_path|two_port_ram:color_matrix|Decoder0~516 ; Unassigned ; 3       ; Clock enable ; no     ; --                   ; --               ; --                        ;
; led_matrix_data_path:data_path|two_port_ram:color_matrix|Decoder0~517 ; Unassigned ; 3       ; Clock enable ; no     ; --                   ; --               ; --                        ;
; led_matrix_data_path:data_path|two_port_ram:color_matrix|Decoder0~518 ; Unassigned ; 3       ; Clock enable ; no     ; --                   ; --               ; --                        ;
; led_matrix_data_path:data_path|two_port_ram:color_matrix|Decoder0~519 ; Unassigned ; 3       ; Clock enable ; no     ; --                   ; --               ; --                        ;
; led_matrix_data_path:data_path|two_port_ram:color_matrix|Decoder0~52  ; Unassigned ; 3       ; Clock enable ; no     ; --                   ; --               ; --                        ;
; led_matrix_data_path:data_path|two_port_ram:color_matrix|Decoder0~520 ; Unassigned ; 3       ; Clock enable ; no     ; --                   ; --               ; --                        ;
; led_matrix_data_path:data_path|two_port_ram:color_matrix|Decoder0~521 ; Unassigned ; 3       ; Clock enable ; no     ; --                   ; --               ; --                        ;
; led_matrix_data_path:data_path|two_port_ram:color_matrix|Decoder0~522 ; Unassigned ; 3       ; Clock enable ; no     ; --                   ; --               ; --                        ;
; led_matrix_data_path:data_path|two_port_ram:color_matrix|Decoder0~523 ; Unassigned ; 3       ; Clock enable ; no     ; --                   ; --               ; --                        ;
; led_matrix_data_path:data_path|two_port_ram:color_matrix|Decoder0~524 ; Unassigned ; 3       ; Clock enable ; no     ; --                   ; --               ; --                        ;
; led_matrix_data_path:data_path|two_port_ram:color_matrix|Decoder0~525 ; Unassigned ; 3       ; Clock enable ; no     ; --                   ; --               ; --                        ;
; led_matrix_data_path:data_path|two_port_ram:color_matrix|Decoder0~526 ; Unassigned ; 3       ; Clock enable ; no     ; --                   ; --               ; --                        ;
; led_matrix_data_path:data_path|two_port_ram:color_matrix|Decoder0~527 ; Unassigned ; 3       ; Clock enable ; no     ; --                   ; --               ; --                        ;
; led_matrix_data_path:data_path|two_port_ram:color_matrix|Decoder0~528 ; Unassigned ; 3       ; Clock enable ; no     ; --                   ; --               ; --                        ;
; led_matrix_data_path:data_path|two_port_ram:color_matrix|Decoder0~529 ; Unassigned ; 3       ; Clock enable ; no     ; --                   ; --               ; --                        ;
; led_matrix_data_path:data_path|two_port_ram:color_matrix|Decoder0~530 ; Unassigned ; 3       ; Clock enable ; no     ; --                   ; --               ; --                        ;
; led_matrix_data_path:data_path|two_port_ram:color_matrix|Decoder0~531 ; Unassigned ; 3       ; Clock enable ; no     ; --                   ; --               ; --                        ;
; led_matrix_data_path:data_path|two_port_ram:color_matrix|Decoder0~532 ; Unassigned ; 3       ; Clock enable ; no     ; --                   ; --               ; --                        ;
; led_matrix_data_path:data_path|two_port_ram:color_matrix|Decoder0~533 ; Unassigned ; 3       ; Clock enable ; no     ; --                   ; --               ; --                        ;
; led_matrix_data_path:data_path|two_port_ram:color_matrix|Decoder0~534 ; Unassigned ; 3       ; Clock enable ; no     ; --                   ; --               ; --                        ;
; led_matrix_data_path:data_path|two_port_ram:color_matrix|Decoder0~535 ; Unassigned ; 3       ; Clock enable ; no     ; --                   ; --               ; --                        ;
; led_matrix_data_path:data_path|two_port_ram:color_matrix|Decoder0~536 ; Unassigned ; 3       ; Clock enable ; no     ; --                   ; --               ; --                        ;
; led_matrix_data_path:data_path|two_port_ram:color_matrix|Decoder0~537 ; Unassigned ; 3       ; Clock enable ; no     ; --                   ; --               ; --                        ;
; led_matrix_data_path:data_path|two_port_ram:color_matrix|Decoder0~538 ; Unassigned ; 3       ; Clock enable ; no     ; --                   ; --               ; --                        ;
; led_matrix_data_path:data_path|two_port_ram:color_matrix|Decoder0~539 ; Unassigned ; 3       ; Clock enable ; no     ; --                   ; --               ; --                        ;
; led_matrix_data_path:data_path|two_port_ram:color_matrix|Decoder0~54  ; Unassigned ; 3       ; Clock enable ; no     ; --                   ; --               ; --                        ;
; led_matrix_data_path:data_path|two_port_ram:color_matrix|Decoder0~540 ; Unassigned ; 3       ; Clock enable ; no     ; --                   ; --               ; --                        ;
; led_matrix_data_path:data_path|two_port_ram:color_matrix|Decoder0~541 ; Unassigned ; 3       ; Clock enable ; no     ; --                   ; --               ; --                        ;
; led_matrix_data_path:data_path|two_port_ram:color_matrix|Decoder0~542 ; Unassigned ; 3       ; Clock enable ; no     ; --                   ; --               ; --                        ;
; led_matrix_data_path:data_path|two_port_ram:color_matrix|Decoder0~543 ; Unassigned ; 3       ; Clock enable ; no     ; --                   ; --               ; --                        ;
; led_matrix_data_path:data_path|two_port_ram:color_matrix|Decoder0~544 ; Unassigned ; 3       ; Clock enable ; no     ; --                   ; --               ; --                        ;
; led_matrix_data_path:data_path|two_port_ram:color_matrix|Decoder0~545 ; Unassigned ; 3       ; Clock enable ; no     ; --                   ; --               ; --                        ;
; led_matrix_data_path:data_path|two_port_ram:color_matrix|Decoder0~546 ; Unassigned ; 3       ; Clock enable ; no     ; --                   ; --               ; --                        ;
; led_matrix_data_path:data_path|two_port_ram:color_matrix|Decoder0~547 ; Unassigned ; 3       ; Clock enable ; no     ; --                   ; --               ; --                        ;
; led_matrix_data_path:data_path|two_port_ram:color_matrix|Decoder0~548 ; Unassigned ; 3       ; Clock enable ; no     ; --                   ; --               ; --                        ;
; led_matrix_data_path:data_path|two_port_ram:color_matrix|Decoder0~549 ; Unassigned ; 3       ; Clock enable ; no     ; --                   ; --               ; --                        ;
; led_matrix_data_path:data_path|two_port_ram:color_matrix|Decoder0~550 ; Unassigned ; 3       ; Clock enable ; no     ; --                   ; --               ; --                        ;
; led_matrix_data_path:data_path|two_port_ram:color_matrix|Decoder0~551 ; Unassigned ; 3       ; Clock enable ; no     ; --                   ; --               ; --                        ;
; led_matrix_data_path:data_path|two_port_ram:color_matrix|Decoder0~552 ; Unassigned ; 3       ; Clock enable ; no     ; --                   ; --               ; --                        ;
; led_matrix_data_path:data_path|two_port_ram:color_matrix|Decoder0~553 ; Unassigned ; 3       ; Clock enable ; no     ; --                   ; --               ; --                        ;
; led_matrix_data_path:data_path|two_port_ram:color_matrix|Decoder0~554 ; Unassigned ; 3       ; Clock enable ; no     ; --                   ; --               ; --                        ;
; led_matrix_data_path:data_path|two_port_ram:color_matrix|Decoder0~555 ; Unassigned ; 3       ; Clock enable ; no     ; --                   ; --               ; --                        ;
; led_matrix_data_path:data_path|two_port_ram:color_matrix|Decoder0~556 ; Unassigned ; 3       ; Clock enable ; no     ; --                   ; --               ; --                        ;
; led_matrix_data_path:data_path|two_port_ram:color_matrix|Decoder0~557 ; Unassigned ; 3       ; Clock enable ; no     ; --                   ; --               ; --                        ;
; led_matrix_data_path:data_path|two_port_ram:color_matrix|Decoder0~558 ; Unassigned ; 3       ; Clock enable ; no     ; --                   ; --               ; --                        ;
; led_matrix_data_path:data_path|two_port_ram:color_matrix|Decoder0~559 ; Unassigned ; 3       ; Clock enable ; no     ; --                   ; --               ; --                        ;
; led_matrix_data_path:data_path|two_port_ram:color_matrix|Decoder0~56  ; Unassigned ; 3       ; Clock enable ; no     ; --                   ; --               ; --                        ;
; led_matrix_data_path:data_path|two_port_ram:color_matrix|Decoder0~58  ; Unassigned ; 3       ; Clock enable ; no     ; --                   ; --               ; --                        ;
; led_matrix_data_path:data_path|two_port_ram:color_matrix|Decoder0~6   ; Unassigned ; 3       ; Clock enable ; no     ; --                   ; --               ; --                        ;
; led_matrix_data_path:data_path|two_port_ram:color_matrix|Decoder0~60  ; Unassigned ; 3       ; Clock enable ; no     ; --                   ; --               ; --                        ;
; led_matrix_data_path:data_path|two_port_ram:color_matrix|Decoder0~62  ; Unassigned ; 3       ; Clock enable ; no     ; --                   ; --               ; --                        ;
; led_matrix_data_path:data_path|two_port_ram:color_matrix|Decoder0~64  ; Unassigned ; 3       ; Clock enable ; no     ; --                   ; --               ; --                        ;
; led_matrix_data_path:data_path|two_port_ram:color_matrix|Decoder0~66  ; Unassigned ; 3       ; Clock enable ; no     ; --                   ; --               ; --                        ;
; led_matrix_data_path:data_path|two_port_ram:color_matrix|Decoder0~67  ; Unassigned ; 3       ; Clock enable ; no     ; --                   ; --               ; --                        ;
; led_matrix_data_path:data_path|two_port_ram:color_matrix|Decoder0~68  ; Unassigned ; 3       ; Clock enable ; no     ; --                   ; --               ; --                        ;
; led_matrix_data_path:data_path|two_port_ram:color_matrix|Decoder0~69  ; Unassigned ; 3       ; Clock enable ; no     ; --                   ; --               ; --                        ;
; led_matrix_data_path:data_path|two_port_ram:color_matrix|Decoder0~70  ; Unassigned ; 3       ; Clock enable ; no     ; --                   ; --               ; --                        ;
; led_matrix_data_path:data_path|two_port_ram:color_matrix|Decoder0~71  ; Unassigned ; 3       ; Clock enable ; no     ; --                   ; --               ; --                        ;
; led_matrix_data_path:data_path|two_port_ram:color_matrix|Decoder0~72  ; Unassigned ; 3       ; Clock enable ; no     ; --                   ; --               ; --                        ;
; led_matrix_data_path:data_path|two_port_ram:color_matrix|Decoder0~73  ; Unassigned ; 3       ; Clock enable ; no     ; --                   ; --               ; --                        ;
; led_matrix_data_path:data_path|two_port_ram:color_matrix|Decoder0~74  ; Unassigned ; 3       ; Clock enable ; no     ; --                   ; --               ; --                        ;
; led_matrix_data_path:data_path|two_port_ram:color_matrix|Decoder0~75  ; Unassigned ; 3       ; Clock enable ; no     ; --                   ; --               ; --                        ;
; led_matrix_data_path:data_path|two_port_ram:color_matrix|Decoder0~76  ; Unassigned ; 3       ; Clock enable ; no     ; --                   ; --               ; --                        ;
; led_matrix_data_path:data_path|two_port_ram:color_matrix|Decoder0~77  ; Unassigned ; 3       ; Clock enable ; no     ; --                   ; --               ; --                        ;
; led_matrix_data_path:data_path|two_port_ram:color_matrix|Decoder0~78  ; Unassigned ; 3       ; Clock enable ; no     ; --                   ; --               ; --                        ;
; led_matrix_data_path:data_path|two_port_ram:color_matrix|Decoder0~79  ; Unassigned ; 3       ; Clock enable ; no     ; --                   ; --               ; --                        ;
; led_matrix_data_path:data_path|two_port_ram:color_matrix|Decoder0~8   ; Unassigned ; 3       ; Clock enable ; no     ; --                   ; --               ; --                        ;
; led_matrix_data_path:data_path|two_port_ram:color_matrix|Decoder0~80  ; Unassigned ; 3       ; Clock enable ; no     ; --                   ; --               ; --                        ;
; led_matrix_data_path:data_path|two_port_ram:color_matrix|Decoder0~81  ; Unassigned ; 3       ; Clock enable ; no     ; --                   ; --               ; --                        ;
; led_matrix_data_path:data_path|two_port_ram:color_matrix|Decoder0~82  ; Unassigned ; 3       ; Clock enable ; no     ; --                   ; --               ; --                        ;
; led_matrix_data_path:data_path|two_port_ram:color_matrix|Decoder0~83  ; Unassigned ; 3       ; Clock enable ; no     ; --                   ; --               ; --                        ;
; led_matrix_data_path:data_path|two_port_ram:color_matrix|Decoder0~84  ; Unassigned ; 3       ; Clock enable ; no     ; --                   ; --               ; --                        ;
; led_matrix_data_path:data_path|two_port_ram:color_matrix|Decoder0~85  ; Unassigned ; 3       ; Clock enable ; no     ; --                   ; --               ; --                        ;
; led_matrix_data_path:data_path|two_port_ram:color_matrix|Decoder0~86  ; Unassigned ; 3       ; Clock enable ; no     ; --                   ; --               ; --                        ;
; led_matrix_data_path:data_path|two_port_ram:color_matrix|Decoder0~87  ; Unassigned ; 3       ; Clock enable ; no     ; --                   ; --               ; --                        ;
; led_matrix_data_path:data_path|two_port_ram:color_matrix|Decoder0~88  ; Unassigned ; 3       ; Clock enable ; no     ; --                   ; --               ; --                        ;
; led_matrix_data_path:data_path|two_port_ram:color_matrix|Decoder0~89  ; Unassigned ; 3       ; Clock enable ; no     ; --                   ; --               ; --                        ;
; led_matrix_data_path:data_path|two_port_ram:color_matrix|Decoder0~90  ; Unassigned ; 3       ; Clock enable ; no     ; --                   ; --               ; --                        ;
; led_matrix_data_path:data_path|two_port_ram:color_matrix|Decoder0~91  ; Unassigned ; 3       ; Clock enable ; no     ; --                   ; --               ; --                        ;
; led_matrix_data_path:data_path|two_port_ram:color_matrix|Decoder0~92  ; Unassigned ; 3       ; Clock enable ; no     ; --                   ; --               ; --                        ;
; led_matrix_data_path:data_path|two_port_ram:color_matrix|Decoder0~93  ; Unassigned ; 3       ; Clock enable ; no     ; --                   ; --               ; --                        ;
; led_matrix_data_path:data_path|two_port_ram:color_matrix|Decoder0~94  ; Unassigned ; 3       ; Clock enable ; no     ; --                   ; --               ; --                        ;
; led_matrix_data_path:data_path|two_port_ram:color_matrix|Decoder0~95  ; Unassigned ; 3       ; Clock enable ; no     ; --                   ; --               ; --                        ;
; led_matrix_data_path:data_path|two_port_ram:color_matrix|Decoder0~96  ; Unassigned ; 3       ; Clock enable ; no     ; --                   ; --               ; --                        ;
; led_matrix_data_path:data_path|two_port_ram:color_matrix|Decoder0~97  ; Unassigned ; 3       ; Clock enable ; no     ; --                   ; --               ; --                        ;
; led_matrix_data_path:data_path|two_port_ram:color_matrix|Decoder0~99  ; Unassigned ; 3       ; Clock enable ; no     ; --                   ; --               ; --                        ;
; s1                                                                    ; Unassigned ; 1548    ; Async. clear ; no     ; --                   ; --               ; --                        ;
; s2                                                                    ; Unassigned ; 3       ; Clock enable ; no     ; --                   ; --               ; --                        ;
+-----------------------------------------------------------------------+------------+---------+--------------+--------+----------------------+------------------+---------------------------+


+--------------------------------------------------------+
; Non-Global High Fan-Out Signals                        ;
+----------------------------------------------+---------+
; Name                                         ; Fan-Out ;
+----------------------------------------------+---------+
; counter[2]                                   ; 3196    ;
; s1~input                                     ; 1548    ;
; etch_a_sketch:game_logic|draw_colour.001     ; 513     ;
; etch_a_sketch:game_logic|draw_colour.010     ; 513     ;
; etch_a_sketch:game_logic|draw_colour.100     ; 513     ;
; led_matrix_data_path:data_path|write_data[0] ; 512     ;
; led_matrix_data_path:data_path|write_data[1] ; 512     ;
; led_matrix_data_path:data_path|write_data[2] ; 512     ;
+----------------------------------------------+---------+


+------------------------------------------------------------------------------------------------+
; Fitter Device Options                                                                          ;
+------------------------------------------------------------------+-----------------------------+
; Option                                                           ; Setting                     ;
+------------------------------------------------------------------+-----------------------------+
; Enable user-supplied start-up clock (CLKUSR)                     ; Off                         ;
; Enable device-wide reset (DEV_CLRn)                              ; Off                         ;
; Enable device-wide output enable (DEV_OE)                        ; Off                         ;
; Enable INIT_DONE output                                          ; Off                         ;
; Configuration scheme                                             ; Passive Serial              ;
; Enable Error Detection CRC_ERROR pin                             ; Off                         ;
; Enable CvP_CONFDONE pin                                          ; Off                         ;
; Enable open drain on CRC_ERROR pin                               ; On                          ;
; Enable open drain on CvP_CONFDONE pin                            ; On                          ;
; Enable open drain on INIT_DONE pin                               ; On                          ;
; Enable open drain on Partial Reconfiguration pins                ; Off                         ;
; Enable open drain on nCEO pin                                    ; On                          ;
; Enable Partial Reconfiguration pins                              ; Off                         ;
; Enable input tri-state on active configuration pins in user mode ; Off                         ;
; Enable internal scrubbing                                        ; Off                         ;
; Active Serial clock source                                       ; 100 MHz Internal Oscillator ;
; Device initialization clock source                               ; Internal Oscillator         ;
; Configuration via Protocol                                       ; Off                         ;
; Configuration Voltage Level                                      ; Auto                        ;
; Force Configuration Voltage Level                                ; Off                         ;
; Enable nCEO output                                               ; Off                         ;
; Data[15..8]                                                      ; Unreserved                  ;
; Data[7..5]                                                       ; Unreserved                  ;
; Base pin-out file on sameframe device                            ; Off                         ;
+------------------------------------------------------------------+-----------------------------+


+------------------------------------+
; Operating Settings and Conditions  ;
+---------------------------+--------+
; Setting                   ; Value  ;
+---------------------------+--------+
; Nominal Core Voltage      ; 1.10 V ;
; Low Junction Temperature  ; 0 °C   ;
; High Junction Temperature ; 85 °C  ;
+---------------------------+--------+


+-----------------+
; Fitter Messages ;
+-----------------+
Warning (18236): Number of processors has not been specified which may cause overloading on shared machines.  Set the global assignment NUM_PARALLEL_PROCESSORS in your QSF to an appropriate value for best performance.
Info (20030): Parallel compilation is enabled and will use 10 of the 10 processors detected
Info (119006): Selected device 5CGXFC7C7F23C8 for design "top_level_matrix"
Info (21076): High junction temperature operating condition is not set. Assuming a default value of '85'.
Info (21076): Low junction temperature operating condition is not set. Assuming a default value of '0'.
Info (171003): Fitter is performing an Auto Fit compilation, which may decrease Fitter effort to reduce compilation time
Warning (292013): Feature LogicLock is only available with a valid subscription license. You can purchase a software subscription to gain full access to this feature.
Error (171016): Can't place node "CLK" -- illegal location assignment PIN_V11 File: C:/Users/teylo/Documents/GitHub/Tetris_LED_Matrix_FPGA/Quartus2/top_level_matrix.sv Line: 6
Error (171016): Can't place node "s1" -- illegal location assignment PIN_AH23 File: C:/Users/teylo/Documents/GitHub/Tetris_LED_Matrix_FPGA/Quartus2/top_level_matrix.sv Line: 21
Error (171016): Can't place node "s2" -- illegal location assignment PIN_AE19 File: C:/Users/teylo/Documents/GitHub/Tetris_LED_Matrix_FPGA/Quartus2/top_level_matrix.sv Line: 23
Error (171016): Can't place node "enc1_a" -- illegal location assignment PIN_AC22 File: C:/Users/teylo/Documents/GitHub/Tetris_LED_Matrix_FPGA/Quartus2/top_level_matrix.sv Line: 18
Error (171016): Can't place node "enc1_b" -- illegal location assignment PIN_AE23 File: C:/Users/teylo/Documents/GitHub/Tetris_LED_Matrix_FPGA/Quartus2/top_level_matrix.sv Line: 18
Error (171016): Can't place node "enc2_a" -- illegal location assignment PIN_AH27 File: C:/Users/teylo/Documents/GitHub/Tetris_LED_Matrix_FPGA/Quartus2/top_level_matrix.sv Line: 20
Error (171016): Can't place node "enc2_b" -- illegal location assignment PIN_AG28 File: C:/Users/teylo/Documents/GitHub/Tetris_LED_Matrix_FPGA/Quartus2/top_level_matrix.sv Line: 20
Info (11798): Fitter preparation operations ending: elapsed time is 00:00:00
Warning (171167): Found invalid Fitter assignments. See the Ignored Assignments panel in the Fitter Compilation Report for more information.
Error (11802): Can't fit design in device. Modify your design to reduce resources, or choose a larger device. The Intel FPGA Knowledge Database contains many articles with specific details on how to resolve this error. Visit the Knowledge Database at https://www.altera.com/support/support-resources/knowledge-base/search.html and search for this specific error message number.
Error: Quartus Prime Fitter was unsuccessful. 8 errors, 3 warnings
    Error: Peak virtual memory: 5112 megabytes
    Error: Processing ended: Tue Apr 01 11:07:23 2025
    Error: Elapsed time: 00:00:02
    Error: Total CPU time (on all processors): 00:00:01


